ACCNUM,ACCLASS,INVOLVED,MOTIVE,X,Y,LATITUDE,LONGITUDE,DATE_TIME,SEASON,YEAR,MONTH,MONTH_NAME,DAY_NAME,HOUR,HOUR_INTERVAL,ROAD_CLASS,ACCLOC,TRAFFCTL,VISIBILITY,LIGHT,RDSFCOND,IMPACTYPE,DISTRICT,NEIGHBOURHOOD,HOOD_ID,LOCCOORD,PEOPLE_COUNT,FATAL_INJURY_COUNT,MAJOR_INJURY_COUNT,MINOR_INJURY_COUNT,NO_INJURY_COUNT,NULL_INJURY_COUNT,DRIVERS_COUNT,PEDESTRIAN_COUNT,PASSENGER_COUNT,CYCLIST_COUNT,OTHER_INVTYPE_COUNT,NULL_INVTYPE_COUNT,PEOPLE_VEH_COUNT,AUTOMOBILE_VEH_COUNT,RECREATIONAL_VEH_COUNT,OTHER_VEH_COUNT,NULL_VEH_COUNT
918634,Non-Fatal Injury,Automobile,Not Recorded,-8824205.86639525,5436339.93078968,43.811645,-79.26919000000001,2006-08-15 15:19:00,Summer,2006,8,August,Tuesday,15,15:00 to 15:59,Major Arterial,At Intersection,Traffic Signal,Clear,Daylight,Dry,Turning Movement,Scarborough,Agincourt North (129),129,Intersection,3,0,1,0,2,0,3,0,0,0,0,0,0,3,0,0,0
918693,Non-Fatal Injury,"Automobile, City Vehicle","Red Light Related  Collision, Aggressive and Distracted Driving Collision",-8834758.95412246,5412136.93747071,43.654545,-79.36399,2006-07-22 06:40:00,Summer,2006,7,July,Saturday,06,06:00 to 06:59,Major Arterial,At Intersection,Traffic Signal,Clear,Daylight,Dry,Angle,Toronto and East York,Moss Park (73),73,Intersection,3,0,1,0,2,0,2,0,0,0,1,0,0,1,0,1,0
918775,Non-Fatal Injury,Automobile,Not Recorded,-8847794.46649435,5432175.75977947,43.784645000000005,-79.48109000000001,2006-07-24 14:28:00,Summer,2006,7,July,Monday,14,14:00 to 14:59,Major Arterial,At Intersection,Traffic Signal,Clear,Daylight,Dry,Sideswipe,North York,York University Heights (27),27,Intersection,6,0,1,1,2,2,3,0,1,0,2,0,0,3,0,0,0
919141,Non-Fatal Injury,"Pedestrian, Automobile",Not Recorded,-8834547.44708995,5412213.86742431,43.655045,-79.36209000000001,2006-08-17 18:28:00,Summer,2006,8,August,Thursday,18,18:00 to 18:59,Major Arterial,<Null>,No Control,Clear,Dark,Dry,Pedestrian Collisions,Toronto and East York,Moss Park (73),73,Mid-Block,3,0,1,0,2,0,1,1,0,0,1,0,0,1,0,0,0
919231,Non-Fatal Injury,Automobile,Alcohol  Related Collision,-8831831.25151459,5419170.98352598,43.700245,-79.33769000000001,2006-07-24 23:48:00,Summer,2006,7,July,Monday,23,23:00 to 23:59,Major Arterial,<Null>,No Control,Clear,Dark,Dry,Approaching,Toronto and East York,Old East York (58),58,Mid-Block,4,0,1,1,2,0,2,0,1,0,1,0,0,2,0,0,0
919330,Fatal,Automobile,Not Recorded,-8821378.35132911,5431481.91416166,43.780145000000005,-79.24379,2006-08-18 21:00:00,Summer,2006,8,August,Friday,21,21:00 to 21:59,Minor Arterial,At Intersection,Traffic Signal,Clear,Dark,Dry,Turning Movement,Scarborough,Woburn (137),137,Intersection,5,1,0,3,0,1,2,0,2,0,1,0,0,2,0,0,0
919331,Non-Fatal Injury,"Pedestrian, Automobile",Aggressive and Distracted Driving Collision,-8841571.706959,5429184.88687044,43.765245,-79.42519,2006-06-30 12:08:00,Summer,2006,6,June,Friday,12,12:00 to 12:59,Minor Arterial,<Null>,No Control,Clear,Daylight,Dry,Pedestrian Collisions,North York,Lansing-Westgate (38),38,Mid-Block,3,0,1,0,2,0,1,1,0,0,1,0,0,1,0,0,0
919332,Fatal,Automobile,Not Recorded,-8818584.23211019,5429893.97517089,43.769845000000004,-79.21869000000001,2006-08-18 16:39:00,Summer,2006,8,August,Friday,16,16:00 to 16:59,Minor Arterial,<Null>,Traffic Signal,Clear,Daylight,Dry,Approaching,Scarborough,Morningside (135),135,Intersection,11,1,0,1,6,3,4,0,4,0,3,0,0,4,0,0,0
919514,Non-Fatal Injury,Automobile,Not Recorded,-8854974.57365051,5422420.45941981,43.721345,-79.54559,2006-07-26 21:35:00,Summer,2006,7,July,Wednesday,21,21:00 to 21:59,Major Arterial,At Intersection,Traffic Signal,Rain,Dark,Wet,Angle,Etobicoke York,Elms-Old Rexdale (5),5,Intersection,4,0,1,2,1,0,2,0,1,0,1,0,0,2,0,0,0
919516,Fatal,"Pedestrian, Automobile",Aggressive and Distracted Driving Collision,-8830996.35533364,5413475.61006801,43.663245,-79.33019,2006-08-19 23:45:00,Summer,2006,8,August,Saturday,23,23:00 to 23:59,Minor Arterial,At Intersection,Traffic Signal,Clear,Dark,Dry,Pedestrian Collisions,Toronto and East York,South Riverdale (70),70,Intersection,2,1,0,0,1,0,1,1,0,0,0,0,0,1,0,0,0
919517,Non-Fatal Injury,"Pedestrian, Automobile",Not Recorded,-8831285.78600971,5422543.68481098,43.722145000000005,-79.33279,2006-08-21 10:40:00,Summer,2006,8,August,Monday,10,10:00 to 10:59,Major Arterial,<Null>,No Control,Clear,Daylight,Other,Pedestrian Collisions,North York,Flemingdon Park (44),44,Mid-Block,2,0,1,0,1,0,1,1,0,0,0,0,0,1,0,0,0
919520,Non-Fatal Injury,"Pedestrian, Automobile",Aggressive and Distracted Driving Collision,-8823048.143691,5432946.76061544,43.789645,-79.25879,2006-08-21 11:42:00,Summer,2006,8,August,Monday,11,11:00 to 11:59,Major Arterial,At Intersection,Traffic Signal,Clear,Daylight,Dry,Pedestrian Collisions,Scarborough,Agincourt South-Malvern West (128),128,Intersection,3,0,1,0,2,0,1,1,1,0,0,0,0,1,0,0,0
919534,Non-Fatal Injury,"Cyclist, Automobile",Aggressive and Distracted Driving Collision,-8833968.58573782,5429724.405616299,43.768745,-79.35689,2006-05-17 12:15:00,Spring,2006,5,May,Wednesday,12,12:00 to 12:59,Local,<Null>,No Control,Clear,Daylight,Dry,Cyclist Collisions,North York,Henry Farm (53),53,Mid-Block,2,0,1,0,1,0,1,0,0,1,0,0,1,1,0,0,0
919596,Non-Fatal Injury,Automobile,Not Recorded,-8840703.41493081,5419555.932784299,43.702745,-79.41739,2006-07-14 16:00:00,Summer,2006,7,July,Friday,16,16:00 to 16:59,Major Arterial,At Intersection,Traffic Signal,Clear,Daylight,Dry,Turning Movement,North York,Forest Hill North (102),102,Intersection,3,0,1,0,2,0,2,0,1,0,0,0,0,2,0,0,0
919641,Fatal,"Pedestrian, Automobile",Not Recorded,-8829081.660092,5428121.35664981,43.758345,-79.31299,2006-08-19 13:35:00,Summer,2006,8,August,Saturday,13,13:00 to 13:59,Major Arterial,<Null>,No Control,Clear,Daylight,Dry,Pedestrian Collisions,Scarborough,Wexford/Maryvale (119),119,Intersection,2,1,0,0,1,0,1,1,0,0,0,0,0,1,0,0,0
919681,Non-Fatal Injury,"Automobile, Motorcycle",Not Recorded,-8844421.48592331,5418585.89139345,43.696445000000004,-79.45079,2006-08-22 20:04:00,Summer,2006,8,August,Tuesday,20,20:00 to 20:59,Major Arterial,At Intersection,Stop Sign,Clear,Daylight,Dry,Turning Movement,North York,Briar Hill-Belgravia (108),108,Intersection,2,0,1,0,1,0,2,0,0,0,0,0,0,1,1,0,0
919684,Non-Fatal Injury,"Pedestrian, Automobile",Aggressive and Distracted Driving Collision,-8820075.91328682,5425332.09918416,43.740245,-79.23209,2006-08-22 20:46:00,Summer,2006,8,August,Tuesday,20,20:00 to 20:59,Major Arterial,At Intersection,Traffic Signal,Clear,Dark,Dry,Pedestrian Collisions,Scarborough,Eglinton East (138),138,Intersection,9,0,1,3,5,0,4,1,1,0,3,0,0,4,0,0,0
919835,Non-Fatal Injury,"Cyclist, Automobile",Aggressive and Distracted Driving Collision,-8851200.84291262,5404062.85368511,43.602045000000004,-79.51169,2006-07-28 16:10:00,Summer,2006,7,July,Friday,16,16:00 to 16:59,Collector,<Null>,No Control,Clear,Daylight,Dry,Cyclist Collisions,Etobicoke York,New Toronto (18),18,Mid-Block,3,0,1,0,1,1,1,0,0,1,1,0,1,1,0,0,0
920182,Non-Fatal Injury,"Pedestrian, Automobile",Aggressive and Distracted Driving Collision,-8847171.07734591,5411629.2158405995,43.651245,-79.47549000000001,2006-07-31 14:40:00,Summer,2006,7,July,Monday,14,14:00 to 14:59,Major Arterial,<Null>,No Control,Clear,Daylight,Dry,Pedestrian Collisions,Toronto and East York,High Park-Swansea (87),87,Intersection,3,0,1,0,1,1,1,1,0,0,1,0,0,1,0,0,0
920271,Non-Fatal Injury,Automobile,Aggressive and Distracted Driving Collision,-8841861.13763507,5408860.31607849,43.633245,-79.42779,2006-08-23 09:54:00,Summer,2006,8,August,Wednesday,09,09:00 to 09:59,<Null>,<Null>,No Control,Clear,Daylight,Dry,SMV Other,Toronto and East York,Niagara (82),82,Exit Ramp Westbound,4,0,1,1,2,0,2,0,1,0,1,0,0,2,0,0,0
920315,Non-Fatal Injury,Cyclist,Not Recorded,-8836573.46182239,5411229.21238631,43.648645,-79.38029,2006-07-31 16:59:00,Summer,2006,7,July,Monday,16,16:00 to 16:59,Major Arterial,<Null>,Traffic Signal,Clear,Daylight,Dry,Cyclist Collisions,Toronto and East York,Bay Street Corridor (76),76,Intersection,1,0,1,0,0,0,0,0,0,1,0,0,1,0,0,0,0
920395,Non-Fatal Injury,"Pedestrian, Automobile",Not Recorded,-8824873.78334001,5439333.12716755,43.831045,-79.27519000000001,2006-08-24 21:30:00,Summer,2006,8,August,Thursday,21,21:00 to 21:59,Major Arterial,At Intersection,Traffic Signal,Clear,Dark,Dry,Pedestrian Collisions,Scarborough,Milliken (130),130,Intersection,2,0,1,0,1,0,1,1,0,0,0,0,0,1,0,0,0
920424,Non-Fatal Injury,"Pedestrian, Automobile",Aggressive and Distracted Driving Collision,-8839690.407564599,5428691.64021183,43.762045,-79.40829000000001,2006-08-03 18:31:00,Summer,2006,8,August,Thursday,18,18:00 to 18:59,Major Arterial,<Null>,Traffic Signal,Clear,Daylight,Dry,Pedestrian Collisions,North York,Willowdale East (51),51,Intersection,4,0,1,0,3,0,3,1,0,0,0,0,0,3,0,0,0
920502,Fatal,Automobile,Aggressive and Distracted Driving Collision,-8834369.33590468,5427643.5786532005,43.755245,-79.36049,2006-08-25 23:30:00,Summer,2006,8,August,Friday,23,23:00 to 23:59,Major Arterial,<Null>,No Control,Rain,Dark,Wet,Turning Movement,North York,St.Andrew-Windfields (40),40,Mid-Block,3,1,0,1,0,1,2,0,0,0,1,0,0,2,0,0,0
920690,Fatal,Motorcycle,Not Recorded,-8839200.60180511,5409583.22655009,43.637945,-79.40389,2006-08-27 19:28:00,Summer,2006,8,August,Sunday,19,19:00 to 19:59,<Null>,<Null>,No Control,Clear,Daylight,Dry,SMV Other,Toronto and East York,Niagara (82),82,Mid-Block,2,1,0,0,1,0,1,0,0,0,1,0,0,0,1,0,0
920756,Non-Fatal Injury,"Cyclist, Automobile",Aggressive and Distracted Driving Collision,-8858291.89447615,5423853.05622682,43.730645,-79.57539,2006-08-01 18:38:00,Summer,2006,8,August,Tuesday,18,18:00 to 18:59,Local,At Intersection,No Control,Clear,Daylight,Dry,Cyclist Collisions,Etobicoke York,Rexdale-Kipling (4),4,Mid-Block,2,0,1,0,1,0,1,0,0,1,0,0,1,1,0,0,0
920927,Non-Fatal Injury,"Pedestrian, Automobile",Aggressive and Distracted Driving Collision,-8837853.63596651,5410844.61000874,43.646145000000004,-79.39179,2006-08-07 23:30:00,Summer,2006,8,August,Monday,23,23:00 to 23:59,Major Arterial,<Null>,No Control,Clear,Dark,Dry,Pedestrian Collisions,Toronto and East York,Waterfront Communities-The Island (77),77,Mid-Block,2,0,1,0,1,0,1,1,0,0,0,0,0,1,0,0,0
920995,Non-Fatal Injury,Automobile,Aggressive and Distracted Driving Collision,-8837820.24011927,5410859.99379651,43.646245,-79.39149,2006-08-05 03:30:00,Summer,2006,8,August,Saturday,03,03:00 to 03:59,Major Arterial,<Null>,No Control,Clear,Dark,Dry,SMV Unattended Vehicle,Toronto and East York,Waterfront Communities-The Island (77),77,Mid-Block,6,0,1,1,4,0,1,0,1,0,4,0,0,1,0,0,0
920998,Non-Fatal Injury,"Pedestrian, Automobile",Not Recorded,-8857824.35261482,5422389.65332911,43.721145,-79.57119,2006-08-08 09:16:00,Summer,2006,8,August,Tuesday,09,09:00 to 09:59,Major Arterial,<Null>,No Control,Clear,Daylight,Dry,Pedestrian Collisions,Etobicoke York,Rexdale-Kipling (4),4,Mid-Block,2,0,1,0,1,0,1,1,0,0,0,0,0,1,0,0,0
921084,Non-Fatal Injury,"Pedestrian, Automobile",Not Recorded,-8848618.23072622,5427350.75921154,43.753345,-79.48849,2006-08-29 09:21:00,Summer,2006,8,August,Tuesday,09,09:00 to 09:59,Major Arterial,<Null>,No Control,Clear,Daylight,Dry,Pedestrian Collisions,Etobicoke York,York University Heights (27),27,Mid-Block,2,0,1,0,1,0,1,1,0,0,0,0,0,1,0,0,0
921174,Non-Fatal Injury,"Cyclist, Automobile",Aggressive and Distracted Driving Collision,-8834202.35666849,5435923.42899754,43.808945,-79.35899,2006-08-10 18:26:00,Summer,2006,8,August,Thursday,18,18:00 to 18:59,Major Arterial,At Intersection,Stop Sign,Clear,Daylight,Dry,Cyclist Collisions,North York,Hillcrest Village (48),48,Intersection,2,0,1,0,1,0,1,0,0,1,0,0,1,1,0,0,0
921181,Non-Fatal Injury,"Cyclist, Automobile",Not Recorded,-8819307.80880035,5423991.70643213,43.731545000000004,-79.22519,2006-08-10 18:36:00,Summer,2006,8,August,Thursday,18,18:00 to 18:59,Major Arterial,<Null>,No Control,Clear,Daylight,Dry,Cyclist Collisions,Scarborough,Scarborough Village (139),139,Mid-Block,2,0,1,0,1,0,1,0,0,1,0,0,1,1,0,0,0
921192,Non-Fatal Injury,Automobile,Aggressive and Distracted Driving Collision,-8839222.86570327,5419124.79069365,43.699945,-79.40409,2006-08-09 18:25:00,Summer,2006,8,August,Wednesday,18,18:00 to 18:59,Minor Arterial,At Intersection,Stop Sign,Clear,Daylight,Dry,Angle,Toronto and East York,Yonge-Eglinton (100),100,Intersection,3,0,1,0,2,0,2,0,0,0,1,0,0,2,0,0,0
921246,Non-Fatal Injury,"Pedestrian, Automobile",Not Recorded,-8836651.38546594,5413860.32198345,43.665745,-79.38099,2006-08-12 02:36:00,Summer,2006,8,August,Saturday,02,02:00 to 02:59,Minor Arterial,At Intersection,Traffic Signal,Clear,Dark,Dry,Pedestrian Collisions,Toronto and East York,Church-Yonge Corridor (75),75,Intersection,2,0,1,0,1,0,1,1,0,0,0,0,0,1,0,0,0
921668,Non-Fatal Injury,"Cyclist, Truck",Not Recorded,-8835371.21132182,5412136.93747071,43.654545,-79.36949,2006-08-15 15:50:00,Summer,2006,8,August,Tuesday,15,15:00 to 15:59,Major Arterial,At Intersection,Traffic Signal,Clear,Daylight,Dry,Cyclist Collisions,Toronto and East York,Moss Park (73),73,Intersection,3,0,1,0,1,1,1,0,0,1,1,0,1,0,0,1,0
921907,Non-Fatal Injury,Automobile,"Speeding  Related Collision, Aggressive and Distracted Driving Collision",-8835883.28097947,5411321.51933888,43.649245,-79.37409,2006-09-02 03:15:00,Summer,2006,9,September,Saturday,03,03:00 to 03:59,Minor Arterial,At Intersection,Stop Sign,Clear,Dark,Dry,SMV Other,Toronto and East York,Church-Yonge Corridor (75),75,Intersection,4,0,1,2,1,0,1,0,2,0,1,0,0,1,0,0,0
921910,Non-Fatal Injury,Automobile,Medical or Physical Disability Related Collision,-8859171.31845342,5412967.81486963,43.659945,-79.58329,2006-09-02 12:55:00,Summer,2006,9,September,Saturday,12,12:00 to 12:59,Minor Arterial,At Intersection,Traffic Signal,Rain,Daylight,Wet,Rear End,Etobicoke York,Eringate-Centennial-West Deane (11),11,Intersection,3,0,1,1,1,0,2,0,0,0,1,0,0,2,0,0,0
922297,Non-Fatal Injury,Pedestrian,Not Recorded,-8838154.19859165,5411306.13478275,43.649145000000004,-79.39449,2006-08-17 21:44:00,Summer,2006,8,August,Thursday,21,21:00 to 21:59,Major Arterial,<Null>,No Control,Clear,Dark,Dry,Pedestrian Collisions,Toronto and East York,Waterfront Communities-The Island (77),77,Mid-Block,3,0,1,0,1,1,1,1,0,0,1,0,0,0,0,1,0
922379,Non-Fatal Injury,Automobile,Aggressive and Distracted Driving Collision,-8844399.22202515,5415491.67851946,43.676345,-79.45059,2006-09-05 11:15:00,Summer,2006,9,September,Tuesday,11,11:00 to 11:59,Major Arterial,At Intersection,Traffic Signal,Clear,Daylight,Dry,Approaching,Toronto and East York,Corso Italia-Davenport (92),92,Intersection,5,0,1,1,3,0,3,0,1,0,1,0,0,3,0,0,0
922598,Non-Fatal Injury,Automobile,Not Recorded,-8833656.8911636,5434488.95580695,43.799645,-79.35409,2006-07-30 14:35:00,Summer,2006,7,July,Sunday,14,14:00 to 14:59,Major Arterial,At Intersection,Traffic Signal,Clear,Daylight,Dry,Turning Movement,North York,Hillcrest Village (48),48,Intersection,5,0,1,1,3,0,2,0,1,0,2,0,0,2,0,0,0
922700,Non-Fatal Injury,Automobile,Not Recorded,-8822202.11556097,5440181.89077369,43.836545,-79.25119000000001,2006-08-15 14:05:00,Summer,2006,8,August,Tuesday,14,14:00 to 14:59,Major Arterial,<Null>,Traffic Signal,Clear,Daylight,Dry,Turning Movement,Scarborough,Rouge (131),131,Intersection,3,0,1,1,1,0,2,0,0,0,1,0,0,2,0,0,0
922716,Non-Fatal Injury,"Pedestrian, Automobile",Not Recorded,-8814465.41095084,5429539.42420425,43.767545,-79.18169,2006-08-15 18:13:00,Summer,2006,8,August,Tuesday,18,18:00 to 18:59,Local,<Null>,No Control,Clear,Daylight,Dry,Pedestrian Collisions,Scarborough,West Hill (136),136,Mid-Block,2,0,1,0,1,0,1,1,0,0,0,0,0,1,0,0,0
922743,Non-Fatal Injury,"Cyclist, Automobile",Not Recorded,-8838844.37943457,5414106.54601776,43.667345000000005,-79.40069,2006-08-18 21:15:00,Summer,2006,8,August,Friday,21,21:00 to 21:59,Major Arterial,<Null>,No Control,Clear,Dark,Dry,Cyclist Collisions,Toronto and East York,Annex (95),95,Mid-Block,2,0,1,0,1,0,1,0,0,1,0,0,1,1,0,0,0
922819,Non-Fatal Injury,"Pedestrian, Automobile",Not Recorded,-8822369.09479716,5432083.24401283,43.784045,-79.25269,2006-07-20 16:24:00,Summer,2006,7,July,Thursday,16,16:00 to 16:59,Minor Arterial,<Null>,No Control,Clear,Daylight,Dry,Pedestrian Collisions,Scarborough,Agincourt South-Malvern West (128),128,Mid-Block,3,0,1,0,1,1,1,1,0,0,1,0,0,1,0,0,0
922913,Non-Fatal Injury,"Pedestrian, City Vehicle",Not Recorded,-8817059.15508633,5431851.95865854,43.782545,-79.20499000000001,2006-09-08 10:25:00,Summer,2006,9,September,Friday,10,10:00 to 10:59,Major Arterial,At Intersection,Traffic Signal,Clear,Daylight,Dry,Pedestrian Collisions,Scarborough,Morningside (135),135,Intersection,4,0,1,1,1,1,1,1,1,0,1,0,0,0,0,1,0
922947,Non-Fatal Injury,"Pedestrian, Automobile",Not Recorded,-8830784.84830114,5416415.21560576,43.682345,-79.32829,2006-09-09 00:19:00,Summer,2006,9,September,Saturday,00,00:00 to 00:59,Major Arterial,At Intersection,No Control,Rain,Dark,Wet,Pedestrian Collisions,Toronto and East York,Danforth (66),66,Intersection,5,0,1,0,4,0,1,1,3,0,0,0,0,1,0,0,0
922948,Fatal,"Automobile, Truck","Red Light Related  Collision, Aggressive and Distracted Driving Collision",-8816480.2937342,5434843.69720967,43.801945,-79.19979000000001,2006-09-09 03:08:00,Summer,2006,9,September,Saturday,03,03:00 to 03:59,Major Arterial,<Null>,Traffic Signal,Clear,Dark,Wet,Angle,Scarborough,Rouge (131),131,Intersection,5,1,1,0,2,1,2,0,2,0,1,0,0,1,0,1,0
923176,Non-Fatal Injury,Automobile,Aggressive and Distracted Driving Collision,-8821790.23344504,5425655.671442,43.742345,-79.24749,2006-09-10 15:05:00,Summer,2006,9,September,Sunday,15,15:00 to 15:59,Local,<Null>,No Control,Clear,Daylight,Dry,SMV Other,Scarborough,Eglinton East (138),138,Mid-Block,1,0,1,0,0,0,1,0,0,0,0,0,0,1,0,0,0
923248,Non-Fatal Injury,Automobile,Not Recorded,-8820387.60786104,5440783.78873634,43.840445,-79.23489000000001,2006-08-17 17:25:00,Summer,2006,8,August,Thursday,17,17:00 to 17:59,Major Arterial,<Null>,No Control,Clear,Daylight,Dry,Rear End,Scarborough,Rouge (131),131,Mid-Block,2,0,1,0,1,0,2,0,0,0,0,0,0,2,0,0,0
923250,Non-Fatal Injury,"Pedestrian, Automobile","Alcohol  Related Collision, Aggressive and Distracted Driving Collision",-8812138.83359326,5430279.37212083,43.772345,-79.16079,2006-08-17 22:56:00,Summer,2006,8,August,Thursday,22,22:00 to 22:59,Collector,<Null>,No Control,Clear,Dark,Dry,Pedestrian Collisions,Scarborough,West Hill (136),136,Intersection,2,0,1,0,1,0,1,1,0,0,0,0,0,1,0,0,0
923341,Non-Fatal Injury,"Pedestrian, Automobile",Not Recorded,-8828213.36806381,5434103.38281392,43.797145,-79.30519,2006-08-21 08:50:00,Summer,2006,8,August,Monday,08,08:00 to 08:59,Major Arterial,<Null>,Traffic Signal,Clear,Daylight,Dry,Pedestrian Collisions,Scarborough,L'Amoreaux (117),117,Intersection,2,0,1,0,1,0,1,1,0,0,0,0,0,1,0,0,0
923394,Fatal,"Cyclist, Truck",Aggressive and Distracted Driving Collision,-8833590.09946913,5421588.73106373,43.715945,-79.35349000000001,2006-09-11 16:29:00,Summer,2006,9,September,Monday,16,16:00 to 16:59,Major Arterial,At Intersection,No Control,Clear,Daylight,Dry,Cyclist Collisions,North York,Thorncliffe Park (55),55,Mid-Block,3,1,0,0,1,1,1,0,0,1,1,0,1,0,0,1,0
923419,Non-Fatal Injury,"Automobile, Motorcycle",Not Recorded,-8842451.13093627,5410090.835777599,43.641245,-79.43309,2006-08-20 15:13:00,Summer,2006,8,August,Sunday,15,15:00 to 15:59,Major Arterial,At Intersection,Stop Sign,Clear,Daylight,Dry,Turning Movement,Toronto and East York,South Parkdale (85),85,Intersection,2,0,1,0,1,0,2,0,0,0,0,0,0,1,1,0,0
923482,Non-Fatal Injury,"Automobile, City Vehicle",Medical or Physical Disability Related Collision,-8832094.29947134,5413128.15203528,43.660987,-79.340053,2020-05-19 09:20:00,Spring,2020,5,May,Tuesday,09,09:00 to 09:59,Minor Arterial,At Intersection,Traffic Signal,Clear,Daylight,Dry,Angle,Toronto East York,South Riverdale (70),70,Intersection,2,0,1,0,1,0,2,0,0,0,0,0,0,1,0,1,0
923585,Non-Fatal Injury,Automobile,"Speeding  Related Collision, Aggressive and Distracted Driving Collision, Medical or Physical Disability Related Collision",-8820020.25354143,5421373.11002139,43.714545,-79.23159,2006-08-22 11:04:00,Summer,2006,8,August,Tuesday,11,11:00 to 11:59,Local,<Null>,No Control,Clear,Daylight,Dry,SMV Other,Scarborough,Cliffcrest (123),123,Mid-Block,2,0,1,0,1,0,1,0,0,0,1,0,0,1,0,0,0
923640,Non-Fatal Injury,"Pedestrian, Automobile",Medical or Physical Disability Related Collision,-8837786.84427203,5411459.9814967,43.650145,-79.39119000000001,2006-08-24 06:00:00,Summer,2006,8,August,Thursday,06,06:00 to 06:59,Major Arterial,<Null>,No Control,Clear,Dawn,Dry,Pedestrian Collisions,Toronto and East York,Kensington-Chinatown (78),78,Mid-Block,5,0,1,0,4,0,1,1,0,0,3,0,0,1,0,0,0
923655,Non-Fatal Injury,Automobile,"Speeding  Related Collision, Alcohol  Related Collision, Aggressive and Distracted Driving Collision",-8859616.59641659,5417708.32271152,43.690745,-79.58729,2006-08-24 21:26:00,Summer,2006,8,August,Thursday,21,21:00 to 21:59,Collector,At Intersection,No Control,Clear,Daylight,Dry,Approaching,Etobicoke York,West Humber-Clairville (1),1,Intersection,3,0,1,0,2,0,2,0,0,0,1,0,0,2,0,0,0
923881,Fatal,Automobile,Aggressive and Distracted Driving Collision,-8824841.2780487,5426746.96404951,43.749427000000004,-79.274898,2020-05-19 10:40:00,Spring,2020,5,May,Tuesday,10,10:00 to 10:59,Major Arterial,At Intersection,Traffic Signal,Clear,Daylight,Dry,Sideswipe,Scarborough,Dorset Park (126),126,Intersection,2,1,0,1,0,0,2,0,0,0,0,0,0,2,0,0,0
923894,Non-Fatal Injury,"Pedestrian, Automobile",Not Recorded,-8842963.20059392,5409029.50282309,43.634345,-79.43769,2006-09-12 22:08:00,Summer,2006,9,September,Tuesday,22,22:00 to 22:59,Local,<Null>,No Control,Rain,Dark,Wet,Pedestrian Collisions,Toronto and East York,South Parkdale (85),85,Mid-Block,9,0,1,0,7,1,3,1,4,0,1,0,0,3,0,0,0
923895,Non-Fatal Injury,Automobile,Aggressive and Distracted Driving Collision,-8857379.07465165,5410598.47288728,43.644545,-79.56719,2006-09-13 21:01:00,Summer,2006,9,September,Wednesday,21,21:00 to 21:59,Major Arterial,At Intersection,Traffic Signal,Clear,Dark,Dry,Turning Movement,Etobicoke York,Etobicoke West Mall (13),13,Intersection,3,0,2,1,0,0,2,0,1,0,0,0,0,2,0,0,0
923965,Non-Fatal Injury,"Cyclist, Truck",Not Recorded,-8832833.12693173,5409752.4265282005,43.639045,-79.34669,2006-08-12 09:58:00,Summer,2006,8,August,Saturday,09,09:00 to 09:59,Collector,<Null>,Stop Sign,Clear,Daylight,Dry,Cyclist Collisions,Toronto and East York,South Riverdale (70),70,Intersection,3,0,1,0,1,1,1,0,0,1,1,0,1,0,0,1,0
924041,Non-Fatal Injury,"Pedestrian, Automobile",Not Recorded,-8845445.62523861,5414675.96423605,43.671045,-79.45999,2006-08-26 15:36:00,Summer,2006,8,August,Saturday,15,15:00 to 15:59,Local,<Null>,No Control,Clear,Daylight,Dry,Pedestrian Collisions,Toronto and East York,Weston-Pellam Park (91),91,Mid-Block,2,0,1,0,1,0,1,1,0,0,0,0,0,1,0,0,0
924064,Non-Fatal Injury,"Pedestrian, Automobile",Not Recorded,-8844844.49998833,5413752.60103216,43.665045,-79.45459,2006-08-26 20:56:00,Summer,2006,8,August,Saturday,20,20:00 to 20:59,Major Arterial,<Null>,No Control,Rain,Dark,Wet,Pedestrian Collisions,Toronto and East York,Dovercourt-Wallace Emerson-Junction (93),93,Mid-Block,2,0,1,0,1,0,1,1,0,0,0,0,0,1,0,0,0
924338,Non-Fatal Injury,"Pedestrian, Automobile",Aggressive and Distracted Driving Collision,-8850321.41893535,5419571.33108852,43.702845,-79.50379000000001,2006-07-30 07:20:00,Summer,2006,7,July,Sunday,07,07:00 to 07:59,Major Arterial,At Intersection,Traffic Signal,Clear,Daylight,Dry,Pedestrian Collisions,Etobicoke York,Brookhaven-Amesbury (30),30,Intersection,2,0,1,0,1,0,1,1,0,0,0,0,0,1,0,0,0
924445,Non-Fatal Injury,Automobile,"Red Light Related  Collision, Aggressive and Distracted Driving Collision",-8860518.28429202,5425948.43707452,43.744245,-79.59539000000001,2006-09-12 22:26:00,Summer,2006,9,September,Tuesday,22,22:00 to 22:59,Minor Arterial,At Intersection,Traffic Signal,Rain,Dark,Wet,Angle,Etobicoke York,Mount Olive-Silverstone-Jamestown (2),2,Intersection,2,0,1,0,1,0,2,0,0,0,0,0,0,2,0,0,0
924979,Non-Fatal Injury,"Pedestrian, Automobile",Not Recorded,-8842918.6727976,5409967.776435,43.640445,-79.43729,2006-08-22 10:45:00,Summer,2006,8,August,Tuesday,10,10:00 to 10:59,Major Arterial,At Intersection,Stop Sign,Clear,Daylight,Dry,Pedestrian Collisions,Toronto and East York,Roncesvalles (86),86,Intersection,6,0,1,0,5,0,1,1,4,0,0,0,0,1,0,0,0
925202,Non-Fatal Injury,"Pedestrian, Automobile",Not Recorded,-8833868.39819611,5424453.88883172,43.734545000000004,-79.35599,2006-08-29 17:00:00,Summer,2006,8,August,Tuesday,17,17:00 to 17:59,Major Arterial,At Intersection,Traffic Signal,Clear,Daylight,Dry,Pedestrian Collisions,North York,Banbury-Don Mills (42),42,Intersection,2,0,1,0,1,0,1,1,0,0,0,0,0,1,0,0,0