ACCNUM,ACCLASS,INVOLVED,MOTIVE,X,Y,LATITUDE,LONGITUDE,DATE_TIME,SEASON,YEAR,MONTH,MONTH_NAME,DAY_NAME,HOUR,HOUR_INTERVAL,ROAD_CLASS,ACCLOC,TRAFFCTL,VISIBILITY,LIGHT,RDSFCOND,IMPACTYPE,DISTRICT,NEIGHBOURHOOD,HOOD_ID,LOCCOORD,PEOPLE_COUNT,FATAL_INJURY_COUNT,MAJOR_INJURY_COUNT,MINOR_INJURY_COUNT,NO_INJURY_COUNT,NULL_INJURY_COUNT,DRIVERS_COUNT,PEDESTRIAN_COUNT,PASSENGER_COUNT,CYCLIST_COUNT,OTHER_INVTYPE_COUNT,NULL_INVTYPE_COUNT,PEOPLE_VEH_COUNT,AUTOMOBILE_VEH_COUNT,RECREATIONAL_VEH_COUNT,OTHER_VEH_COUNT,NULL_VEH_COUNT
950847,Non-Fatal Injury,"Pedestrian, Automobile",Aggressive and Distracted Driving Collision,-8853416.10077941,5421557.92774926,43.715745,-79.53159000000001,2007-01-19 07:10:00,Winter,2007,1,January,Friday,07,07:00 to 07:59,Major Arterial,<Null>,Stop Sign,Clear,Dark,Dry,Pedestrian Collisions,Etobicoke York,Pelmo Park-Humberlea (23),23,Intersection,2,0,1,0,1,0,1,1,0,0,0,0,0,1,0,0,0
951120,Non-Fatal Injury,Automobile,Aggressive and Distracted Driving Collision,-8846169.20192876,5429431.52009434,43.766845,-79.46649000000001,2007-02-02 13:55:00,Winter,2007,2,February,Friday,13,13:00 to 13:59,Major Arterial,<Null>,No Control,Clear,Daylight,Dry,Turning Movement,North York,Bathurst Manor (34),34,Mid-Block,3,0,1,1,1,0,2,0,0,0,1,0,0,2,0,0,0
951370,Fatal,Automobile,"Red Light Related  Collision, Aggressive and Distracted Driving Collision",-8845835.24345639,5418893.82999886,43.698445,-79.46349000000001,2007-02-05 05:23:00,Winter,2007,2,February,Monday,05,05:00 to 05:59,Minor Arterial,At Intersection,Traffic Signal,Clear,Dark,Dry,Angle,North York,Briar Hill-Belgravia (108),108,Intersection,6,1,0,3,0,2,2,0,2,0,2,0,0,2,0,0,0
951700,Non-Fatal Injury,Automobile,Not Recorded,-8841816.60983875,5408460.43244658,43.630645,-79.42739,2007-02-06 08:00:00,Winter,2007,2,February,Tuesday,08,08:00 to 08:59,Major Arterial,<Null>,No Control,Clear,Daylight,Loose Snow,SMV Other,Toronto and East York,Niagara (82),82,Mid-Block,2,0,1,0,1,0,1,0,0,0,1,0,0,1,0,0,0
951783,Non-Fatal Injury,Automobile,"Red Light Related  Collision, Aggressive and Distracted Driving Collision",-8856009.84491489,5408198.97942496,43.628945,-79.55489,2007-02-02 10:12:00,Winter,2007,2,February,Friday,10,10:00 to 10:59,Major Arterial,At Intersection,Traffic Signal,Clear,Daylight,Dry,Turning Movement,Etobicoke York,Islington-City Centre West (14),14,Intersection,3,0,1,1,1,0,2,0,0,0,1,0,0,2,0,0,0
951904,Non-Fatal Injury,Automobile,Not Recorded,-8852670.26019109,5406507.4032774,43.617945,-79.52489,2007-01-12 01:42:00,Winter,2007,1,January,Friday,01,01:00 to 01:59,<Null>,<Null>,No Control,Rain,Dark,Wet,SMV Other,Etobicoke York,Mimico (17),17,Mid-Block,1,0,1,0,0,0,1,0,0,0,0,0,0,1,0,0,0
951917,Non-Fatal Injury,"Pedestrian, Automobile",Not Recorded,-8852202.71832976,5416923.20037333,43.685645,-79.52069,2007-02-07 15:21:00,Winter,2007,2,February,Wednesday,15,15:00 to 15:59,Collector,<Null>,No Control,Clear,Daylight,Dry,Pedestrian Collisions,Etobicoke York,Humber Heights-Westmount (8),8,Mid-Block,2,0,1,0,1,0,1,1,0,0,0,0,0,1,0,0,0
952125,Non-Fatal Injury,Automobile,Not Recorded,-8850265.75918996,5408106.70365348,43.628345,-79.50329,2007-02-08 20:00:00,Winter,2007,2,February,Thursday,20,20:00 to 20:59,Minor Arterial,<Null>,No Control,Clear,Dark,Dry,SMV Unattended Vehicle,Etobicoke York,Stonegate-Queensway (16),16,<Null>,2,0,1,0,1,0,1,0,0,0,1,0,0,1,0,0,0
952260,Non-Fatal Injury,Automobile,Aggressive and Distracted Driving Collision,-8823994.35936275,5421465.5184227,43.715145,-79.26729,2007-02-09 09:00:00,Winter,2007,2,February,Friday,09,09:00 to 09:59,Major Arterial,<Null>,No Control,Clear,Daylight,Dry,Rear End,Scarborough,Kennedy Park (124),124,Mid-Block,6,0,1,1,4,0,5,0,0,0,1,0,0,5,0,0,0
952335,Non-Fatal Injury,Automobile,"Speeding  Related Collision, Aggressive and Distracted Driving Collision",-8846703.53548457,5415568.63641607,43.676845,-79.47129,2007-01-23 14:02:00,Winter,2007,1,January,Tuesday,14,14:00 to 14:59,Major Arterial,<Null>,No Control,Clear,Daylight,Wet,SMV Other,Etobicoke York,Junction Area (90),90,Mid-Block,3,0,1,0,2,0,1,0,0,0,2,0,0,1,0,0,0
952422,Non-Fatal Injury,"Pedestrian, Automobile, City Vehicle",Aggressive and Distracted Driving Collision,-8832588.22405199,5412983.20219284,43.660045000000004,-79.34449000000001,2007-01-23 08:32:00,Winter,2007,1,January,Tuesday,08,08:00 to 08:59,Minor Arterial,<Null>,No Control,Clear,Daylight,Wet,Pedestrian Collisions,Toronto and East York,South Riverdale (70),70,Intersection,4,0,1,0,2,1,2,1,0,0,1,0,0,1,0,1,0
952478,Non-Fatal Injury,Automobile,"Red Light Related  Collision, Aggressive and Distracted Driving Collision",-8856020.97686397,5421234.4991542,43.713645,-79.55499,2007-01-24 22:45:00,Winter,2007,1,January,Wednesday,22,22:00 to 22:59,Major Arterial,At Intersection,Traffic Signal,Clear,Daylight,Dry,Turning Movement,Etobicoke York,West Humber-Clairville (1),1,Intersection,3,0,1,2,0,0,2,0,1,0,0,0,0,2,0,0,0
952529,Fatal,"Pedestrian, Automobile","Speeding  Related Collision, Alcohol  Related Collision, Aggressive and Distracted Driving Collision",-8853416.10077941,5408768.03370487,43.632645000000004,-79.53159000000001,2007-02-11 02:02:00,Winter,2007,2,February,Sunday,02,02:00 to 02:59,Major Arterial,At Intersection,No Control,Clear,Dark,Dry,Pedestrian Collisions,Etobicoke York,Islington-City Centre West (14),14,Mid-Block,3,1,0,0,1,1,1,1,0,0,1,0,0,1,0,0,0
953178,Fatal,"Pedestrian, Automobile","Speeding  Related Collision, Aggressive and Distracted Driving Collision",-8830105.799407301,5435476.09619155,43.806045000000005,-79.32219,2007-02-14 07:00:00,Winter,2007,2,February,Wednesday,07,07:00 to 07:59,Minor Arterial,<Null>,No Control,Snow,Dark,Packed Snow,Pedestrian Collisions,Scarborough,Steeles (116),116,Mid-Block,2,1,0,0,1,0,1,1,0,0,0,0,0,1,0,0,0
953726,Non-Fatal Injury,Automobile,Aggressive and Distracted Driving Collision,-8855453.24746093,5415645.59495394,43.677345,-79.54989,2007-02-15 14:45:00,Winter,2007,2,February,Thursday,14,14:00 to 14:59,Major Arterial,<Null>,No Control,Clear,Daylight,Other,Rear End,Etobicoke York,Princess-Rosethorn (10),10,Mid-Block,3,0,1,1,1,0,2,0,1,0,0,0,0,2,0,0,0
953931,Non-Fatal Injury,Automobile,"Red Light Related  Collision, Aggressive and Distracted Driving Collision",-8839968.70629158,5408737.273118401,43.632445000000004,-79.41079,2007-02-16 20:08:00,Winter,2007,2,February,Friday,20,20:00 to 20:59,Major Arterial,At Intersection,Traffic Signal,Clear,Dark,Dry,Turning Movement,Toronto and East York,Niagara (82),82,Intersection,4,0,1,2,1,0,2,0,1,0,1,0,0,2,0,0,0
954013,Non-Fatal Injury,"Pedestrian, Truck",Not Recorded,-8824139.07470078,5420387.47797081,43.708145,-79.26859,2007-01-29 14:35:00,Winter,2007,1,January,Monday,14,14:00 to 14:59,Minor Arterial,<Null>,No Control,Clear,Daylight,Dry,Pedestrian Collisions,Scarborough,Clairlea-Birchmount (120),120,Mid-Block,3,0,1,0,2,0,1,1,0,0,1,0,0,0,0,1,0
954398,Non-Fatal Injury,"Pedestrian, Automobile",Aggressive and Distracted Driving Collision,-8818918.19058257,5435954.28033646,43.809145,-79.22169,2007-01-30 18:02:00,Winter,2007,1,January,Tuesday,18,18:00 to 18:59,Minor Arterial,At Intersection,Traffic Signal,Snow,Dark,Wet,Pedestrian Collisions,Scarborough,Malvern (132),132,Intersection,2,0,1,0,1,0,1,1,0,0,0,0,0,1,0,0,0
954405,Fatal,"Pedestrian, Automobile",Not Recorded,-8838521.55291127,5411798.45328412,43.652345000000004,-79.39779,2007-02-19 13:58:00,Winter,2007,2,February,Monday,13,13:00 to 13:59,Major Arterial,<Null>,No Control,Clear,Daylight,Wet,Pedestrian Collisions,Toronto and East York,Kensington-Chinatown (78),78,Intersection,3,1,0,0,1,1,1,1,0,0,1,0,0,1,0,0,0
954598,Non-Fatal Injury,"Pedestrian, Automobile",Not Recorded,-8831052.01507904,5435183.02785243,43.804145,-79.33069,2007-01-12 06:40:00,Winter,2007,1,January,Friday,06,06:00 to 06:59,Minor Arterial,At Intersection,Traffic Signal,Clear,Dark,Wet,Pedestrian Collisions,Scarborough,Steeles (116),116,Intersection,2,0,1,0,1,0,1,1,0,0,0,0,0,1,0,0,0
954826,Non-Fatal Injury,Automobile,Not Recorded,-8834347.07200652,5417107.92903553,43.686845,-79.36029,2007-02-01 19:15:00,Winter,2007,2,February,Thursday,19,19:00 to 19:59,Minor Arterial,<Null>,No Control,Snow,Dark,Ice,SMV Other,Toronto and East York,Broadview North (57),57,Mid-Block,1,0,1,0,0,0,1,0,0,0,0,0,0,1,0,0,0
954852,Non-Fatal Injury,Automobile,"Speeding  Related Collision, Alcohol  Related Collision, Aggressive and Distracted Driving Collision",-8818962.71837889,5428737.88096529,43.762345,-79.22209000000001,2007-02-21 14:05:00,Winter,2007,2,February,Wednesday,14,14:00 to 14:59,Collector,<Null>,No Control,Clear,Daylight,Dry,Approaching,Scarborough,Woburn (137),137,Mid-Block,6,0,1,0,5,0,1,0,0,0,5,0,0,1,0,0,0
955425,Non-Fatal Injury,Automobile,"Speeding  Related Collision, Aggressive and Distracted Driving Collision",-8855063.62924315,5405984.61507834,43.614545,-79.54639,2007-02-25 03:34:00,Winter,2007,2,February,Sunday,03,03:00 to 03:59,<Null>,<Null>,No Control,Clear,Dark,Dry,SMV Other,Etobicoke York,Islington-City Centre West (14),14,Mid-Block,3,0,2,0,0,1,1,0,1,0,1,0,0,1,0,0,0
955463,Non-Fatal Injury,"Pedestrian, Automobile",Aggressive and Distracted Driving Collision,-8843252.63126998,5414706.74459921,43.671245,-79.44029,2007-02-25 12:55:00,Winter,2007,2,February,Sunday,12,12:00 to 12:59,Major Arterial,At Intersection,No Control,Clear,Daylight,Dry,Pedestrian Collisions,Toronto and East York,Dovercourt-Wallace Emerson-Junction (93),93,Intersection,3,0,1,0,1,1,1,1,0,0,1,0,0,1,0,0,0
956145,Non-Fatal Injury,"Cyclist, Automobile",Not Recorded,-8860028.47853253,5414260.43937211,43.668345,-79.59099,2007-02-28 18:55:00,Winter,2007,2,February,Wednesday,18,18:00 to 18:59,Major Arterial,<Null>,No Control,Clear,Dark,Dry,Cyclist Collisions,Etobicoke York,Eringate-Centennial-West Deane (11),11,<Null>,2,0,1,0,1,0,1,0,0,1,0,0,1,1,0,0,0
956470,Non-Fatal Injury,Automobile,"Red Light Related  Collision, Aggressive and Distracted Driving Collision",-8846135.80608153,5429215.71566267,43.765445,-79.46619,2007-02-16 23:05:00,Winter,2007,2,February,Friday,23,23:00 to 23:59,Major Arterial,At Intersection,Traffic Signal,Clear,Dark,Wet,Turning Movement,North York,Bathurst Manor (34),34,Mid-Block,7,0,1,4,2,0,2,0,4,0,1,0,0,2,0,0,0
956782,Non-Fatal Injury,Automobile,"Speeding  Related Collision, Aggressive and Distracted Driving Collision",-8830439.75787968,5421496.32142875,43.715345,-79.32519,2007-03-04 03:00:00,Winter,2007,3,March,Sunday,03,03:00 to 03:59,<Null>,<Null>,No Control,Clear,Dark,Dry,SMV Other,North York,Flemingdon Park (44),44,Mid-Block,3,0,2,0,0,1,1,0,1,0,1,0,0,1,0,0,0
956968,Non-Fatal Injury,"Pedestrian, Automobile","Red Light Related  Collision, Aggressive and Distracted Driving Collision",-8833668.02311268,5433039.28504989,43.790245,-79.35419,2007-03-05 08:19:00,Winter,2007,3,March,Monday,08,08:00 to 08:59,Major Arterial,At Intersection,Traffic Signal,Clear,Daylight,Dry,Pedestrian Collisions,North York,Don Valley Village (47),47,Intersection,3,0,1,0,2,0,2,1,0,0,0,0,0,2,0,0,0
957028,Non-Fatal Injury,"Pedestrian, Automobile",Not Recorded,-8829059.39619384,5416923.20037333,43.685645,-79.31279,2007-02-03 11:20:00,Winter,2007,2,February,Saturday,11,11:00 to 11:59,Major Arterial,At Intersection,Traffic Signal,Clear,Daylight,Dry,Pedestrian Collisions,Toronto and East York,East End-Danforth (62),62,Intersection,2,0,1,0,1,0,1,1,0,0,0,0,0,1,0,0,0
957092,Fatal,"Automobile, Truck",Not Recorded,-8845178.45846071,5409737.044584,43.638945,-79.45759,2007-03-06 01:45:00,Winter,2007,3,March,Tuesday,01,01:00 to 01:59,<Null>,<Null>,No Control,Clear,Dark,Dry,Rear End,Toronto and East York,South Parkdale (85),85,Mid-Block,6,1,0,1,4,0,3,0,0,0,3,0,0,1,0,2,0
957566,Fatal,Automobile,Aggressive and Distracted Driving Collision,-8860685.26352821,5428275.48386454,43.759345,-79.59689,2007-03-07 10:27:00,Winter,2007,3,March,Wednesday,10,10:00 to 10:59,Major Arterial,<Null>,No Control,Clear,Daylight,Other,Approaching,Etobicoke York,Mount Olive-Silverstone-Jamestown (2),2,Intersection,4,1,0,1,0,2,2,0,0,0,2,0,0,1,0,0,1
957570,Non-Fatal Injury,"Pedestrian, Automobile",Aggressive and Distracted Driving Collision,-8833100.29370964,5431882.79637049,43.782745,-79.34909,2007-03-07 13:52:00,Winter,2007,3,March,Wednesday,13,13:00 to 13:59,Major Arterial,At Intersection,Traffic Signal,Clear,Daylight,Dry,Pedestrian Collisions,North York,Don Valley Village (47),47,Intersection,3,0,1,1,1,0,1,2,0,0,0,0,0,1,0,0,0
957573,Non-Fatal Injury,"Pedestrian, Automobile",Not Recorded,-8843530.92999697,5418709.06560308,43.697245,-79.44279,2007-03-07 19:57:00,Winter,2007,3,March,Wednesday,19,19:00 to 19:59,Major Arterial,At Intersection,Traffic Signal,Clear,Dark,Dry,Pedestrian Collisions,North York,Oakwood Village (107),107,Intersection,2,0,1,0,1,0,1,1,0,0,0,0,0,1,0,0,0
957584,Non-Fatal Injury,"Pedestrian, Automobile",Aggressive and Distracted Driving Collision,-8842139.43636205,5430911.45799643,43.776445,-79.43029,2006-12-07 20:08:00,Autumn,2006,12,December,Thursday,20,20:00 to 20:59,Major Arterial,<Null>,Traffic Signal,Snow,Dark,Wet,Pedestrian Collisions,North York,Willowdale West (37),37,Intersection,3,0,1,1,1,0,1,2,0,0,0,0,0,1,0,0,0
957650,Non-Fatal Injury,"Automobile, Truck","Red Light Related  Collision, Aggressive and Distracted Driving Collision",-8822970.22004745,5424453.88883172,43.734545000000004,-79.25809,2007-01-22 18:05:00,Winter,2007,1,January,Monday,18,18:00 to 18:59,Major Arterial,At Intersection,Traffic Signal,Clear,Dark,Wet,Turning Movement,Scarborough,Eglinton East (138),138,Intersection,5,0,2,2,1,0,3,0,2,0,0,0,0,2,0,1,0
957730,Non-Fatal Injury,Automobile,Aggressive and Distracted Driving Collision,-8847059.75785511,5409306.36053992,43.636145,-79.47449,2007-02-06 06:55:00,Winter,2007,2,February,Tuesday,06,06:00 to 06:59,Minor Arterial,At Intersection,Stop Sign,Clear,Dark,Slush,Turning Movement,Toronto and East York,High Park-Swansea (87),87,Intersection,3,0,1,1,1,0,3,0,0,0,0,0,0,3,0,0,0
957751,Non-Fatal Injury,Automobile,Aggressive and Distracted Driving Collision,-8847994.84157778,5417338.84506023,43.688345,-79.48289,2007-02-06 19:39:00,Winter,2007,2,February,Tuesday,19,19:00 to 19:59,Major Arterial,At Intersection,Traffic Signal,Clear,Dark,Dry,Turning Movement,Etobicoke York,Keelesdale-Eglinton West (110),110,Intersection,2,0,1,1,0,0,2,0,0,0,0,0,0,2,0,0,0
957966,Fatal,"Pedestrian, Automobile",Aggressive and Distracted Driving Collision,-8833233.87709859,5418093.21098719,43.693245000000005,-79.35029,2007-03-09 17:24:00,Winter,2007,3,March,Friday,17,17:00 to 17:59,Major Arterial,At Intersection,Traffic Signal,Clear,Dusk,Dry,Pedestrian Collisions,Toronto and East York,Old East York (58),58,Intersection,3,1,0,0,1,1,1,1,0,0,1,0,0,1,0,0,0
957981,Non-Fatal Injury,"Pedestrian, Automobile",Aggressive and Distracted Driving Collision,-8843107.91593195,5414275.82884856,43.668445,-79.43899,2007-01-26 11:02:00,Winter,2007,1,January,Friday,11,11:00 to 11:59,Major Arterial,At Intersection,Traffic Signal,Clear,Daylight,Dry,Pedestrian Collisions,Toronto and East York,Dovercourt-Wallace Emerson-Junction (93),93,Intersection,3,0,1,1,1,0,1,2,0,0,0,0,0,1,0,0,0
958067,Non-Fatal Injury,"Pedestrian, City Vehicle",Aggressive and Distracted Driving Collision,-8840558.36563431,5431778.56531906,43.782069,-79.416087,2007-02-07 07:50:00,Winter,2007,2,February,Wednesday,07,07:00 to 07:59,Major Arterial,Non Intersection,No Control,Clear,Daylight,Dry,Pedestrian Collisions,North York,Newtonbrook East (50),50,Mid-Block,3,0,1,0,1,1,1,1,0,0,1,0,0,0,0,1,0
958123,Non-Fatal Injury,"Pedestrian, Automobile",Not Recorded,-8842484.52678351,5412152.32341019,43.654645,-79.43339,2007-02-08 10:38:00,Winter,2007,2,February,Thursday,10,10:00 to 10:59,Major Arterial,<Null>,No Control,Clear,Daylight,Dry,Pedestrian Collisions,Toronto and East York,Dufferin Grove (83),83,Intersection,2,0,1,0,1,0,1,1,0,0,0,0,0,1,0,0,0
958325,Non-Fatal Injury,"Pedestrian, Automobile",Aggressive and Distracted Driving Collision,-8831374.84160234,5434242.18723295,43.798045,-79.33359,2007-02-06 15:20:00,Winter,2007,2,February,Tuesday,15,15:00 to 15:59,Major Arterial,<Null>,Traffic Signal,Clear,Daylight,Dry,Pedestrian Collisions,North York,L'Amoreaux (117),117,Intersection,3,0,1,0,2,0,1,1,0,0,1,0,0,1,0,0,0
958350,Non-Fatal Injury,Automobile,Aggressive and Distracted Driving Collision,-8826076.03384058,5424346.04420092,43.733845,-79.28599,2007-02-08 09:20:00,Winter,2007,2,February,Thursday,09,09:00 to 09:59,Collector,<Null>,No Control,Clear,Daylight,Dry,Turning Movement,Scarborough,Wexford/Maryvale (119),119,Intersection,4,0,1,0,1,2,2,0,0,0,2,0,0,2,0,0,0
958417,Non-Fatal Injury,Automobile,Not Recorded,-8828825.62526317,5417000.17020015,43.686145,-79.31069000000001,2007-03-03 03:26:00,Winter,2007,3,March,Saturday,03,03:00 to 03:59,Major Arterial,<Null>,No Control,Clear,Dark,Ice,Approaching,Toronto and East York,East End-Danforth (62),62,Intersection,4,0,3,0,1,0,2,0,1,0,1,0,0,2,0,0,0
958563,Non-Fatal Injury,Automobile,Not Recorded,-8852091.39883897,5422944.17869674,43.724745,-79.51969,2007-03-13 12:35:00,Winter,2007,3,March,Tuesday,12,12:00 to 12:59,Local,<Null>,No Control,Clear,Daylight,Dry,Other,Etobicoke York,Downsview-Roding-CFB (26),26,<Null>,1,0,1,0,0,0,1,0,0,0,0,0,0,1,0,0,0
958634,Non-Fatal Injury,Automobile,Alcohol  Related Collision,-8839679.27561552,5412613.91350893,43.657645,-79.40819,2007-03-14 03:05:00,Winter,2007,3,March,Wednesday,03,03:00 to 03:59,Major Arterial,<Null>,Pedestrian Crossover,Clear,Dark,Wet,Sideswipe,Toronto and East York,University (79),79,Mid-Block,5,0,1,1,3,0,2,0,2,0,1,0,0,2,0,0,0
958821,Non-Fatal Injury,"Automobile, City Vehicle",Not Recorded,-8862199.208603,5426795.96892112,43.749745000000004,-79.61049,2007-03-14 15:50:00,Winter,2007,3,March,Wednesday,15,15:00 to 15:59,Major Arterial,At Intersection,Traffic Signal,Clear,Daylight,Dry,Turning Movement,Etobicoke York,West Humber-Clairville (1),1,Intersection,7,0,1,1,3,2,4,0,1,0,2,0,0,3,0,1,0
958900,Non-Fatal Injury,Truck,Not Recorded,-8846113.54218337,5414952.99119721,43.672845,-79.46599,2007-02-13 09:15:00,Winter,2007,2,February,Tuesday,09,09:00 to 09:59,Major Arterial,<Null>,No Control,Clear,Daylight,Dry,SMV Other,Etobicoke York,Junction Area (90),90,Mid-Block,4,0,1,0,3,0,1,0,0,0,3,0,0,0,0,1,0
958999,Non-Fatal Injury,"Automobile, Truck","Speeding  Related Collision, Aggressive and Distracted Driving Collision",-8855052.49729407,5406276.75778107,43.616445,-79.54629,2007-02-14 13:05:00,Winter,2007,2,February,Wednesday,13,13:00 to 13:59,Major Arterial,At Intersection,Traffic Signal,Snow,Daylight,Loose Snow,Angle,Etobicoke York,Islington-City Centre West (14),14,Intersection,4,0,1,0,3,0,2,0,0,0,2,0,0,1,0,1,0
959236,Non-Fatal Injury,"Pedestrian, Automobile",Not Recorded,-8849197.09207834,5414768.30563326,43.671645,-79.49369,2007-02-15 15:31:00,Winter,2007,2,February,Thursday,15,15:00 to 15:59,Major Arterial,At Intersection,Traffic Signal,Clear,Daylight,Dry,Pedestrian Collisions,Etobicoke York,Rockcliffe-Smythe (111),111,Intersection,3,0,1,0,2,0,1,1,0,0,1,0,0,1,0,0,0
959250,Non-Fatal Injury,"Pedestrian, Automobile",Not Recorded,-8857824.35261482,5423190.64511236,43.726345,-79.57119,2007-03-16 06:17:00,Winter,2007,3,March,Friday,06,06:00 to 06:59,Local,<Null>,No Control,Clear,Dark,Dry,Pedestrian Collisions,Etobicoke York,Rexdale-Kipling (4),4,Mid-Block,2,0,1,0,1,0,1,1,0,0,0,0,0,1,0,0,0
959650,Non-Fatal Injury,Automobile,Not Recorded,-8819619.50337457,5437172.99086621,43.817045,-79.22799,2007-02-12 01:12:00,Winter,2007,2,February,Monday,01,01:00 to 01:59,Collector,<Null>,No Control,Clear,Dark,Dry,SMV Other,Scarborough,Rouge (131),131,Mid-Block,2,0,1,0,0,1,1,0,0,0,1,0,0,1,0,0,0
959779,Non-Fatal Injury,Automobile,Not Recorded,-8855475.51135908,5419817.70744933,43.704445,-79.55009,2007-02-19 19:41:00,Winter,2007,2,February,Monday,19,19:00 to 19:59,Major Arterial,At Intersection,Stop Sign,Clear,Dark,Dry,Turning Movement,Etobicoke York,Kingsview Village-The Westway (6),6,Intersection,2,0,1,0,1,0,2,0,0,0,0,0,0,2,0,0,0
959865,Non-Fatal Injury,Automobile,Not Recorded,-8860963.56225519,5417061.74652353,43.686545,-79.59939,2007-02-18 19:12:00,Winter,2007,2,February,Sunday,19,19:00 to 19:59,Major Arterial,At Intersection,Traffic Signal,Clear,Dark,Dry,Turning Movement,Etobicoke York,West Humber-Clairville (1),1,Intersection,2,0,1,0,1,0,2,0,0,0,0,0,0,2,0,0,0
959973,Non-Fatal Injury,"Pedestrian, Automobile",Aggressive and Distracted Driving Collision,-8825519.43638661,5420988.08497455,43.712045,-79.28099,2007-02-23 08:30:00,Winter,2007,2,February,Friday,08,08:00 to 08:59,Major Arterial,At Intersection,Traffic Signal,Clear,Daylight,Dry,Pedestrian Collisions,Scarborough,Clairlea-Birchmount (120),120,Intersection,2,0,1,0,1,0,1,1,0,0,0,0,0,1,0,0,0
960364,Non-Fatal Injury,Automobile,"Speeding  Related Collision, Aggressive and Distracted Driving Collision",-8834714.42632614,5411983.07948508,43.653545,-79.36359,2006-12-16 01:00:00,Autumn,2006,12,December,Saturday,01,01:00 to 01:59,Major Arterial,At Intersection,Traffic Controller,Clear,Dark,Dry,Angle,Toronto and East York,Moss Park (73),73,Intersection,4,0,1,1,2,0,3,0,0,0,1,0,0,3,0,0,0
960441,Non-Fatal Injury,"Pedestrian, Automobile",Aggressive and Distracted Driving Collision,-8837831.37206835,5426287.44046832,43.746445,-79.39159000000001,2007-02-24 16:10:00,Winter,2007,2,February,Saturday,16,16:00 to 16:59,Major Arterial,At Intersection,Pedestrian Crossover,Clear,Daylight,Dry,Pedestrian Collisions,North York,Bridle Path-Sunnybrook-York Mills (41),41,Intersection,3,0,1,1,1,0,1,1,1,0,0,0,0,1,0,0,0
960612,Non-Fatal Injury,Automobile,"Red Light Related  Collision, Aggressive and Distracted Driving Collision",-8839835.12290263,5409321.74176735,43.636245,-79.40959000000001,2007-02-25 18:01:00,Winter,2007,2,February,Sunday,18,18:00 to 18:59,Minor Arterial,<Null>,Traffic Signal,Snow,Dark,Loose Snow,Angle,Toronto and East York,Niagara (82),82,Intersection,4,0,1,0,3,0,2,0,0,0,2,0,0,2,0,0,0
961100,Non-Fatal Injury,Automobile,Aggressive and Distracted Driving Collision,-8855698.15034067,5423252.26274489,43.726745,-79.55209,2007-02-28 22:25:00,Winter,2007,2,February,Wednesday,22,22:00 to 22:59,Major Arterial,At Intersection,Traffic Controller,Clear,Dark,Dry,Rear End,Etobicoke York,Elms-Old Rexdale (5),5,Intersection,6,0,2,2,2,0,2,0,3,0,1,0,0,2,0,0,0
961264,Non-Fatal Injury,"Automobile, Truck","Speeding  Related Collision, Aggressive and Distracted Driving Collision",-8831831.25151459,5419078.59809244,43.699645000000004,-79.33769000000001,2007-03-01 14:26:00,Winter,2007,3,March,Thursday,14,14:00 to 14:59,Major Arterial,<Null>,No Control,Snow,Daylight,Loose Snow,Approaching,Toronto and East York,Old East York (58),58,Mid-Block,5,0,1,0,4,0,3,0,0,0,2,0,0,2,0,1,0
961325,Non-Fatal Injury,"Pedestrian, Automobile",Not Recorded,-8856744.55355413,5405400.35736236,43.610745,-79.56149,2006-12-27 20:22:00,Winter,2006,12,December,Wednesday,20,20:00 to 20:59,Minor Arterial,<Null>,Traffic Signal,Rain,Dark,Wet,Pedestrian Collisions,Etobicoke York,Islington-City Centre West (14),14,<Null>,2,0,1,0,1,0,1,1,0,0,0,0,0,1,0,0,0
961366,Non-Fatal Injury,"Pedestrian, Automobile",Aggressive and Distracted Driving Collision,-8836239.50335001,5430294.78833392,43.772445000000005,-79.37729,2007-03-28 08:15:00,Spring,2007,3,March,Wednesday,08,08:00 to 08:59,Local,<Null>,Stop Sign,Clear,Daylight,Dry,Pedestrian Collisions,North York,Bayview Village (52),52,Intersection,6,0,1,0,5,0,1,1,4,0,0,0,0,1,0,0,0
961403,Non-Fatal Injury,"Pedestrian, Automobile","Speeding  Related Collision, Alcohol  Related Collision, Aggressive and Distracted Driving Collision",-8835961.20462302,5413121.68925502,43.660945,-79.37479,2007-03-03 01:10:00,Winter,2007,3,March,Saturday,01,01:00 to 01:59,Minor Arterial,<Null>,No Control,Clear,Dark,Ice,Pedestrian Collisions,Toronto and East York,Moss Park (73),73,Mid-Block,4,0,1,0,3,0,1,1,0,0,2,0,0,1,0,0,0
961628,Non-Fatal Injury,Automobile,Aggressive and Distracted Driving Collision,-8834848.00971509,5411890.76592346,43.652945,-79.36479,2007-03-05 08:53:00,Winter,2007,3,March,Monday,08,08:00 to 08:59,Major Arterial,At Intersection,Traffic Signal,Clear,Daylight,Wet,Sideswipe,Toronto and East York,Moss Park (73),73,Intersection,3,0,1,1,1,0,2,0,0,0,1,0,0,2,0,0,0
961761,Non-Fatal Injury,"Automobile, Truck","Red Light Related  Collision, Aggressive and Distracted Driving Collision, Medical or Physical Disability Related Collision",-8847794.46649435,5432175.75977947,43.784645000000005,-79.48109000000001,2007-03-05 21:45:00,Winter,2007,3,March,Monday,21,21:00 to 21:59,Major Arterial,At Intersection,Traffic Signal,Clear,Dark,Loose Snow,Turning Movement,North York,York University Heights (27),27,Intersection,4,0,1,0,3,0,2,0,0,0,2,0,0,1,0,1,0