ACCNUM,ACCLASS,INVOLVED,MOTIVE,X,Y,LATITUDE,LONGITUDE,DATE_TIME,SEASON,YEAR,MONTH,MONTH_NAME,DAY_NAME,HOUR,HOUR_INTERVAL,ROAD_CLASS,ACCLOC,TRAFFCTL,VISIBILITY,LIGHT,RDSFCOND,IMPACTYPE,DISTRICT,NEIGHBOURHOOD,HOOD_ID,LOCCOORD,PEOPLE_COUNT,FATAL_INJURY_COUNT,MAJOR_INJURY_COUNT,MINOR_INJURY_COUNT,NO_INJURY_COUNT,NULL_INJURY_COUNT,DRIVERS_COUNT,PEDESTRIAN_COUNT,PASSENGER_COUNT,CYCLIST_COUNT,OTHER_INVTYPE_COUNT,NULL_INVTYPE_COUNT,PEOPLE_VEH_COUNT,AUTOMOBILE_VEH_COUNT,RECREATIONAL_VEH_COUNT,OTHER_VEH_COUNT,NULL_VEH_COUNT
1006875,Fatal,"Pedestrian, Automobile",Not Recorded,-8841215.48458846,5411813.83865996,43.652445,-79.42199000000001,2007-12-05 18:56:00,Autumn,2007,12,December,Wednesday,18,18:00 to 18:59,Minor Arterial,<Null>,No Control,Clear,Dark,Dry,Pedestrian Collisions,Toronto and East York,Trinity-Bellwoods (81),81,Mid-Block,2,1,0,0,1,0,1,1,0,0,0,0,0,1,0,0,0
1007071,Non-Fatal Injury,"Pedestrian, Automobile",Aggressive and Distracted Driving Collision,-8837976.08740638,5415245.41755942,43.674745,-79.39289000000001,2007-11-19 19:37:00,Autumn,2007,11,November,Monday,19,19:00 to 19:59,Major Arterial,At Intersection,Traffic Signal,Rain,Dark,Wet,Pedestrian Collisions,Toronto and East York,Annex (95),95,Intersection,2,0,1,0,1,0,1,1,0,0,0,0,0,1,0,0,0
1007074,Non-Fatal Injury,"Cyclist, Automobile",Not Recorded,-8839133.81011063,5410490.789958099,43.643845,-79.40329,2007-11-21 11:00:00,Autumn,2007,11,November,Wednesday,11,11:00 to 11:59,Major Arterial,<Null>,No Control,Rain,Daylight,Wet,Cyclist Collisions,Toronto and East York,Niagara (82),82,Mid-Block,3,0,1,0,1,1,1,0,0,1,1,0,1,1,0,0,0
1007205,Non-Fatal Injury,"Pedestrian, Automobile",Aggressive and Distracted Driving Collision,-8844376.95812699,5411383.05781954,43.649645,-79.45039,2007-12-06 17:55:00,Autumn,2007,12,December,Thursday,17,17:00 to 17:59,Minor Arterial,At Intersection,No Control,Clear,Dark,Dry,Pedestrian Collisions,Toronto and East York,Roncesvalles (86),86,Intersection,2,0,1,0,1,0,1,1,0,0,0,0,0,1,0,0,0
1007918,Non-Fatal Injury,"Pedestrian, Automobile",Not Recorded,-8860952.43030611,5427181.23641551,43.752245,-79.59929,2007-12-10 18:06:00,Autumn,2007,12,December,Monday,18,18:00 to 18:59,Minor Arterial,<Null>,No Control,Clear,Dark,Wet,Pedestrian Collisions,Etobicoke York,Mount Olive-Silverstone-Jamestown (2),2,Intersection,2,0,1,0,1,0,1,1,0,0,0,0,0,1,0,0,0
1007992,Non-Fatal Injury,"Pedestrian, Automobile",Aggressive and Distracted Driving Collision,-8821122.31650028,5422343.44438589,43.720845000000004,-79.24149,2007-11-29 17:42:00,Autumn,2007,11,November,Thursday,17,17:00 to 17:59,Minor Arterial,At Intersection,Traffic Signal,Clear,Dark,Dry,Pedestrian Collisions,Scarborough,Cliffcrest (123),123,Intersection,2,0,1,0,1,0,1,1,0,0,0,0,0,1,0,0,0
1008034,Non-Fatal Injury,"Pedestrian, Automobile",Not Recorded,-8843152.44372827,5417431.21308703,43.688945000000004,-79.43939,2007-11-28 08:05:00,Autumn,2007,11,November,Wednesday,08,08:00 to 08:59,Minor Arterial,<Null>,No Control,Clear,Daylight,Ice,Pedestrian Collisions,Toronto and East York,Oakwood Village (107),107,Intersection,2,0,1,0,1,0,1,1,0,0,0,0,0,1,0,0,0
1008261,Non-Fatal Injury,Automobile,Aggressive and Distracted Driving Collision,-8834035.377432302,5435722.89781258,43.807645,-79.35749,2007-12-03 12:50:00,Autumn,2007,12,December,Monday,12,12:00 to 12:59,Major Arterial,<Null>,No Control,Clear,Daylight,Wet,Rear End,North York,Hillcrest Village (48),48,Mid-Block,4,0,1,3,0,0,3,0,1,0,0,0,0,3,0,0,0
1008556,Non-Fatal Injury,"Pedestrian, Automobile",Not Recorded,-8842094.90856573,5419140.18827874,43.700045,-79.42989,2007-11-07 11:30:00,Autumn,2007,11,November,Wednesday,11,11:00 to 11:59,Major Arterial,<Null>,No Control,Clear,Daylight,Dry,Pedestrian Collisions,North York,Humewood-Cedarvale (106),106,Intersection,3,0,1,0,1,1,1,1,0,0,1,0,0,1,0,0,0
1008571,Non-Fatal Injury,"Pedestrian, Automobile",Not Recorded,-8853683.26755731,5402879.24739924,43.594345000000004,-79.53399,2007-11-15 07:24:00,Autumn,2007,11,November,Thursday,07,07:00 to 07:59,Major Arterial,At Intersection,Traffic Signal,Clear,Daylight,Dry,Pedestrian Collisions,Etobicoke York,Long Branch (19),19,Intersection,3,0,1,0,1,1,1,1,0,0,1,0,0,1,0,0,0
1008573,Non-Fatal Injury,"Pedestrian, Automobile",Not Recorded,-8813207.50070488,5432638.35254186,43.787645,-79.17039,2007-11-17 02:05:00,Autumn,2007,11,November,Saturday,02,02:00 to 02:59,Local,<Null>,No Control,Clear,Dark,Dry,Pedestrian Collisions,Scarborough,Highland Creek (134),134,Mid-Block,3,0,1,0,2,0,2,1,0,0,0,0,0,2,0,0,0
1008576,Non-Fatal Injury,"Pedestrian, Automobile",Not Recorded,-8829827.50068031,5415091.50779364,43.673745000000004,-79.31969000000001,2007-11-21 19:25:00,Autumn,2007,11,November,Wednesday,19,19:00 to 19:59,Minor Arterial,<Null>,No Control,Rain,Dark,Wet,Pedestrian Collisions,Toronto and East York,Woodbine Corridor (64),64,Mid-Block,2,0,1,0,1,0,1,1,0,0,0,0,0,1,0,0,0
1008693,Non-Fatal Injury,Automobile,Not Recorded,-8846959.5703134,5414691.35440481,43.671145,-79.47359,2007-12-12 12:47:00,Autumn,2007,12,December,Wednesday,12,12:00 to 12:59,Major Arterial,<Null>,No Control,Clear,Daylight,Dry,SMV Unattended Vehicle,Etobicoke York,Junction Area (90),90,Mid-Block,2,0,1,0,0,1,1,0,0,0,1,0,0,1,0,0,0
1008986,Fatal,"Pedestrian, Automobile",Not Recorded,-8817738.20398016,5428814.94940301,43.762845,-79.21109,2007-12-15 12:12:00,Autumn,2007,12,December,Saturday,12,12:00 to 12:59,Major Arterial,<Null>,No Control,Snow,Daylight,Loose Snow,Pedestrian Collisions,Scarborough,Woburn (137),137,Intersection,3,1,0,0,1,1,1,1,0,0,1,0,0,1,0,0,0
1009018,Non-Fatal Injury,Automobile,Not Recorded,-8831263.52211155,5425855.983765701,43.743645,-79.33259,2007-12-16 00:58:00,Autumn,2007,12,December,Sunday,00,00:00 to 00:59,<Null>,<Null>,No Control,Snow,Dark,Loose Snow,SMV Other,North York,Parkwoods-Donalda (45),45,Mid-Block,4,0,1,0,1,2,2,0,0,0,2,0,0,1,0,0,1
1009323,Non-Fatal Injury,"Pedestrian, Automobile",Aggressive and Distracted Driving Collision,-8854406.84424747,5416538.36086224,43.683145,-79.54049,2007-12-11 06:30:00,Autumn,2007,12,December,Tuesday,06,06:00 to 06:59,Major Arterial,At Intersection,Traffic Signal,Clear,Dark,Wet,Pedestrian Collisions,Etobicoke York,Willowridge-Martingrove-Richview (7),7,Intersection,2,0,1,0,1,0,1,1,0,0,0,0,0,1,0,0,0
1009774,Non-Fatal Injury,"Pedestrian, Automobile",Not Recorded,-8848852.00165688,5414121.93523783,43.667445,-79.49059,2007-11-28 08:45:00,Autumn,2007,11,November,Wednesday,08,08:00 to 08:59,Major Arterial,<Null>,No Control,Clear,Daylight,Dry,Pedestrian Collisions,Etobicoke York,Rockcliffe-Smythe (111),111,Mid-Block,2,0,1,0,1,0,1,1,0,0,0,0,0,1,0,0,0
1009783,Non-Fatal Injury,Automobile,"Speeding  Related Collision, Aggressive and Distracted Driving Collision",-8836807.23275305,5411798.45328412,43.652345000000004,-79.38239,2007-11-29 01:44:00,Autumn,2007,11,November,Thursday,01,01:00 to 01:59,Major Arterial,At Intersection,No Control,Rain,Dark,Wet,SMV Other,Toronto and East York,Bay Street Corridor (76),76,Mid-Block,2,0,1,0,1,0,1,0,1,0,0,0,0,1,0,0,0
1009854,Non-Fatal Injury,"Pedestrian, Automobile","Speeding  Related Collision, Alcohol  Related Collision, Aggressive and Distracted Driving Collision",-8838566.08070759,5415183.85334534,43.674345,-79.39819,2007-12-02 02:58:00,Autumn,2007,12,December,Sunday,02,02:00 to 02:59,Major Arterial,<Null>,No Control,Snow,Dark,Packed Snow,Pedestrian Collisions,Toronto and East York,Annex (95),95,Mid-Block,3,0,1,0,1,1,1,1,0,0,1,0,0,1,0,0,0
1010140,Non-Fatal Injury,"Pedestrian, Truck",Not Recorded,-8837419.48995242,5414952.99119721,43.672845,-79.38789,2007-12-04 12:50:00,Autumn,2007,12,December,Tuesday,12,12:00 to 12:59,Major Arterial,At Intersection,Traffic Signal,Clear,Daylight,Dry,Pedestrian Collisions,Toronto and East York,Rosedale-Moore Park (98),98,Intersection,3,0,1,0,1,1,1,1,0,0,1,0,0,0,0,1,0
1010606,Fatal,"Automobile, Motorcycle","Speeding  Related Collision, Aggressive and Distracted Driving Collision",-8841946.18572603,5421309.65678827,43.714133000000004,-79.428554,2020-06-01 18:20:00,Spring,2020,6,June,Monday,18,18:00 to 18:59,Major Arterial,At Intersection,Stop Sign,Clear,Daylight,Dry,Turning Movement,North York,Bedford Park-Nortown (39),39,Intersection,2,1,0,0,1,0,2,0,0,0,0,0,0,1,1,0,0
1010845,Non-Fatal Injury,Automobile,Not Recorded,-8829142.99713143,5433195.03661233,43.791255,-79.313541,2020-06-01 18:57:00,Spring,2020,6,June,Monday,18,18:00 to 18:59,Major Arterial,Non Intersection,No Control,Clear,Daylight,Dry,SMV Other,Scarborough,L'Amoreaux (117),117,Mid-Block,3,0,1,0,2,0,1,0,2,0,0,0,0,1,0,0,0
1011018,Non-Fatal Injury,"Pedestrian, Automobile",Not Recorded,-8826755.08273442,5417646.74207626,43.690345,-79.29209,2007-12-23 01:35:00,Winter,2007,12,December,Sunday,01,01:00 to 01:59,Major Arterial,<Null>,Traffic Signal,Clear,Dark,Wet,Pedestrian Collisions,Toronto and East York,Taylor-Massey (61),61,<Null>,2,0,1,0,1,0,1,1,0,0,0,0,0,1,0,0,0
1011055,Non-Fatal Injury,"Pedestrian, Automobile",Not Recorded,-8836194.97555369,5413429.44571476,43.662945,-79.37689,2007-12-23 19:05:00,Winter,2007,12,December,Sunday,19,19:00 to 19:59,Major Arterial,<Null>,No Control,Clear,Dark,Dry,Pedestrian Collisions,Toronto and East York,Cabbagetown-South St.James Town (71),71,Mid-Block,2,0,1,0,1,0,1,1,0,0,0,0,0,1,0,0,0
1011231,Fatal,"Pedestrian, Automobile",Not Recorded,-8835794.22538683,5432869.65762957,43.789145,-79.37329,2007-12-24 21:35:00,Winter,2007,12,December,Monday,21,21:00 to 21:59,Major Arterial,<Null>,Traffic Signal,Clear,Dark,Dry,Pedestrian Collisions,North York,Bayview Village (52),52,Intersection,2,1,0,0,1,0,1,1,0,0,0,0,0,1,0,0,0
1011331,Non-Fatal Injury,"Pedestrian, Automobile",Not Recorded,-8842606.97822338,5410060.07078833,43.641045,-79.43449,2007-12-14 20:57:00,Autumn,2007,12,December,Friday,20,20:00 to 20:59,Major Arterial,At Intersection,Traffic Signal,Clear,Dark,Dry,Pedestrian Collisions,Toronto and East York,Roncesvalles (86),86,Intersection,2,0,1,0,1,0,1,1,0,0,0,0,0,1,0,0,0
1011408,Non-Fatal Injury,Automobile,Not Recorded,-8833423.12023294,5415676.37854864,43.677545,-79.35199,2007-12-20 08:46:00,Autumn,2007,12,December,Thursday,08,08:00 to 08:59,Major Arterial,At Intersection,Traffic Signal,Clear,Daylight,Wet,Approaching,Toronto and East York,Playter Estates-Danforth (67),67,Intersection,1,0,1,0,0,0,1,0,0,0,0,0,0,1,0,0,0
1011434,Non-Fatal Injury,"Pedestrian, Automobile",Not Recorded,-8819664.03117089,5428229.24542965,43.759045,-79.22839,2007-12-27 09:04:00,Winter,2007,12,December,Thursday,09,09:00 to 09:59,Major Arterial,<Null>,Traffic Signal,Clear,Daylight,Dry,Pedestrian Collisions,Scarborough,Woburn (137),137,<Null>,2,0,1,0,1,0,1,1,0,0,0,0,0,1,0,0,0
1011551,Non-Fatal Injury,Automobile,"Red Light Related  Collision, Aggressive and Distracted Driving Collision",-8857857.74846206,5418031.6277849,43.692845,-79.57149,2007-12-17 12:32:00,Autumn,2007,12,December,Monday,12,12:00 to 12:59,Major Arterial,<Null>,Traffic Signal,Clear,Daylight,Wet,Angle,Etobicoke York,West Humber-Clairville (1),1,Intersection,4,0,1,3,0,0,2,0,2,0,0,0,0,2,0,0,0
1011587,Non-Fatal Injury,"Pedestrian, Automobile",Not Recorded,-8837875.89986467,5410398.49130319,43.643245,-79.39199,2007-11-25 20:45:00,Autumn,2007,11,November,Sunday,20,20:00 to 20:59,Minor Arterial,<Null>,No Control,Clear,Dark,Dry,Pedestrian Collisions,Toronto and East York,Waterfront Communities-The Island (77),77,Mid-Block,2,0,1,0,1,0,1,1,0,0,0,0,0,1,0,0,0
1011634,Non-Fatal Injury,Automobile,Not Recorded,-8855241.62910893,5419093.9956005,43.699745,-79.547989,2007-12-16 18:00:00,Autumn,2007,12,December,Sunday,18,18:00 to 18:59,Major Arterial,<Null>,Stop Sign,Snow,Dark,Packed Snow,Turning Movement,Etobicoke York,Kingsview Village-The Westway (6),6,Intersection,3,0,1,0,1,1,2,0,0,0,1,0,0,1,0,0,1
1011635,Non-Fatal Injury,Automobile,Not Recorded,-8859983.95073621,5424839.05851858,43.737045,-79.59059,2007-12-16 12:22:00,Autumn,2007,12,December,Sunday,12,12:00 to 12:59,Major Arterial,<Null>,No Control,Snow,Daylight,Packed Snow,Approaching,Etobicoke York,Mount Olive-Silverstone-Jamestown (2),2,Mid-Block,2,0,1,1,0,0,2,0,0,0,0,0,0,2,0,0,0
1011703,Non-Fatal Injury,Automobile,"Speeding  Related Collision, Aggressive and Distracted Driving Collision",-8846603.34794286,5415430.11266388,43.675945,-79.47039000000001,2007-12-28 14:55:00,Winter,2007,12,December,Friday,14,14:00 to 14:59,Major Arterial,<Null>,Traffic Signal,Clear,Daylight,Dry,SMV Other,Etobicoke York,Junction Area (90),90,Intersection,3,0,2,0,0,1,1,0,1,0,1,0,0,1,0,0,0
1011759,Non-Fatal Injury,Automobile,Alcohol  Related Collision,-8826877.53417429,5425532.40448169,43.741545,-79.29319,2007-12-08 19:49:00,Autumn,2007,12,December,Saturday,19,19:00 to 19:59,Major Arterial,<Null>,No Control,Clear,Dark,Wet,Rear End,Scarborough,Wexford/Maryvale (119),119,Mid-Block,2,0,1,0,1,0,2,0,0,0,0,0,0,2,0,0,0
1012000,Non-Fatal Injury,Automobile,Aggressive and Distracted Driving Collision,-8848506.91123542,5420048.69125982,43.705945,-79.48749000000001,2007-12-10 17:00:00,Autumn,2007,12,December,Monday,17,17:00 to 17:59,Collector,<Null>,No Control,Clear,Dark,Wet,Approaching,Etobicoke York,Brookhaven-Amesbury (30),30,Mid-Block,3,0,1,0,1,1,2,0,0,0,1,0,0,2,0,0,0
1012088,Non-Fatal Injury,"Pedestrian, Automobile",Not Recorded,-8827211.49264667,5420572.27596333,43.709345,-79.29619,2007-12-13 09:35:00,Autumn,2007,12,December,Thursday,09,09:00 to 09:59,Major Arterial,<Null>,No Control,Clear,Daylight,Wet,Pedestrian Collisions,Toronto and East York,Clairlea-Birchmount (120),120,Intersection,2,0,1,0,1,0,1,1,0,0,0,0,0,1,0,0,0
1012986,Fatal,"Pedestrian, Automobile",Not Recorded,-8821367.21938002,5424931.50163628,43.737645,-79.24369,2008-01-05 18:26:00,Winter,2008,1,January,Saturday,18,18:00 to 18:59,Major Arterial,<Null>,No Control,Rain,Dark,Wet,Pedestrian Collisions,Scarborough,Eglinton East (138),138,Intersection,2,1,0,0,1,0,1,1,0,0,0,0,0,1,0,0,0
1012988,Fatal,"Pedestrian, Automobile",Not Recorded,-8857134.1717719,5416723.08182604,43.684345,-79.56499000000001,2008-01-05 19:35:00,Winter,2008,1,January,Saturday,19,19:00 to 19:59,Local,<Null>,No Control,Clear,Dark,Wet,Pedestrian Collisions,Etobicoke York,Willowridge-Martingrove-Richview (7),7,Mid-Block,2,1,0,1,0,0,1,1,0,0,0,0,0,1,0,0,0
1013128,Non-Fatal Injury,"Pedestrian, Automobile",Not Recorded,-8836784.96885489,5410598.47288728,43.644545,-79.38219000000001,2007-12-20 04:55:00,Autumn,2007,12,December,Thursday,04,04:00 to 04:59,Major Arterial,<Null>,No Control,Clear,Dark,Dry,Pedestrian Collisions,Toronto and East York,Waterfront Communities-The Island (77),77,Mid-Block,2,0,1,0,1,0,1,1,0,0,0,0,0,1,0,0,0
1013134,Non-Fatal Injury,"Automobile, Truck",Not Recorded,-8845145.06261347,5424130.35872101,43.732445,-79.45729,2007-12-21 05:25:00,Winter,2007,12,December,Friday,05,05:00 to 05:59,Major Arterial,<Null>,No Control,Clear,Dark,Dry,Turning Movement,North York,Downsview-Roding-CFB (26),26,Mid-Block,6,0,1,1,2,2,2,0,1,0,3,0,0,1,0,1,0
1013236,Fatal,"Pedestrian, Automobile",Not Recorded,-8841059.63730136,5424916.09438567,43.737545000000004,-79.42059,2008-01-07 17:02:00,Winter,2008,1,January,Monday,17,17:00 to 17:59,Major Arterial,At Intersection,Traffic Signal,Clear,Dark,Wet,Pedestrian Collisions,North York,Bedford Park-Nortown (39),39,Intersection,2,1,0,0,1,0,1,1,0,0,0,0,0,1,0,0,0
1013495,Fatal,Automobile,Not Recorded,-8859382.82548593,5421403.91271902,43.714745,-79.58519,2008-01-08 05:50:00,Winter,2008,1,January,Tuesday,05,05:00 to 05:59,Major Arterial,<Null>,No Control,Clear,Dark,Dry,SMV Other,Etobicoke York,West Humber-Clairville (1),1,Intersection,3,1,0,1,0,1,1,0,1,0,1,0,0,1,0,0,0
1013702,Non-Fatal Injury,"Pedestrian, Automobile",Not Recorded,-8828825.62526317,5417000.17020015,43.686145,-79.31069000000001,2007-12-29 21:58:00,Winter,2007,12,December,Saturday,21,21:00 to 21:59,Major Arterial,<Null>,No Control,Clear,Dark,Dry,Pedestrian Collisions,Toronto and East York,East End-Danforth (62),62,<Null>,2,0,1,0,1,0,1,1,0,0,0,0,0,1,0,0,0
1014167,Non-Fatal Injury,"Pedestrian, Automobile",Aggressive and Distracted Driving Collision,-8851557.06528316,5422574.49141588,43.722345000000004,-79.51489000000001,2008-01-11 08:20:00,Winter,2008,1,January,Friday,08,08:00 to 08:59,Local,At Intersection,Stop Sign,Clear,Daylight,Wet,Pedestrian Collisions,Etobicoke York,Downsview-Roding-CFB (26),26,Intersection,2,0,1,0,1,0,1,1,0,0,0,0,0,1,0,0,0
1014428,Non-Fatal Injury,Automobile,Not Recorded,-8828124.31247118,5423575.76206651,43.728845,-79.30439,2007-12-27 00:03:00,Winter,2007,12,December,Thursday,00,00:00 to 00:59,Major Arterial,<Null>,No Control,Clear,Dark,Dry,Turning Movement,North York,Wexford/Maryvale (119),119,Intersection,4,0,1,1,1,1,2,0,1,0,1,0,0,2,0,0,0
1014571,Non-Fatal Injury,Automobile,"Speeding  Related Collision, Aggressive and Distracted Driving Collision",-8853438.36467757,5430433.53541172,43.773345,-79.53179,2007-12-31 06:47:00,Winter,2007,12,December,Monday,06,06:00 to 06:59,Major Arterial,At Intersection,Traffic Signal,Snow,Dark,Loose Snow,Sideswipe,Etobicoke York,Black Creek (24),24,Intersection,2,0,2,0,0,0,2,0,0,0,0,0,0,2,0,0,0
1014650,Non-Fatal Injury,Automobile,Alcohol  Related Collision,-8820933.07336593,5426811.37931191,43.749845,-79.23979,2008-01-14 22:32:00,Winter,2008,1,January,Monday,22,22:00 to 22:59,Local,<Null>,No Control,Snow,Dark,Wet,SMV Other,Scarborough,Bendale (127),127,Mid-Block,4,0,3,0,0,1,1,0,2,0,1,0,0,1,0,0,0
1014715,Non-Fatal Injury,Automobile,Aggressive and Distracted Driving Collision,-8857011.72033203,5424376.85682395,43.734045,-79.56389,2007-12-31 15:10:00,Winter,2007,12,December,Monday,15,15:00 to 15:59,Major Arterial,<Null>,No Control,Clear,Daylight,Dry,Rear End,Etobicoke York,Thistletown-Beaumond Heights (3),3,Intersection,2,0,1,0,1,0,2,0,0,0,0,0,0,2,0,0,0
1014871,Non-Fatal Injury,"Pedestrian, Automobile",Not Recorded,-8846781.45912813,5416369.03655794,43.682045,-79.47199,2008-01-15 06:52:00,Winter,2008,1,January,Tuesday,06,06:00 to 06:59,Minor Arterial,At Intersection,No Control,Snow,"Dusk, artificial",Slush,Pedestrian Collisions,Etobicoke York,Keelesdale-Eglinton West (110),110,Mid-Block,2,0,1,0,1,0,1,1,0,0,0,0,0,1,0,0,0
1014978,Non-Fatal Injury,Automobile,Aggressive and Distracted Driving Collision,-8827957.33323499,5430788.120764,43.775645000000004,-79.30289,2007-12-29 13:03:00,Winter,2007,12,December,Saturday,13,13:00 to 13:59,Local,<Null>,No Control,Clear,Daylight,Dry,Approaching,Scarborough,Tam O'Shanter-Sullivan (118),118,Mid-Block,4,0,1,3,0,0,2,0,2,0,0,0,0,2,0,0,0
1015097,Non-Fatal Injury,Automobile,Not Recorded,-8836228.37140093,5420834.07945294,43.711045,-79.37719,2008-01-03 16:23:00,Winter,2008,1,January,Thursday,16,16:00 to 16:59,Major Arterial,<Null>,Traffic Signal,Snow,Daylight,Loose Snow,Rear End,North York,Leaside-Bennington (56),56,Intersection,2,0,1,0,1,0,2,0,0,0,0,0,0,2,0,0,0
1015121,Non-Fatal Injury,Automobile,Not Recorded,-8833233.87709859,5427612.75511626,43.755045,-79.35029,2008-01-04 15:40:00,Winter,2008,1,January,Friday,15,15:00 to 15:59,Major Arterial,<Null>,No Control,Clear,Daylight,Dry,Approaching,North York,Banbury-Don Mills (42),42,Mid-Block,2,0,1,1,0,0,2,0,0,0,0,0,0,2,0,0,0
1015222,Non-Fatal Injury,Automobile,Not Recorded,-8853983.83018245,5421403.91271902,43.714745,-79.53669000000001,2008-01-16 09:50:00,Winter,2008,1,January,Wednesday,09,09:00 to 09:59,Major Arterial,<Null>,Traffic Signal,Clear,Daylight,Dry,Approaching,Etobicoke York,Pelmo Park-Humberlea (23),23,Intersection,2,0,1,1,0,0,2,0,0,0,0,0,0,2,0,0,0
1015320,Non-Fatal Injury,"Pedestrian, Automobile",Aggressive and Distracted Driving Collision,-8831129.9387226,5421958.37885678,43.718345,-79.33139,2008-01-07 18:03:00,Winter,2008,1,January,Monday,18,18:00 to 18:59,Collector,<Null>,Traffic Signal,Rain,Dark,Wet,Pedestrian Collisions,North York,Flemingdon Park (44),44,Intersection,2,0,1,0,1,0,1,1,0,0,0,0,0,1,0,0,0
1015331,Non-Fatal Injury,"Pedestrian, Automobile",Aggressive and Distracted Driving Collision,-8826576.97154915,5433764.09192409,43.794945,-79.29049,2008-01-07 17:30:00,Winter,2008,1,January,Monday,17,17:00 to 17:59,Local,At Intersection,Stop Sign,Clear,Dark,Wet,Pedestrian Collisions,Scarborough,Tam O'Shanter-Sullivan (118),118,Intersection,2,0,1,0,1,0,1,1,0,0,0,0,0,1,0,0,0
1015408,Non-Fatal Injury,Automobile,"Red Light Related  Collision, Aggressive and Distracted Driving Collision, Medical or Physical Disability Related Collision",-8826710.5549381,5433162.65240736,43.791045000000004,-79.29169,2008-01-16 16:08:00,Winter,2008,1,January,Wednesday,16,16:00 to 16:59,Major Arterial,At Intersection,Traffic Signal,Clear,Daylight,Dry,Turning Movement,Scarborough,Agincourt South-Malvern West (128),128,Intersection,2,0,1,1,0,0,2,0,0,0,0,0,0,2,0,0,0
1015577,Non-Fatal Injury,"Pedestrian, Automobile",Not Recorded,-8838933.435027199,5431898.21526515,43.782845,-79.40149,2008-01-17 17:50:00,Winter,2008,1,January,Thursday,17,17:00 to 17:59,Major Arterial,At Intersection,No Control,Snow,Dark,Wet,Pedestrian Collisions,North York,Newtonbrook East (50),50,Mid-Block,3,0,1,0,2,0,2,1,0,0,0,0,0,2,0,0,0
1015580,Non-Fatal Injury,Automobile,Aggressive and Distracted Driving Collision,-8834580.84293719,5416338.25065435,43.681845,-79.36239,2008-01-17 19:57:00,Winter,2008,1,January,Thursday,19,19:00 to 19:59,<Null>,<Null>,No Control,Clear,Dark,Wet,Sideswipe,Toronto and East York,Broadview North (57),57,Mid-Block,3,0,1,1,1,0,3,0,0,0,0,0,0,3,0,0,0
1015680,Non-Fatal Injury,"Pedestrian, Automobile",Not Recorded,-8831753.32787104,5433548.18604322,43.793545,-79.33699,2008-01-11 09:44:00,Winter,2008,1,January,Friday,09,09:00 to 09:59,Major Arterial,<Null>,Traffic Signal,Clear,Daylight,Dry,Pedestrian Collisions,North York,Pleasant View (46),46,Intersection,2,0,1,0,1,0,1,1,0,0,0,0,0,1,0,0,0
1015704,Non-Fatal Injury,"Pedestrian, Automobile",Aggressive and Distracted Driving Collision,-8820487.79540276,5434041.69263209,43.796745,-79.23579000000001,2008-01-11 18:40:00,Winter,2008,1,January,Friday,18,18:00 to 18:59,Collector,At Intersection,Stop Sign,Clear,Dark,Dry,Pedestrian Collisions,Scarborough,Malvern (132),132,Intersection,3,0,1,0,1,1,1,1,0,0,1,0,0,1,0,0,0
1015759,Non-Fatal Injury,"Automobile, Truck",Aggressive and Distracted Driving Collision,-8850566.3218151,5420834.07945294,43.711045,-79.50599,2007-12-10 16:57:00,Autumn,2007,12,December,Monday,16,16:00 to 16:59,Major Arterial,<Null>,Traffic Signal,Clear,Daylight,Dry,Rear End,Etobicoke York,Rustic (28),28,Intersection,8,0,1,2,4,1,6,0,1,0,1,0,0,5,0,1,0
1016685,Non-Fatal Injury,Automobile,Not Recorded,-8841093.03314859,5411075.3695144,43.647645000000004,-79.42089,2008-01-21 11:00:00,Winter,2008,1,January,Monday,11,11:00 to 11:59,Local,<Null>,No Control,Clear,Daylight,Dry,SMV Other,Toronto and East York,Trinity-Bellwoods (81),81,Intersection,2,0,1,0,0,1,1,0,0,0,1,0,0,1,0,0,0
1016775,Non-Fatal Injury,"Pedestrian, Automobile",Not Recorded,-8861408.84021837,5428044.2940084,43.757845,-79.60339,2008-01-23 06:45:00,Winter,2008,1,January,Wednesday,06,06:00 to 06:59,Major Arterial,At Intersection,Traffic Signal,Clear,Dark,Dry,Pedestrian Collisions,Etobicoke York,Mount Olive-Silverstone-Jamestown (2),2,Intersection,2,0,1,0,1,0,1,1,0,0,0,0,0,1,0,0,0
1016912,Non-Fatal Injury,"Pedestrian, Automobile",Not Recorded,-8831129.9387226,5433486.4995777,43.793145,-79.33139,2008-01-17 18:10:00,Winter,2008,1,January,Thursday,18,18:00 to 18:59,Major Arterial,<Null>,Traffic Signal,Clear,Dark,Dry,Pedestrian Collisions,North York,L'Amoreaux (117),117,Intersection,2,0,1,0,1,0,1,1,0,0,0,0,0,1,0,0,0
1017137,Fatal,Automobile,"Speeding  Related Collision, Aggressive and Distracted Driving Collision",-8846169.20192876,5416369.03655794,43.682045,-79.46649000000001,2008-01-25 18:23:00,Winter,2008,1,January,Friday,18,18:00 to 18:59,Minor Arterial,<Null>,Stop Sign,Clear,Dark,Dry,Angle,Etobicoke York,Keelesdale-Eglinton West (110),110,Intersection,4,1,0,1,1,1,2,0,1,0,1,0,0,2,0,0,0
1017235,Non-Fatal Injury,"Cyclist, Automobile",Not Recorded,-8840960.11767659,5413472.68631879,43.663226,-79.419696,2020-06-02 18:56:00,Spring,2020,6,June,Tuesday,18,18:00 to 18:59,Major Arterial,Non Intersection,No Control,Clear,Daylight,Dry,Cyclist Collisions,Etobicoke York,Palmerston-Little Italy (80),80,Mid-Block,2,0,1,0,1,0,1,0,0,1,0,0,1,1,0,0,0
1017587,Non-Fatal Injury,"Pedestrian, Automobile",Aggressive and Distracted Driving Collision,-8829359.95881898,5435707.47251759,43.807545000000005,-79.31549,2008-01-28 08:17:00,Winter,2008,1,January,Monday,08,08:00 to 08:59,Minor Arterial,<Null>,Stop Sign,Clear,Daylight,Dry,Pedestrian Collisions,Scarborough,Steeles (116),116,Intersection,2,0,1,0,1,0,1,1,0,0,0,0,0,1,0,0,0