ACCNUM,ACCLASS,INVOLVED,MOTIVE,X,Y,LATITUDE,LONGITUDE,DATE_TIME,SEASON,YEAR,MONTH,MONTH_NAME,DAY_NAME,HOUR,HOUR_INTERVAL,ROAD_CLASS,ACCLOC,TRAFFCTL,VISIBILITY,LIGHT,RDSFCOND,IMPACTYPE,DISTRICT,NEIGHBOURHOOD,HOOD_ID,LOCCOORD,PEOPLE_COUNT,FATAL_INJURY_COUNT,MAJOR_INJURY_COUNT,MINOR_INJURY_COUNT,NO_INJURY_COUNT,NULL_INJURY_COUNT,DRIVERS_COUNT,PEDESTRIAN_COUNT,PASSENGER_COUNT,CYCLIST_COUNT,OTHER_INVTYPE_COUNT,NULL_INVTYPE_COUNT,PEOPLE_VEH_COUNT,AUTOMOBILE_VEH_COUNT,RECREATIONAL_VEH_COUNT,OTHER_VEH_COUNT,NULL_VEH_COUNT
1017679,Non-Fatal Injury,"Pedestrian, Automobile",Not Recorded,-8856176.82415108,5405123.61659172,43.608945,-79.55639000000001,2008-01-21 19:40:00,Winter,2008,1,January,Monday,19,19:00 to 19:59,Major Arterial,<Null>,Traffic Signal,Clear,Dark,Dry,Pedestrian Collisions,Etobicoke York,Islington-City Centre West (14),14,Intersection,2,0,1,0,1,0,1,1,0,0,0,0,0,1,0,0,0
1017926,Non-Fatal Injury,Automobile,Aggressive and Distracted Driving Collision,-8846158.06997969,5411936.92258898,43.653245,-79.46639,2008-01-22 08:07:00,Winter,2008,1,January,Tuesday,08,08:00 to 08:59,Major Arterial,<Null>,No Control,Snow,Daylight,Loose Snow,Rear End,Toronto and East York,High Park-Swansea (87),87,Mid-Block,4,0,1,1,1,1,3,0,0,0,1,0,0,3,0,0,0
1017943,Non-Fatal Injury,Automobile,Aggressive and Distracted Driving Collision,-8844688.65270122,5418370.34048073,43.695045,-79.45319,2008-01-29 23:55:00,Winter,2008,1,January,Tuesday,23,23:00 to 23:59,Major Arterial,<Null>,No Control,Rain,Dark,Wet,Rear End,North York,Briar Hill-Belgravia (108),108,Mid-Block,4,0,1,1,0,2,2,0,0,0,2,0,0,2,0,0,0
1018105,Non-Fatal Injury,"Pedestrian, Automobile",Aggressive and Distracted Driving Collision,-8855430.98356277,5426919.25276841,43.750545,-79.54969,2008-01-15 07:20:00,Winter,2008,1,January,Tuesday,07,07:00 to 07:59,Major Arterial,<Null>,No Control,Snow,Daylight,Loose Snow,Pedestrian Collisions,Etobicoke York,Humber Summit (21),21,Mid-Block,2,0,1,0,1,0,1,1,0,0,0,0,0,1,0,0,0
1018347,Fatal,Automobile,Not Recorded,-8833100.29370964,5431882.79637049,43.782745,-79.34909,2008-01-31 14:40:00,Winter,2008,1,January,Thursday,14,14:00 to 14:59,Major Arterial,At Intersection,Traffic Signal,Clear,Daylight,Dry,SMV Other,North York,Don Valley Village (47),47,Intersection,2,1,0,1,0,0,1,0,1,0,0,0,0,1,0,0,0
1018638,Non-Fatal Injury,Automobile,"Speeding  Related Collision, Aggressive and Distracted Driving Collision",-8820866.28167146,5429524.009254099,43.767445,-79.23919000000001,2008-02-02 12:49:00,Winter,2008,2,February,Saturday,12,12:00 to 12:59,Minor Arterial,At Intersection,Traffic Signal,Clear,Daylight,Wet,Turning Movement,Scarborough,Woburn (137),137,Intersection,2,0,2,0,0,0,2,0,0,0,0,0,0,2,0,0,0
1018923,Non-Fatal Injury,Automobile,Aggressive and Distracted Driving Collision,-8844410.35397423,5411506.13601037,43.650445,-79.45069000000001,2008-01-25 09:00:00,Winter,2008,1,January,Friday,09,09:00 to 09:59,Minor Arterial,At Intersection,Pedestrian Crossover,Clear,Daylight,Wet,Approaching,Toronto and East York,Roncesvalles (86),86,Intersection,4,0,1,0,1,2,2,0,0,0,2,0,0,2,0,0,0
1019180,Non-Fatal Injury,Automobile,Not Recorded,-8829753.58453843,5419156.04781824,43.700148,-79.31902600000001,2008-02-04 12:45:00,Winter,2008,2,February,Monday,12,12:00 to 12:59,Major Arterial,At Intersection,Traffic Signal,Clear,Daylight,Dry,Other,Toronto and East York,Woodbine-Lumsden (60),60,Intersection,4,0,1,0,2,1,1,0,2,0,1,0,0,1,0,0,0
1019552,Non-Fatal Injury,"Pedestrian, Automobile",Not Recorded,-8835938.94072486,5412244.6395851,43.655245,-79.37459,2008-01-29 17:54:00,Winter,2008,1,January,Tuesday,17,17:00 to 17:59,Minor Arterial,At Intersection,No Control,Clear,Dark,Wet,Pedestrian Collisions,Toronto and East York,Church-Yonge Corridor (75),75,Intersection,2,0,1,0,1,0,1,1,0,0,0,0,0,1,0,0,0
1019756,Fatal,"Pedestrian, Automobile",Not Recorded,-8843519.79804789,5424607.95477682,43.735545,-79.44269,2008-02-08 17:49:00,Winter,2008,2,February,Friday,17,17:00 to 17:59,Major Arterial,At Intersection,Traffic Signal,Rain,Daylight,Wet,Pedestrian Collisions,North York,Clanton Park (33),33,Intersection,4,1,0,0,2,1,1,1,1,0,1,0,0,1,0,0,0
1019958,Non-Fatal Injury,Automobile,"Speeding  Related Collision, Red Light Related  Collision, Aggressive and Distracted Driving Collision",-8841404.72772281,5417231.08353009,43.687645,-79.42369000000001,2008-01-11 03:28:00,Winter,2008,1,January,Friday,03,03:00 to 03:59,Minor Arterial,At Intersection,Traffic Signal,Rain,Dark,Wet,Angle,Toronto and East York,Humewood-Cedarvale (106),106,Intersection,6,0,1,2,1,2,2,0,2,0,2,0,0,2,0,0,0
1020139,Non-Fatal Injury,"Pedestrian, Automobile",Aggressive and Distracted Driving Collision,-8844221.11083988,5419632.92456226,43.703245,-79.44899000000001,2008-01-23 10:00:00,Winter,2008,1,January,Wednesday,10,10:00 to 10:59,Local,<Null>,Stop Sign,Clear,Daylight,Wet,Pedestrian Collisions,North York,Briar Hill-Belgravia (108),108,Intersection,2,0,1,0,1,0,1,1,0,0,0,0,0,1,0,0,0
1020344,Non-Fatal Injury,"Pedestrian, Automobile",Aggressive and Distracted Driving Collision,-8833590.09946913,5413783.37831864,43.665245,-79.35349000000001,2008-01-29 19:55:00,Winter,2008,1,January,Tuesday,19,19:00 to 19:59,Minor Arterial,<Null>,No Control,Rain,Dark,Wet,Pedestrian Collisions,Toronto and East York,South Riverdale (70),70,Intersection,2,0,1,0,1,0,1,1,0,0,0,0,0,1,0,0,0
1020755,Non-Fatal Injury,Automobile,"Speeding  Related Collision, Aggressive and Distracted Driving Collision",-8825396.98494674,5428737.88096529,43.762345,-79.27989000000001,2008-02-03 15:20:00,Winter,2008,2,February,Sunday,15,15:00 to 15:59,Major Arterial,<Null>,No Control,Clear,Daylight,Wet,Approaching,Scarborough,Dorset Park (126),126,Mid-Block,6,0,1,2,1,2,2,0,2,0,2,0,0,2,0,0,0
1020812,Non-Fatal Injury,Automobile,Aggressive and Distracted Driving Collision,-8855642.49059527,5415845.69015363,43.678645,-79.55159,2008-02-05 16:51:00,Winter,2008,2,February,Tuesday,16,16:00 to 16:59,Major Arterial,<Null>,No Control,Clear,Dusk,Dry,Rear End,Etobicoke York,Willowridge-Martingrove-Richview (7),7,Mid-Block,3,0,1,2,0,0,2,0,1,0,0,0,0,2,0,0,0
1021038,Non-Fatal Injury,"Pedestrian, Automobile",Not Recorded,-8842506.79068167,5412244.6395851,43.655245,-79.43359,2008-01-30 10:49:00,Winter,2008,1,January,Wednesday,10,10:00 to 10:59,Major Arterial,<Null>,Traffic Signal,Clear,Daylight,Dry,Pedestrian Collisions,Toronto and East York,Dufferin Grove (83),83,Mid-Block,2,0,1,0,1,0,1,1,0,0,0,0,0,1,0,0,0
1021293,Non-Fatal Injury,Automobile,"Speeding  Related Collision, Aggressive and Distracted Driving Collision",-8824985.10283081,5435229.30118102,43.804445,-79.27619,2008-02-02 23:07:00,Winter,2008,2,February,Saturday,23,23:00 to 23:59,Major Arterial,<Null>,No Control,Snow,Dark,Slush,Approaching,Scarborough,Agincourt North (129),129,Mid-Block,5,0,1,1,1,2,2,0,1,0,2,0,0,2,0,0,0
1021846,Non-Fatal Injury,Automobile,Alcohol  Related Collision,-8819730.82286536,5429770.65154918,43.769045,-79.22899,2008-02-17 10:58:00,Winter,2008,2,February,Sunday,10,10:00 to 10:59,Major Arterial,<Null>,No Control,Rain,Daylight,Wet,Approaching,Scarborough,Woburn (137),137,Mid-Block,4,0,1,2,0,1,2,0,1,0,1,0,0,2,0,0,0
1021860,Non-Fatal Injury,"Pedestrian, Automobile",Not Recorded,-8843987.33990922,5409429.41107608,43.636945000000004,-79.44689,2008-02-17 02:15:00,Winter,2008,2,February,Sunday,02,02:00 to 02:59,Major Arterial,<Null>,No Control,Clear,Dark,Dry,Pedestrian Collisions,Toronto and East York,South Parkdale (85),85,Mid-Block,7,0,2,2,1,2,1,3,0,0,3,0,0,1,0,0,0
1022016,Non-Fatal Injury,"Pedestrian, Automobile",Aggressive and Distracted Driving Collision,-8823983.22741367,5426996.30600978,43.751045,-79.26719,2008-01-27 10:15:00,Winter,2008,1,January,Sunday,10,10:00 to 10:59,Major Arterial,At Intersection,Stop Sign,Clear,Daylight,Wet,Pedestrian Collisions,Scarborough,Dorset Park (126),126,Intersection,2,0,1,0,1,0,1,1,0,0,0,0,0,1,0,0,0
1022763,Non-Fatal Injury,Automobile,Aggressive and Distracted Driving Collision,-8849052.37674031,5417015.5642425,43.686245,-79.49239,2008-02-05 23:37:00,Winter,2008,2,February,Tuesday,23,23:00 to 23:59,Major Arterial,<Null>,No Control,Freezing Rain,Dark,Slush,Turning Movement,Etobicoke York,Mount Dennis (115),115,Mid-Block,3,0,1,1,0,1,2,0,0,0,1,0,0,2,0,0,0
1023187,Fatal,Automobile,Alcohol  Related Collision,-8843965.07601106,5432730.87388038,43.788245,-79.44669,2008-02-24 21:32:00,Winter,2008,2,February,Sunday,21,21:00 to 21:59,Major Arterial,<Null>,No Control,Clear,Dark,Dry,Approaching,North York,Newtonbrook West (36),36,Mid-Block,6,1,0,5,0,0,2,0,4,0,0,0,0,2,0,0,0
1023204,Non-Fatal Injury,Automobile,"Red Light Related  Collision, Alcohol  Related Collision, Aggressive and Distracted Driving Collision",-8822202.11556097,5440181.89077369,43.836545,-79.25119000000001,2008-02-03 03:43:00,Winter,2008,2,February,Sunday,03,03:00 to 03:59,Major Arterial,At Intersection,Traffic Signal,Clear,Dark,Dry,Angle,Scarborough,Rouge (131),131,Intersection,4,0,1,2,1,0,2,0,2,0,0,0,0,2,0,0,0
1023759,Non-Fatal Injury,"Pedestrian, Automobile",Not Recorded,-8844566.20126134,5419494.33982426,43.702345,-79.45209,2007-12-20 18:20:00,Autumn,2007,12,December,Thursday,18,18:00 to 18:59,Major Arterial,At Intersection,Traffic Signal,Clear,Dark,Dry,Pedestrian Collisions,North York,Briar Hill-Belgravia (108),108,Intersection,2,0,1,0,1,0,1,1,0,0,0,0,0,1,0,0,0
1024000,Non-Fatal Injury,"Pedestrian, Automobile",Aggressive and Distracted Driving Collision,-8850688.77325497,5421465.5184227,43.715145,-79.50709,2008-02-26 16:51:00,Winter,2008,2,February,Tuesday,16,16:00 to 16:59,Major Arterial,<Null>,No Control,Snow,Dark,Wet,Pedestrian Collisions,Etobicoke York,Rustic (28),28,Mid-Block,3,0,1,0,1,1,1,1,0,0,1,0,0,1,0,0,0
1024139,Non-Fatal Injury,"Pedestrian, Automobile",Not Recorded,-8842751.69356141,5416045.78968866,43.679945000000004,-79.43579,2008-02-11 12:39:00,Winter,2008,2,February,Monday,12,12:00 to 12:59,Minor Arterial,<Null>,No Control,Clear,Daylight,Wet,Pedestrian Collisions,Toronto and East York,Wychwood (94),94,Mid-Block,2,0,1,0,1,0,1,1,0,0,0,0,0,1,0,0,0
1024196,Non-Fatal Injury,"Pedestrian, Automobile",Aggressive and Distracted Driving Collision,-8860251.11751411,5425809.75745877,43.743345,-79.59299,2008-02-28 06:00:00,Winter,2008,2,February,Thursday,06,06:00 to 06:59,Local,<Null>,No Control,Clear,Dark,Dry,Pedestrian Collisions,Etobicoke York,Mount Olive-Silverstone-Jamestown (2),2,Mid-Block,2,0,1,0,1,0,1,1,0,0,0,0,0,1,0,0,0
1024249,Non-Fatal Injury,Automobile,"Red Light Related  Collision, Aggressive and Distracted Driving Collision",-8827356.207984699,5423082.8152455,43.725645,-79.29749,2008-02-11 15:09:00,Winter,2008,2,February,Monday,15,15:00 to 15:59,Major Arterial,At Intersection,Traffic Signal,Clear,Daylight,Wet,Turning Movement,Scarborough,Wexford/Maryvale (119),119,Intersection,3,0,1,1,1,0,3,0,0,0,0,0,0,3,0,0,0
1024408,Non-Fatal Injury,"Pedestrian, Automobile",Not Recorded,-8828636.38212883,5431605.26067678,43.780945,-79.30899000000001,2008-02-15 19:00:00,Winter,2008,2,February,Friday,19,19:00 to 19:59,Major Arterial,<Null>,No Control,Clear,Dark,Dry,Pedestrian Collisions,Scarborough,Tam O'Shanter-Sullivan (118),118,Intersection,2,0,1,0,1,0,1,1,0,0,0,0,0,1,0,0,0
1024623,Fatal,"Automobile, Truck","Speeding  Related Collision, Aggressive and Distracted Driving Collision",-8853861.37874258,5423206.04948192,43.726445,-79.53559,2008-02-29 15:30:00,Winter,2008,2,February,Friday,15,15:00 to 15:59,Major Arterial,<Null>,No Control,Snow,Daylight,Slush,Approaching,Etobicoke York,Pelmo Park-Humberlea (23),23,Intersection,3,2,0,0,1,0,2,0,1,0,0,0,0,1,0,1,0
1025421,Non-Fatal Injury,"Pedestrian, Cyclist",Not Recorded,-8837652.92692461,5414444.80698631,43.669543,-79.389987,2008-01-26 14:15:00,Winter,2008,1,January,Saturday,14,14:00 to 14:59,Major Arterial,<Null>,No Control,Clear,Daylight,Dry,Pedestrian Collisions,Toronto and East York,Bay Street Corridor (76),76,Mid-Block,2,0,1,0,1,0,0,1,0,1,0,0,1,0,0,0,0
1025433,Non-Fatal Injury,Automobile,Aggressive and Distracted Driving Collision,-8839389.84493946,5418739.85941227,43.697445,-79.40559,2008-01-26 10:47:00,Winter,2008,1,January,Saturday,10,10:00 to 10:59,Major Arterial,At Intersection,Stop Sign,Clear,Daylight,Wet,Turning Movement,Toronto and East York,Yonge-St.Clair (97),97,Intersection,4,0,1,0,1,2,2,0,0,0,2,0,0,2,0,0,0
1025489,Non-Fatal Injury,"Pedestrian, Automobile",Aggressive and Distracted Driving Collision,-8833411.98828386,5413537.16289786,43.663645,-79.35189,2008-01-29 21:29:00,Winter,2008,1,January,Tuesday,21,21:00 to 21:59,Minor Arterial,<Null>,Pedestrian Crossover,Rain,Dark,Wet,Pedestrian Collisions,Toronto and East York,South Riverdale (70),70,Mid-Block,2,0,1,0,1,0,1,1,0,0,0,0,0,1,0,0,0
1025521,Non-Fatal Injury,Automobile,"Speeding  Related Collision, Alcohol  Related Collision, Aggressive and Distracted Driving Collision",-8853738.92730271,5402863.87688529,43.594245,-79.53449,2008-02-18 01:03:00,Winter,2008,2,February,Monday,01,01:00 to 01:59,Major Arterial,<Null>,No Control,Rain,Dark,Wet,SMV Other,Etobicoke York,Long Branch (19),19,Mid-Block,1,0,1,0,0,0,1,0,0,0,0,0,0,1,0,0,0
1025610,Non-Fatal Injury,Automobile,Medical or Physical Disability Related Collision,-8850800.09274577,5416753.86901258,43.684545,-79.50809,2008-03-04 13:31:00,Winter,2008,3,March,Tuesday,13,13:00 to 13:59,Major Arterial,At Intersection,No Control,Clear,Daylight,Dry,SMV Other,Etobicoke York,Mount Dennis (115),115,Mid-Block,1,0,1,0,0,0,1,0,0,0,0,0,0,1,0,0,0
1025897,Non-Fatal Injury,"Pedestrian, Automobile",Aggressive and Distracted Driving Collision,-8835081.78064576,5412090.77980601,43.654245,-79.36689,2008-02-20 09:05:00,Winter,2008,2,February,Wednesday,09,09:00 to 09:59,Local,At Intersection,No Control,Clear,Daylight,Ice,Pedestrian Collisions,Toronto and East York,Moss Park (73),73,Mid-Block,2,0,1,0,1,0,1,1,0,0,0,0,0,1,0,0,0
1026032,Non-Fatal Injury,Automobile,"Red Light Related  Collision, Aggressive and Distracted Driving Collision",-8857779.82481851,5417831.48521414,43.691545,-79.57079,2008-02-24 12:45:00,Winter,2008,2,February,Sunday,12,12:00 to 12:59,Major Arterial,At Intersection,Traffic Signal,Clear,Daylight,Dry,Angle,Etobicoke York,West Humber-Clairville (1),1,Intersection,3,0,1,1,1,0,2,0,1,0,0,0,0,2,0,0,0
1026057,Non-Fatal Injury,Automobile,"Red Light Related  Collision, Aggressive and Distracted Driving Collision",-8833668.02311268,5433039.28504989,43.790245,-79.35419,2008-02-23 09:40:00,Winter,2008,2,February,Saturday,09,09:00 to 09:59,Major Arterial,At Intersection,Traffic Signal,Clear,Daylight,Dry,Angle,North York,Don Valley Village (47),47,Intersection,4,0,1,3,0,0,2,0,2,0,0,0,0,2,0,0,0
1026199,Non-Fatal Injury,Automobile,"Speeding  Related Collision, Aggressive and Distracted Driving Collision",-8861208.46513494,5423822.24535302,43.730445,-79.60159,2008-02-26 20:40:00,Winter,2008,2,February,Tuesday,20,20:00 to 20:59,Major Arterial,<Null>,Traffic Signal,Snow,Dark,Wet,Rear End,Etobicoke York,West Humber-Clairville (1),1,Intersection,3,0,1,1,1,0,2,0,1,0,0,0,0,1,0,1,0
1026352,Non-Fatal Injury,Automobile,Aggressive and Distracted Driving Collision,-8852069.13494081,5404431.80089595,43.604445,-79.51949,2008-02-04 22:50:00,Winter,2008,2,February,Monday,22,22:00 to 22:59,Major Arterial,<Null>,No Control,Clear,Dark,Loose Snow,Angle,Etobicoke York,New Toronto (18),18,Mid-Block,5,0,2,1,2,0,3,0,2,0,0,0,0,3,0,0,0
1026360,Non-Fatal Injury,"Pedestrian, Automobile",Aggressive and Distracted Driving Collision,-8830183.72305085,5428645.39969025,43.761745,-79.32289,2008-02-27 08:45:00,Winter,2008,2,February,Wednesday,08,08:00 to 08:59,Collector,<Null>,Pedestrian Crossover,Clear,Daylight,Wet,Pedestrian Collisions,North York,Parkwoods-Donalda (45),45,Intersection,2,0,1,0,1,0,1,1,0,0,0,0,0,1,0,0,0
1026562,Non-Fatal Injury,Automobile,"Speeding  Related Collision, Aggressive and Distracted Driving Collision",-8830395.23008336,5430063.54784414,43.770945000000005,-79.32479000000001,2008-03-07 17:00:00,Winter,2008,3,March,Friday,17,17:00 to 17:59,Minor Arterial,<Null>,No Control,Snow,Daylight,Loose Snow,Approaching,North York,Henry Farm (53),53,Mid-Block,2,0,1,0,1,0,2,0,0,0,0,0,0,2,0,0,0
1026843,Fatal,Automobile,Aggressive and Distracted Driving Collision,-8851289.89850526,5416907.80648495,43.685545,-79.51249,2008-03-09 09:20:00,Winter,2008,3,March,Sunday,09,09:00 to 09:59,Major Arterial,<Null>,Stop Sign,Clear,Daylight,Packed Snow,Turning Movement,Etobicoke York,Humber Heights-Westmount (8),8,Intersection,3,1,0,2,0,0,2,0,1,0,0,0,0,2,0,0,0
1026920,Non-Fatal Injury,Automobile,Not Recorded,-8842929.80474668,5408967.9800122,43.633945000000004,-79.43739000000001,2008-03-10 03:00:00,Winter,2008,3,March,Monday,03,03:00 to 03:59,Major Arterial,<Null>,No Control,Clear,Dark,Wet,SMV Other,Toronto and East York,South Parkdale (85),85,Mid-Block,2,0,1,0,0,1,1,0,0,0,1,0,0,1,0,0,0
1026958,Non-Fatal Injury,Automobile,Alcohol  Related Collision,-8847983.7096287,5426688.09690647,43.749045,-79.48279000000001,2008-03-09 22:53:00,Winter,2008,3,March,Sunday,22,22:00 to 22:59,Major Arterial,<Null>,No Control,Clear,Dark,Dry,Approaching,North York,Downsview-Roding-CFB (26),26,Mid-Block,2,0,1,1,0,0,2,0,0,0,0,0,0,2,0,0,0
1027159,Non-Fatal Injury,Automobile,Not Recorded,-8817003.49534093,5426333.66916916,43.746745000000004,-79.20449,2008-03-10 15:22:00,Winter,2008,3,March,Monday,15,15:00 to 15:59,Minor Arterial,<Null>,No Control,Clear,Daylight,Dry,Approaching,Scarborough,Guildwood (140),140,Mid-Block,2,0,1,0,1,0,2,0,0,0,0,0,0,2,0,0,0
1027162,Non-Fatal Injury,Automobile,"Speeding  Related Collision, Aggressive and Distracted Driving Collision",-8854239.86501128,5416030.39726281,43.679845,-79.53899,2008-03-10 21:55:00,Winter,2008,3,March,Monday,21,21:00 to 21:59,Major Arterial,<Null>,Traffic Signal,Clear,Dark,Dry,Turning Movement,Etobicoke York,Willowridge-Martingrove-Richview (7),7,Intersection,4,0,1,2,0,1,2,0,1,0,1,0,0,2,0,0,0
1027277,Non-Fatal Injury,Automobile,Not Recorded,-8855097.02509039,5418678.27189661,43.697045,-79.54669,2008-02-27 14:32:00,Winter,2008,2,February,Wednesday,14,14:00 to 14:59,Major Arterial,At Intersection,Traffic Signal,Clear,Daylight,Dry,Rear End,Etobicoke York,Kingsview Village-The Westway (6),6,Intersection,2,0,1,0,1,0,2,0,0,0,0,0,0,2,0,0,0
1027279,Non-Fatal Injury,"Pedestrian, Automobile",Not Recorded,-8837708.92062848,5412952.42757205,43.659845000000004,-79.39049,2008-02-28 19:13:00,Winter,2008,2,February,Thursday,19,19:00 to 19:59,Major Arterial,At Intersection,Traffic Signal,Clear,Dusk,Dry,Pedestrian Collisions,Toronto and East York,Bay Street Corridor (76),76,Intersection,2,0,1,0,1,0,1,1,0,0,0,0,0,1,0,0,0
1027306,Fatal,Automobile,"Red Light Related  Collision, Aggressive and Distracted Driving Collision",-8829515.80610609,5437836.40740168,43.821345,-79.31689,2008-02-28 10:25:00,Winter,2008,2,February,Thursday,10,10:00 to 10:59,Major Arterial,At Intersection,Traffic Signal,Clear,Daylight,Dry,Angle,Scarborough,Steeles (116),116,Intersection,3,1,0,1,0,1,2,0,0,0,1,0,0,2,0,0,0
1027349,Non-Fatal Injury,"Pedestrian, Automobile",Aggressive and Distracted Driving Collision,-8838220.99028613,5414691.35440481,43.671145,-79.39509,2008-03-01 13:41:00,Winter,2008,3,March,Saturday,13,13:00 to 13:59,Major Arterial,At Intersection,No Control,Clear,Daylight,Dry,Pedestrian Collisions,Toronto and East York,Annex (95),95,Intersection,2,0,1,0,1,0,1,1,0,0,0,0,0,1,0,0,0
1028235,Fatal,"Pedestrian, Automobile",Not Recorded,-8836495.53817883,5414876.03843012,43.672345,-79.37959000000001,2008-03-15 14:04:00,Winter,2008,3,March,Saturday,14,14:00 to 14:59,Major Arterial,At Intersection,No Control,Clear,Daylight,Dry,Pedestrian Collisions,Toronto and East York,Rosedale-Moore Park (98),98,Mid-Block,3,1,0,0,1,1,1,1,0,0,1,0,0,1,0,0,0
1028580,Non-Fatal Injury,"Pedestrian, Automobile","Speeding  Related Collision, Aggressive and Distracted Driving Collision",-8823315.31046891,5427196.64745003,43.752345,-79.26119,2008-03-04 12:30:00,Winter,2008,3,March,Tuesday,12,12:00 to 12:59,Major Arterial,<Null>,No Control,Clear,Daylight,Dry,Pedestrian Collisions,Scarborough,Bendale (127),127,Mid-Block,4,0,1,2,0,1,2,1,0,0,1,0,0,2,0,0,0
1029220,Non-Fatal Injury,"Cyclist, Automobile",Not Recorded,-8839868.51874987,5410813.84251003,43.645945000000005,-79.40989,2008-03-19 13:32:00,Winter,2008,3,March,Wednesday,13,13:00 to 13:59,Major Arterial,At Intersection,Traffic Signal,Clear,Daylight,Dry,Cyclist Collisions,Toronto and East York,Niagara (82),82,Intersection,2,0,1,0,1,0,1,0,0,1,0,0,1,1,0,0,0
1029413,Non-Fatal Injury,Automobile,Not Recorded,-8842406.60313995,5420880.28083961,43.711345,-79.43269000000001,2008-03-20 13:05:00,Winter,2008,3,March,Thursday,13,13:00 to 13:59,Minor Arterial,At Intersection,Stop Sign,Clear,Daylight,Dry,Turning Movement,North York,Englemount-Lawrence (32),32,Intersection,2,0,1,1,0,0,2,0,0,0,0,0,0,2,0,0,0
1029708,Non-Fatal Injury,Automobile,"Red Light Related  Collision, Aggressive and Distracted Driving Collision",-8822357.96284808,5423344.68996519,43.727345,-79.25259,2008-03-11 14:50:00,Winter,2008,3,March,Tuesday,14,14:00 to 14:59,Major Arterial,At Intersection,Traffic Signal,Clear,Daylight,Dry,Turning Movement,Scarborough,Kennedy Park (124),124,Intersection,3,0,1,1,0,1,2,0,0,0,1,0,0,2,0,0,0
1029779,Non-Fatal Injury,Automobile,Aggressive and Distracted Driving Collision,-8837074.39953095,5411075.3695144,43.647645000000004,-79.38479,2008-03-13 22:19:00,Winter,2008,3,March,Thursday,22,22:00 to 22:59,Major Arterial,<Null>,Traffic Signal,Clear,Dark,Dry,Rear End,Toronto and East York,Bay Street Corridor (76),76,Intersection,2,0,1,0,1,0,2,0,0,0,0,0,0,2,0,0,0
1030609,Non-Fatal Injury,"Automobile, City Vehicle",Not Recorded,-8836373.08673896,5409983.15876322,43.640545,-79.37849,2008-03-10 17:20:00,Winter,2008,3,March,Monday,17,17:00 to 17:59,Minor Arterial,<Null>,No Control,Clear,Daylight,Dry,Turning Movement,Toronto and East York,Waterfront Communities-The Island (77),77,Mid-Block,3,0,1,0,1,1,2,0,0,0,1,0,0,1,0,1,0
1030716,Non-Fatal Injury,"Pedestrian, Automobile","Speeding  Related Collision, Aggressive and Distracted Driving Collision",-8842306.41559824,5415230.02646743,43.674645,-79.43179,2008-03-17 22:30:00,Winter,2008,3,March,Monday,22,22:00 to 22:59,Minor Arterial,<Null>,No Control,Clear,Dark,Dry,Pedestrian Collisions,Toronto and East York,Wychwood (94),94,Mid-Block,2,0,1,0,1,0,1,1,0,0,0,0,0,1,0,0,0
1030828,Non-Fatal Injury,"Pedestrian, Automobile",Aggressive and Distracted Driving Collision,-8826298.67282217,5426349.07878759,43.746845,-79.28799000000001,2008-03-28 13:50:00,Spring,2008,3,March,Friday,13,13:00 to 13:59,Major Arterial,At Intersection,Traffic Signal,Clear,Daylight,Dry,Pedestrian Collisions,Scarborough,Wexford/Maryvale (119),119,Intersection,3,0,1,0,1,1,1,1,0,0,1,0,0,1,0,0,0
1031031,Non-Fatal Injury,"Pedestrian, Automobile",Not Recorded,-8848918.79335136,5413860.32198345,43.665745,-79.49119,2008-03-06 15:30:00,Winter,2008,3,March,Thursday,15,15:00 to 15:59,Major Arterial,At Intersection,Traffic Signal,Clear,Daylight,Dry,Pedestrian Collisions,Toronto and East York,Runnymede-Bloor West Village (89),89,Intersection,2,0,1,0,1,0,1,1,0,0,0,0,0,1,0,0,0
1031488,Non-Fatal Injury,"Pedestrian, Automobile","Red Light Related  Collision, Aggressive and Distracted Driving Collision",-8836295.163095402,5410367.72528974,43.643045,-79.37779,2008-04-01 19:15:00,Spring,2008,4,April,Tuesday,19,19:00 to 19:59,Major Arterial,<Null>,Traffic Signal,Clear,Dark,Dry,Pedestrian Collisions,Toronto and East York,Waterfront Communities-The Island (77),77,Intersection,4,0,2,1,0,1,1,2,0,0,1,0,0,1,0,0,0
1031555,Non-Fatal Injury,Automobile,Aggressive and Distracted Driving Collision,-8847705.41090171,5416569.14743295,43.683345,-79.48029,2008-03-11 10:55:00,Winter,2008,3,March,Tuesday,10,10:00 to 10:59,Major Arterial,At Intersection,No Control,Clear,Daylight,Dry,Rear End,Etobicoke York,Rockcliffe-Smythe (111),111,Intersection,2,0,1,0,1,0,2,0,0,0,0,0,0,2,0,0,0
1031943,Non-Fatal Injury,Automobile,"Speeding  Related Collision, Red Light Related  Collision, Aggressive and Distracted Driving Collision",-8831975.96685262,5412721.62118363,43.658345000000004,-79.33899,2008-03-13 00:10:00,Winter,2008,3,March,Thursday,00,00:00 to 00:59,Major Arterial,At Intersection,Traffic Signal,Clear,Dark,Dry,Angle,Toronto and East York,South Riverdale (70),70,Intersection,5,0,1,2,0,2,2,0,1,0,2,0,0,2,0,0,0
1032022,Non-Fatal Injury,"Automobile, Motorcycle",Not Recorded,-8822502.67818611,5432283.69601417,43.785345,-79.25389,2008-04-03 17:43:00,Spring,2008,4,April,Thursday,17,17:00 to 17:59,Minor Arterial,<Null>,No Control,Clear,Daylight,Dry,Turning Movement,Scarborough,Agincourt South-Malvern West (128),128,Mid-Block,5,0,1,0,3,1,2,0,2,0,1,0,0,1,1,0,0