ACCNUM,ACCLASS,INVOLVED,MOTIVE,X,Y,LATITUDE,LONGITUDE,DATE_TIME,SEASON,YEAR,MONTH,MONTH_NAME,DAY_NAME,HOUR,HOUR_INTERVAL,ROAD_CLASS,ACCLOC,TRAFFCTL,VISIBILITY,LIGHT,RDSFCOND,IMPACTYPE,DISTRICT,NEIGHBOURHOOD,HOOD_ID,LOCCOORD,PEOPLE_COUNT,FATAL_INJURY_COUNT,MAJOR_INJURY_COUNT,MINOR_INJURY_COUNT,NO_INJURY_COUNT,NULL_INJURY_COUNT,DRIVERS_COUNT,PEDESTRIAN_COUNT,PASSENGER_COUNT,CYCLIST_COUNT,OTHER_INVTYPE_COUNT,NULL_INVTYPE_COUNT,PEOPLE_VEH_COUNT,AUTOMOBILE_VEH_COUNT,RECREATIONAL_VEH_COUNT,OTHER_VEH_COUNT,NULL_VEH_COUNT
1042286,Non-Fatal Injury,"Cyclist, Automobile",Not Recorded,-8840970.58170872,5422959.58265485,43.724845,-79.41979,2008-05-15 19:20:00,Spring,2008,5,May,Thursday,19,19:00 to 19:59,Collector,At Intersection,Stop Sign,Clear,Daylight,Dry,Cyclist Collisions,North York,Bedford Park-Nortown (39),39,Intersection,2,0,1,0,1,0,1,0,0,1,0,0,1,1,0,0,0
1042295,Non-Fatal Injury,Automobile,"Red Light Related  Collision, Aggressive and Distracted Driving Collision",-8827356.207984699,5427150.41442372,43.752045,-79.29749,2008-06-09 12:23:00,Spring,2008,6,June,Monday,12,12:00 to 12:59,Major Arterial,At Intersection,Traffic Signal,Clear,Daylight,Dry,Angle,Scarborough,Wexford/Maryvale (119),119,Intersection,3,0,1,0,2,0,2,0,1,0,0,0,0,2,0,0,0
1042297,Non-Fatal Injury,Automobile,Medical or Physical Disability Related Collision,-8854061.41986754,5422374.25032233,43.721045000000004,-79.537387,2008-06-08 17:20:00,Spring,2008,6,June,Sunday,17,17:00 to 17:59,Major Arterial,<Null>,No Control,Clear,Daylight,Dry,SMV Other,Etobicoke York,Pelmo Park-Humberlea (23),23,Mid-Block,6,0,1,5,0,0,1,0,5,0,0,0,0,1,0,0,0
1042389,Non-Fatal Injury,"Automobile, Motorcycle",Aggressive and Distracted Driving Collision,-8858970.94336999,5411552.29075458,43.650745,-79.58149,2008-05-23 21:35:00,Spring,2008,5,May,Friday,21,21:00 to 21:59,Minor Arterial,<Null>,No Control,Clear,Dark,Dry,Turning Movement,Etobicoke York,Eringate-Centennial-West Deane (11),11,Mid-Block,3,0,1,1,1,0,2,0,1,0,0,0,0,1,1,0,0
1042639,Non-Fatal Injury,"Automobile, Motorcycle","Speeding  Related Collision, Aggressive and Distracted Driving Collision",-8834100.27669543,5419421.0447373,43.701869,-79.358073,2008-05-28 16:48:00,Spring,2008,5,May,Wednesday,16,16:00 to 16:59,Major Arterial,At Intersection,Traffic Signal,Clear,Daylight,Dry,Turning Movement,North York,Thorncliffe Park (55),55,Intersection,2,0,1,0,1,0,2,0,0,0,0,0,0,1,1,0,0
1043009,Non-Fatal Injury,Automobile,"Red Light Related  Collision, Aggressive and Distracted Driving Collision",-8854930.0458542,5404001.36391425,43.601645,-79.54519,2008-06-13 12:35:00,Spring,2008,6,June,Friday,12,12:00 to 12:59,Major Arterial,At Intersection,Traffic Signal,Clear,Daylight,Dry,Angle,Etobicoke York,Alderwood (20),20,Intersection,6,0,1,5,0,0,3,0,3,0,0,0,0,3,0,0,0
1043011,Non-Fatal Injury,"Pedestrian, Automobile",Not Recorded,-8832821.99498265,5429786.06691169,43.769145,-79.34659,2008-06-13 23:21:00,Spring,2008,6,June,Friday,23,23:00 to 23:59,Major Arterial,<Null>,No Control,Rain,Dark,Wet,Pedestrian Collisions,North York,Henry Farm (53),53,Mid-Block,2,0,1,1,0,0,1,1,0,0,0,0,0,1,0,0,0
1043101,Non-Fatal Injury,"Pedestrian, Automobile, City Vehicle",Not Recorded,-8842328.6794964,5423560.35707972,43.728745,-79.43199,2008-06-14 18:13:00,Spring,2008,6,June,Saturday,18,18:00 to 18:59,Major Arterial,At Intersection,No Control,Clear,Daylight,Dry,Pedestrian Collisions,North York,Bedford Park-Nortown (39),39,Intersection,5,0,2,0,1,2,2,1,0,0,2,0,0,1,0,1,0
1043273,Fatal,"Pedestrian, Automobile",Aggressive and Distracted Driving Collision,-8853683.26755731,5402879.24739924,43.594345000000004,-79.53399,2008-06-11 20:10:00,Spring,2008,6,June,Wednesday,20,20:00 to 20:59,Major Arterial,At Intersection,Traffic Signal,Clear,Dusk,Dry,Pedestrian Collisions,Etobicoke York,Long Branch (19),19,Intersection,3,1,0,0,1,1,1,1,0,0,1,0,0,1,0,0,0
1043405,Fatal,"Pedestrian, Automobile",Aggressive and Distracted Driving Collision,-8831241.25821339,5435738.32313339,43.807745000000004,-79.33239,2008-06-14 00:05:00,Spring,2008,6,June,Saturday,00,00:00 to 00:59,Minor Arterial,<Null>,No Control,Rain,Dark,Wet,Pedestrian Collisions,Scarborough,Steeles (116),116,Mid-Block,3,2,0,0,1,0,1,2,0,0,0,0,0,1,0,0,0
1043639,Non-Fatal Injury,"Pedestrian, Automobile",Not Recorded,-8842595.846274301,5425116.39065066,43.738845,-79.43439000000001,2008-06-16 13:55:00,Spring,2008,6,June,Monday,13,13:00 to 13:59,Major Arterial,<Null>,No Control,Clear,Daylight,Dry,Pedestrian Collisions,North York,Lansing-Westgate (38),38,Mid-Block,4,0,2,0,1,1,1,2,0,0,1,0,0,1,0,0,0
1043747,Fatal,"Pedestrian, Automobile",Aggressive and Distracted Driving Collision,-8849842.74512494,5414044.9893939,43.666945,-79.49949000000001,2008-06-18 09:09:00,Spring,2008,6,June,Wednesday,09,09:00 to 09:59,Minor Arterial,At Intersection,Pedestrian Crossover,Clear,Daylight,Dry,Pedestrian Collisions,Etobicoke York,Rockcliffe-Smythe (111),111,Intersection,3,1,0,0,1,1,1,1,0,0,1,0,0,1,0,0,0
1044158,Non-Fatal Injury,"Pedestrian, Automobile","Speeding  Related Collision, Red Light Related  Collision, Aggressive and Distracted Driving Collision",-8820075.91328682,5425332.09918416,43.740245,-79.23209,2008-06-01 10:31:00,Spring,2008,6,June,Sunday,10,10:00 to 10:59,Major Arterial,At Intersection,Traffic Signal,Clear,Daylight,Dry,Pedestrian Collisions,Scarborough,Eglinton East (138),138,Intersection,6,0,1,5,0,0,2,2,2,0,0,0,0,2,0,0,0
1044246,Non-Fatal Injury,Automobile,Medical or Physical Disability Related Collision,-8823293.04657075,5431111.88451851,43.777745,-79.26099,2008-06-20 15:00:00,Spring,2008,6,June,Friday,15,15:00 to 15:59,Minor Arterial,<Null>,Traffic Signal,Clear,Daylight,Dry,SMV Other,Scarborough,Bendale (127),127,Mid-Block,2,0,1,0,0,1,1,0,0,0,1,0,0,1,0,0,0
1044477,Non-Fatal Injury,Pedestrian,Aggressive and Distracted Driving Collision,-8830951.82753733,5416369.03655794,43.682045,-79.32979,2008-06-01 11:50:00,Spring,2008,6,June,Sunday,11,11:00 to 11:59,Major Arterial,<Null>,Traffic Signal,Clear,Daylight,Dry,Pedestrian Collisions,Toronto and East York,Danforth (66),66,Intersection,2,0,1,0,1,0,1,1,0,0,0,0,0,0,0,1,0
1044518,Non-Fatal Injury,"Cyclist, Automobile",Not Recorded,-8844488.27761779,5411998.46516836,43.653645000000004,-79.45139,2008-06-15 02:15:00,Spring,2008,6,June,Sunday,02,02:00 to 02:59,Minor Arterial,<Null>,No Control,Clear,Dark,Dry,Cyclist Collisions,Toronto and East York,Roncesvalles (86),86,Mid-Block,2,0,1,0,1,0,1,0,0,1,0,0,1,1,0,0,0
1044584,Non-Fatal Injury,Automobile,Not Recorded,-8848061.63327225,5416122.75220274,43.680445,-79.48349,2008-06-02 11:46:00,Spring,2008,6,June,Monday,11,11:00 to 11:59,Local,<Null>,No Control,Clear,Daylight,Dry,SMV Other,Etobicoke York,Rockcliffe-Smythe (111),111,Mid-Block,2,0,1,0,0,1,1,0,0,0,1,0,0,1,0,0,0
1044627,Non-Fatal Injury,Automobile,Aggressive and Distracted Driving Collision,-8842462.26288535,5414629.79388363,43.670745000000004,-79.43319,2008-06-17 16:14:00,Spring,2008,6,June,Tuesday,16,16:00 to 16:59,Minor Arterial,At Intersection,Stop Sign,Clear,Daylight,Dry,Angle,Toronto and East York,Wychwood (94),94,Intersection,3,0,1,0,2,0,2,0,1,0,0,0,0,2,0,0,0
1044659,Non-Fatal Injury,Automobile,Not Recorded,-8837887.03181375,5432237.4374731,43.785045000000004,-79.39209,2008-06-02 14:55:00,Spring,2008,6,June,Monday,14,14:00 to 14:59,Major Arterial,At Intersection,Traffic Signal,Clear,Daylight,Dry,Sideswipe,North York,Bayview Woods-Steeles (49),49,Intersection,7,0,1,2,2,2,4,0,1,0,2,0,0,4,0,0,0
1044675,Non-Fatal Injury,"Pedestrian, Automobile",Not Recorded,-8841816.60983875,5433501.92115537,43.793245,-79.42739,2008-06-03 15:17:00,Spring,2008,6,June,Tuesday,15,15:00 to 15:59,Collector,<Null>,No Control,Clear,Daylight,Dry,Pedestrian Collisions,North York,Newtonbrook West (36),36,Mid-Block,2,0,1,0,1,0,1,1,0,0,0,0,0,1,0,0,0
1044781,Non-Fatal Injury,Automobile,"Red Light Related  Collision, Aggressive and Distracted Driving Collision",-8855720.41423883,5426826.78972846,43.749945000000004,-79.55229,2008-06-04 13:55:00,Spring,2008,6,June,Wednesday,13,13:00 to 13:59,Major Arterial,At Intersection,Traffic Signal,Clear,Daylight,Dry,Angle,Etobicoke York,Humber Summit (21),21,Intersection,4,0,1,2,0,1,3,0,0,0,1,0,0,3,0,0,0
1044815,Fatal,"Pedestrian, Automobile",Aggressive and Distracted Driving Collision,-8851946.68350094,5422019.98826175,43.718745,-79.51839,2008-06-24 22:26:00,Summer,2008,6,June,Tuesday,22,22:00 to 22:59,Major Arterial,At Intersection,Traffic Signal,Clear,Dark,Dry,Pedestrian Collisions,Etobicoke York,Downsview-Roding-CFB (26),26,Intersection,3,1,0,0,1,1,1,1,0,0,1,0,0,1,0,0,0
1044949,Non-Fatal Injury,"Cyclist, Automobile",Not Recorded,-8851301.03045434,5423483.33253158,43.728245,-79.51259,2008-06-25 20:40:00,Summer,2008,6,June,Wednesday,20,20:00 to 20:59,Local,<Null>,No Control,Clear,Daylight,Dry,Cyclist Collisions,Etobicoke York,Downsview-Roding-CFB (26),26,Mid-Block,3,0,1,0,2,0,1,0,1,1,0,0,1,1,0,0,0
1045060,Fatal,"Pedestrian, Automobile","Speeding  Related Collision, Aggressive and Distracted Driving Collision",-8848083.22925347,5424294.125163901,43.733508,-79.483684,2020-06-07 00:15:00,Spring,2020,6,June,Sunday,00,00:00 to 00:59,Major Arterial,At Intersection,Traffic Signal,Clear,"Dark, artificial",Dry,Pedestrian Collisions,North York,Downsview-Roding-CFB (26),26,Intersection,3,1,0,1,1,0,1,2,0,0,0,0,0,1,0,0,0
1045157,Non-Fatal Injury,"Pedestrian, Automobile",Aggressive and Distracted Driving Collision,-8827278.28434115,5420772.47796379,43.710645,-79.29679,2008-06-26 08:15:00,Summer,2008,6,June,Thursday,08,08:00 to 08:59,Major Arterial,At Intersection,No Control,Clear,Daylight,Dry,Pedestrian Collisions,Toronto and East York,Clairlea-Birchmount (120),120,Mid-Block,3,0,1,1,1,0,1,2,0,0,0,0,0,1,0,0,0
1045205,Non-Fatal Injury,Automobile,Aggressive and Distracted Driving Collision,-8841015.10950504,5416476.78802874,43.682745000000004,-79.42019,2008-05-20 18:40:00,Spring,2008,5,May,Tuesday,18,18:00 to 18:59,Major Arterial,At Intersection,Traffic Signal,Clear,Daylight,Dry,Rear End,Toronto and East York,Wychwood (94),94,Intersection,4,0,1,1,1,1,3,0,0,0,1,0,0,3,0,0,0
1045221,Fatal,"Automobile, City Vehicle","Speeding  Related Collision, Alcohol  Related Collision, Aggressive and Distracted Driving Collision",-8838977.96282352,5409290.97933809,43.636045,-79.40189000000001,2008-06-27 00:53:00,Summer,2008,6,June,Friday,00,00:00 to 00:59,Major Arterial,<Null>,No Control,Clear,Dark,Dry,Approaching,Toronto and East York,Niagara (82),82,Intersection,4,1,1,0,1,1,2,0,1,0,1,0,0,1,0,1,0
1045558,Non-Fatal Injury,Automobile,Alcohol  Related Collision,-8850989.33588012,5406999.46623416,43.621145,-79.50979,2008-06-30 01:20:00,Summer,2008,6,June,Monday,01,01:00 to 01:59,<Null>,<Null>,No Control,Clear,Dark,Dry,SMV Other,Etobicoke York,Stonegate-Queensway (16),16,Mid-Block,5,0,3,2,0,0,1,0,4,0,0,0,0,1,0,0,0
1045598,Non-Fatal Injury,"Automobile, Motorcycle",Not Recorded,-8854106.28162233,5421912.17207296,43.718045000000004,-79.53779,2008-06-05 12:20:00,Spring,2008,6,June,Thursday,12,12:00 to 12:59,Major Arterial,At Intersection,No Control,Clear,Daylight,Dry,Sideswipe,Etobicoke York,Pelmo Park-Humberlea (23),23,Intersection,3,0,1,0,1,1,2,0,0,0,1,0,0,1,1,0,0
1045692,Non-Fatal Injury,"Pedestrian, Automobile","Red Light Related  Collision, Aggressive and Distracted Driving Collision",-8837541.94139229,5426379.89810169,43.747045,-79.38899,2008-06-30 17:33:00,Summer,2008,6,June,Monday,17,17:00 to 17:59,Major Arterial,At Intersection,Traffic Signal,Clear,Daylight,Dry,Pedestrian Collisions,North York,St.Andrew-Windfields (40),40,Intersection,6,0,1,1,3,1,1,4,0,0,1,0,0,1,0,0,0
1045776,Non-Fatal Injury,"Cyclist, Automobile",Aggressive and Distracted Driving Collision,-8848417.85564279,5406599.66308699,43.618545000000005,-79.48669,2008-05-25 12:15:00,Spring,2008,5,May,Sunday,12,12:00 to 12:59,Major Arterial,<Null>,No Control,Clear,Daylight,Dry,Cyclist Collisions,Etobicoke York,Mimico (17),17,Mid-Block,2,0,1,0,1,0,1,0,0,1,0,0,1,1,0,0,0
1045778,Non-Fatal Injury,"Cyclist, Automobile",Not Recorded,-8836740.44105858,5411183.05925581,43.648345,-79.38179000000001,2008-05-26 14:10:00,Spring,2008,5,May,Monday,14,14:00 to 14:59,Major Arterial,At Intersection,No Control,Clear,Daylight,Dry,Cyclist Collisions,Toronto and East York,Bay Street Corridor (76),76,Mid-Block,4,0,1,0,2,1,1,0,1,1,1,0,1,1,0,0,0
1046342,Non-Fatal Injury,City Vehicle,Not Recorded,-8836963.08004016,5412321.57043546,43.655745,-79.38379,2008-06-11 05:50:00,Spring,2008,6,June,Wednesday,05,05:00 to 05:59,Major Arterial,At Intersection,Traffic Signal,Clear,Daylight,Dry,Other,Toronto and East York,Bay Street Corridor (76),76,Intersection,9,0,2,5,1,1,2,0,6,0,1,0,0,0,0,2,0
1046409,Non-Fatal Injury,"Automobile, Motorcycle","Speeding  Related Collision, Aggressive and Distracted Driving Collision",-8832253.93162113,5411952.46205159,43.653346,-79.341487,2008-06-24 18:38:00,Summer,2008,6,June,Tuesday,18,18:00 to 18:59,Major Arterial,<Null>,No Control,Clear,Daylight,Dry,Sideswipe,Toronto and East York,South Riverdale (70),70,Entrance Ramp Westbound,2,0,1,0,1,0,2,0,0,0,0,0,0,1,1,0,0
1046411,Non-Fatal Injury,"Pedestrian, Automobile",Not Recorded,-8846091.27828521,5417877.67157618,43.691845,-79.46579,2008-07-04 17:50:00,Summer,2008,7,July,Friday,17,17:00 to 17:59,Major Arterial,<Null>,No Control,Clear,Daylight,Dry,Pedestrian Collisions,Etobicoke York,Keelesdale-Eglinton West (110),110,Mid-Block,2,0,1,0,1,0,1,1,0,0,0,0,0,1,0,0,0
1046412,Fatal,Automobile,Aggressive and Distracted Driving Collision,-8821222.50404199,5424977.72354249,43.737945,-79.24239,2008-07-04 13:45:00,Summer,2008,7,July,Friday,13,13:00 to 13:59,Major Arterial,<Null>,No Control,Clear,Daylight,Dry,Approaching,Scarborough,Eglinton East (138),138,Mid-Block,2,1,0,1,0,0,2,0,0,0,0,0,0,2,0,0,0
1046554,Non-Fatal Injury,Pedestrian,Not Recorded,-8827500.92332274,5437820.978567501,43.821245000000005,-79.29879,2008-07-06 05:52:00,Summer,2008,7,July,Sunday,05,05:00 to 05:59,Collector,<Null>,No Control,Clear,Daylight,Dry,Pedestrian Collisions,Scarborough,Milliken (130),130,Mid-Block,1,0,1,0,0,0,0,1,0,0,0,0,0,0,0,0,0
1046603,Non-Fatal Injury,"Cyclist, Automobile",Not Recorded,-8838109.67079533,5414321.99743175,43.668745,-79.39409,2008-06-12 09:45:00,Spring,2008,6,June,Thursday,09,09:00 to 09:59,Major Arterial,At Intersection,Traffic Signal,Clear,Daylight,Dry,Cyclist Collisions,Toronto and East York,Annex (95),95,Intersection,2,0,1,0,1,0,1,0,0,1,0,0,1,1,0,0,0
1046604,Non-Fatal Injury,"Pedestrian, Automobile",Aggressive and Distracted Driving Collision,-8839645.87976828,5416877.01878519,43.685345,-79.40789000000001,2008-06-12 09:02:00,Spring,2008,6,June,Thursday,09,09:00 to 09:59,Major Arterial,At Intersection,Police Control,Clear,Daylight,Dry,Pedestrian Collisions,Toronto and East York,Casa Loma (96),96,Intersection,2,0,1,0,1,0,1,1,0,0,0,0,0,1,0,0,0
1046692,Non-Fatal Injury,Motorcycle,Not Recorded,-8850154.43969917,5415537.85318047,43.676645,-79.50229,2008-06-12 22:36:00,Spring,2008,6,June,Thursday,22,22:00 to 22:59,Local,<Null>,No Control,Clear,Dark,Dry,Other,Etobicoke York,Rockcliffe-Smythe (111),111,Mid-Block,1,0,1,0,0,0,1,0,0,0,0,0,0,0,1,0,0
1047021,Non-Fatal Injury,"Cyclist, Automobile",Aggressive and Distracted Driving Collision,-8842495.65873259,5412213.86742431,43.655045,-79.43349,2008-06-14 13:40:00,Spring,2008,6,June,Saturday,13,13:00 to 13:59,Major Arterial,<Null>,No Control,Clear,Daylight,Dry,Cyclist Collisions,Toronto and East York,Dufferin Grove (83),83,Mid-Block,2,0,1,0,1,0,1,0,0,1,0,0,1,1,0,0,0
1047045,Non-Fatal Injury,Automobile,Aggressive and Distracted Driving Collision,-8857323.41490625,5420941.88304825,43.711745,-79.56669000000001,2008-06-15 18:40:00,Spring,2008,6,June,Sunday,18,18:00 to 18:59,Major Arterial,At Intersection,Traffic Signal,Rain,Dark,Wet,SMV Other,Etobicoke York,Rexdale-Kipling (4),4,Intersection,3,0,1,1,0,1,2,0,0,0,1,0,0,2,0,0,0
1047170,Non-Fatal Injury,Automobile,Aggressive and Distracted Driving Collision,-8843775.83287671,5421588.73106373,43.715945,-79.44499,2008-05-28 23:10:00,Spring,2008,5,May,Wednesday,23,23:00 to 23:59,Major Arterial,At Intersection,Traffic Signal,Clear,Dark,Dry,Turning Movement,North York,Yorkdale-Glen Park (31),31,Intersection,3,0,1,0,1,1,2,0,0,0,1,0,0,2,0,0,0
1047294,Non-Fatal Injury,"Pedestrian, Automobile",Not Recorded,-8847883.52208698,5408491.19211178,43.630845,-79.48189,2008-06-17 15:40:00,Spring,2008,6,June,Tuesday,15,15:00 to 15:59,Major Arterial,At Intersection,No Control,Clear,Daylight,Dry,Pedestrian Collisions,Etobicoke York,Stonegate-Queensway (16),16,Mid-Block,3,0,1,0,1,1,1,1,0,0,1,0,0,1,0,0,0
1047410,Non-Fatal Injury,"Pedestrian, Automobile",Not Recorded,-8833990.84963598,5414383.55590161,43.669145,-79.35709,2008-07-10 13:48:00,Summer,2008,7,July,Thursday,13,13:00 to 13:59,<Null>,<Null>,No Control,Clear,Daylight,Dry,Pedestrian Collisions,Toronto and East York,North Riverdale (68),68,Mid-Block,3,0,1,0,1,1,1,1,0,0,1,0,0,1,0,0,0
1047657,Fatal,Automobile,"Speeding  Related Collision, Aggressive and Distracted Driving Collision",-8852069.13494081,5418324.15165415,43.694745000000005,-79.51949,2008-07-12 00:38:00,Summer,2008,7,July,Saturday,00,00:00 to 00:59,Major Arterial,<Null>,No Control,Clear,Dark,Dry,SMV Other,Etobicoke York,Humber Heights-Westmount (8),8,Intersection,4,1,0,0,2,1,1,0,0,0,3,0,0,1,0,0,0
1047683,Fatal,"Pedestrian, Automobile",Not Recorded,-8840124.55357869,5415691.77038447,43.677645,-79.41219,2008-07-13 20:18:00,Summer,2008,7,July,Sunday,20,20:00 to 20:59,Local,<Null>,No Control,Clear,Dusk,Dry,Pedestrian Collisions,Toronto and East York,Casa Loma (96),96,Mid-Block,2,1,0,0,1,0,1,1,0,0,0,0,0,1,0,0,0
1047910,Fatal,"Pedestrian, Automobile","Speeding  Related Collision, Aggressive and Distracted Driving Collision, Medical or Physical Disability Related Collision",-8830261.64669441,5416569.14743295,43.683345,-79.32359,2008-07-14 13:37:00,Summer,2008,7,July,Monday,13,13:00 to 13:59,Major Arterial,At Intersection,Traffic Signal,Clear,Daylight,Dry,Pedestrian Collisions,Toronto and East York,Woodbine Corridor (64),64,Intersection,10,1,1,0,6,2,3,1,4,0,2,0,0,3,0,0,0
1047968,Fatal,"Automobile, Truck","Speeding  Related Collision, Aggressive and Distracted Driving Collision",-8845890.90320178,5432761.71453294,43.788445,-79.46399,2008-07-11 21:55:00,Summer,2008,7,July,Friday,21,21:00 to 21:59,Major Arterial,<Null>,No Control,Clear,Dark,Dry,Approaching,North York,Westminster-Branson (35),35,Mid-Block,7,1,0,2,1,3,3,0,1,0,3,0,0,2,0,1,0
1047995,Non-Fatal Injury,"Cyclist, Automobile",Not Recorded,-8840881.52611609,5412229.25349189,43.655145000000005,-79.41899000000001,2008-06-13 14:00:00,Spring,2008,6,June,Friday,14,14:00 to 14:59,Major Arterial,<Null>,No Control,Clear,Daylight,Dry,Cyclist Collisions,Toronto and East York,Palmerston-Little Italy (80),80,Intersection,3,0,1,0,1,1,1,0,0,1,1,0,1,1,0,0,0
1048237,Non-Fatal Injury,"Cyclist, Automobile",Not Recorded,-8854050.62187693,5421758.15113104,43.717045,-79.53729,2008-06-22 18:05:00,Summer,2008,6,June,Sunday,18,18:00 to 18:59,Major Arterial,At Intersection,Traffic Signal,Clear,Daylight,Dry,Cyclist Collisions,Etobicoke York,Pelmo Park-Humberlea (23),23,Intersection,3,0,1,0,1,1,1,0,0,1,1,0,1,1,0,0,0
1048242,Non-Fatal Injury,"Pedestrian, City Vehicle",Not Recorded,-8839000.22672168,5413444.83380688,43.663045000000004,-79.40209,2008-06-23 09:50:00,Summer,2008,6,June,Monday,09,09:00 to 09:59,Major Arterial,At Intersection,Traffic Signal,Clear,Daylight,Dry,Pedestrian Collisions,Toronto and East York,University (79),79,Intersection,3,0,1,0,1,1,1,1,0,0,1,0,0,0,0,1,0
1048465,Non-Fatal Injury,Automobile,"Red Light Related  Collision, Aggressive and Distracted Driving Collision, Medical or Physical Disability Related Collision",-8840425.11620383,5430988.54460463,43.776945,-79.41489,2008-07-16 16:55:00,Summer,2008,7,July,Wednesday,16,16:00 to 16:59,Major Arterial,At Intersection,Traffic Signal,Clear,Daylight,Dry,Rear End,North York,Willowdale East (51),51,Intersection,2,0,1,0,1,0,2,0,0,0,0,0,0,2,0,0,0
1048611,Non-Fatal Injury,"Pedestrian, Automobile",Not Recorded,-8815044.27230297,5430017.30044214,43.770645,-79.18689,2008-06-25 07:30:00,Summer,2008,6,June,Wednesday,07,07:00 to 07:59,Major Arterial,At Intersection,Traffic Signal,Clear,Daylight,Dry,Pedestrian Collisions,Scarborough,West Hill (136),136,Intersection,3,0,1,0,1,1,1,1,0,0,1,0,0,1,0,0,0
1048845,Non-Fatal Injury,"Pedestrian, Automobile",Not Recorded,-8838710.79604562,5412675.46059786,43.658045,-79.39949,2008-06-28 16:01:00,Summer,2008,6,June,Saturday,16,16:00 to 16:59,Major Arterial,<Null>,No Control,Clear,Daylight,Dry,Pedestrian Collisions,Toronto and East York,University (79),79,Mid-Block,3,0,1,0,1,1,1,1,0,0,1,0,0,1,0,0,0
1049080,Non-Fatal Injury,Automobile,Not Recorded,-8847315.79268394,5416307.46485338,43.681645,-79.47679000000001,2008-07-20 03:00:00,Summer,2008,7,July,Sunday,03,03:00 to 03:59,Major Arterial,At Intersection,Traffic Signal,Rain,Dark,Wet,Turning Movement,Etobicoke York,Rockcliffe-Smythe (111),111,Intersection,6,0,1,3,1,1,2,0,3,0,1,0,0,2,0,0,0
1049124,Fatal,"Pedestrian, Automobile",Not Recorded,-8841003.97755596,5434226.76441648,43.797945,-79.42009,2008-07-21 03:05:00,Summer,2008,7,July,Monday,03,03:00 to 03:59,Major Arterial,At Intersection,Traffic Signal,Clear,Dark,Dry,Pedestrian Collisions,North York,Newtonbrook East (50),50,Intersection,3,1,0,2,0,0,1,1,1,0,0,0,0,1,0,0,0
1049415,Non-Fatal Injury,"Cyclist, Automobile",Not Recorded,-8839067.01841616,5410506.17315688,43.643945,-79.40269,2008-06-12 08:53:00,Spring,2008,6,June,Thursday,08,08:00 to 08:59,Major Arterial,At Intersection,Traffic Signal,Clear,Daylight,Dry,Cyclist Collisions,Toronto and East York,Waterfront Communities-The Island (77),77,Intersection,2,0,1,0,1,0,1,0,0,1,0,0,1,1,0,0,0
1049419,Non-Fatal Injury,"Cyclist, Automobile",Not Recorded,-8843141.31177919,5411459.9814967,43.650145,-79.43929,2008-06-30 10:40:00,Summer,2008,6,June,Monday,10,10:00 to 10:59,Minor Arterial,<Null>,No Control,Clear,Daylight,Dry,Cyclist Collisions,Toronto and East York,Dufferin Grove (83),83,Mid-Block,2,0,1,0,1,0,1,0,0,1,0,0,1,1,0,0,0
1049787,Non-Fatal Injury,Automobile,Not Recorded,-8822291.17115361,5426133.346472099,43.745445000000004,-79.25199,2008-07-04 13:02:00,Summer,2008,7,July,Friday,13,13:00 to 13:59,Major Arterial,<Null>,Traffic Signal,Clear,Daylight,Dry,Turning Movement,Scarborough,Bendale (127),127,Intersection,4,0,2,1,0,1,3,0,0,0,1,0,0,3,0,0,0
1050109,Non-Fatal Injury,Motorcycle,"Speeding  Related Collision, Aggressive and Distracted Driving Collision",-8842907.54084852,5408967.82620569,43.633944,-79.43719,2008-07-25 11:33:00,Summer,2008,7,July,Friday,11,11:00 to 11:59,Major Arterial,<Null>,No Control,Clear,Daylight,Dry,SMV Other,Toronto and East York,South Parkdale (85),85,Mid-Block,1,0,1,0,0,0,1,0,0,0,0,0,0,0,1,0,0
1050384,Non-Fatal Injury,Automobile,Aggressive and Distracted Driving Collision,-8853716.66340455,5419109.39313423,43.699845,-79.53429,2008-07-07 04:37:00,Summer,2008,7,July,Monday,04,04:00 to 04:59,Major Arterial,At Intersection,Traffic Signal,Clear,Dark,Dry,SMV Other,Etobicoke York,Humber Heights-Westmount (8),8,Intersection,3,0,1,0,0,2,1,0,0,0,2,0,0,1,0,0,0
1050426,Non-Fatal Injury,"Pedestrian, Automobile",Aggressive and Distracted Driving Collision,-8833300.66879307,5417446.607848001,43.689045,-79.35089,2008-07-28 14:07:00,Summer,2008,7,July,Monday,14,14:00 to 14:59,Minor Arterial,<Null>,No Control,Clear,Daylight,Dry,Pedestrian Collisions,Toronto and East York,Broadview North (57),57,Mid-Block,2,0,1,0,1,0,1,1,0,0,0,0,0,1,0,0,0
1050560,Non-Fatal Injury,"Pedestrian, Automobile",Aggressive and Distracted Driving Collision,-8850811.22469484,5422066.19558539,43.719045,-79.50819,2008-07-29 07:08:00,Summer,2008,7,July,Tuesday,07,07:00 to 07:59,Major Arterial,At Intersection,Traffic Signal,Clear,Daylight,Dry,Pedestrian Collisions,Etobicoke York,Downsview-Roding-CFB (26),26,Intersection,3,0,1,0,1,1,1,1,0,0,1,0,0,1,0,0,0
1050562,Non-Fatal Injury,"Pedestrian, Automobile",Not Recorded,-8821667.78200517,5420911.08189254,43.711545,-79.24639,2008-07-29 12:35:00,Summer,2008,7,July,Tuesday,12,12:00 to 12:59,Local,<Null>,No Control,Clear,Daylight,Dry,Pedestrian Collisions,Scarborough,Cliffcrest (123),123,Mid-Block,6,0,1,0,3,2,1,1,0,0,4,0,0,1,0,0,0
1050893,Non-Fatal Injury,"Cyclist, Automobile",Not Recorded,-8845389.96549321,5412183.09536601,43.654845,-79.45949,2008-07-13 12:20:00,Summer,2008,7,July,Sunday,12,12:00 to 12:59,Major Arterial,<Null>,No Control,Clear,Daylight,Dry,Cyclist Collisions,Toronto and East York,High Park North (88),88,Mid-Block,2,0,1,0,1,0,1,0,0,1,0,0,1,1,0,0,0