ACCNUM,ACCLASS,INVOLVED,MOTIVE,X,Y,LATITUDE,LONGITUDE,DATE_TIME,SEASON,YEAR,MONTH,MONTH_NAME,DAY_NAME,HOUR,HOUR_INTERVAL,ROAD_CLASS,ACCLOC,TRAFFCTL,VISIBILITY,LIGHT,RDSFCOND,IMPACTYPE,DISTRICT,NEIGHBOURHOOD,HOOD_ID,LOCCOORD,PEOPLE_COUNT,FATAL_INJURY_COUNT,MAJOR_INJURY_COUNT,MINOR_INJURY_COUNT,NO_INJURY_COUNT,NULL_INJURY_COUNT,DRIVERS_COUNT,PEDESTRIAN_COUNT,PASSENGER_COUNT,CYCLIST_COUNT,OTHER_INVTYPE_COUNT,NULL_INVTYPE_COUNT,PEOPLE_VEH_COUNT,AUTOMOBILE_VEH_COUNT,RECREATIONAL_VEH_COUNT,OTHER_VEH_COUNT,NULL_VEH_COUNT
1288047,Non-Fatal Injury,Automobile,"Speeding  Related Collision, Alcohol  Related Collision, Aggressive and Distracted Driving Collision",-8818183.48194334,5437003.28733346,43.815945,-79.21509,2012-02-03 04:15:00,Winter,2012,2,February,Friday,04,04:00 to 04:59,Collector,<Null>,No Control,Clear,Dark,Dry,SMV Other,Scarborough,Malvern (132),132,Mid-Block,2,0,1,0,0,1,1,0,0,0,1,0,0,1,0,0,0
1288123,Non-Fatal Injury,"Pedestrian, Automobile",Not Recorded,-8815322.57102995,5429554.83918018,43.767645,-79.18939,2012-02-01 23:17:00,Winter,2012,2,February,Wednesday,23,23:00 to 23:59,Major Arterial,At Intersection,No Control,Clear,"Dark, artificial",Dry,Pedestrian Collisions,Scarborough,West Hill (136),136,Intersection,2,0,1,1,0,0,1,1,0,0,0,0,0,1,0,0,0
1288324,Non-Fatal Injury,"Pedestrian, Truck",Aggressive and Distracted Driving Collision,-8845690.52811836,5418062.41933471,43.693045,-79.46219,2012-04-11 10:48:00,Spring,2012,4,April,Wednesday,10,10:00 to 10:59,Major Arterial,<Null>,Traffic Signal,Clear,Daylight,Dry,Pedestrian Collisions,North York,Briar Hill-Belgravia (108),108,Intersection,3,0,1,0,1,1,1,0,0,0,2,0,0,0,0,1,0
1288494,Non-Fatal Injury,"Pedestrian, Automobile",Not Recorded,-8837775.71232295,5411413.82721356,43.649845,-79.39109,2012-03-31 01:25:00,Spring,2012,3,March,Saturday,01,01:00 to 01:59,Major Arterial,At Intersection,Traffic Signal,Clear,"Dark, artificial",Dry,Pedestrian Collisions,Toronto and East York,Waterfront Communities-The Island (77),77,Intersection,2,0,1,0,1,0,1,1,0,0,0,0,0,1,0,0,0
1288652,Non-Fatal Injury,Automobile,Aggressive and Distracted Driving Collision,-8837330.43435978,5423483.33253158,43.728245,-79.38709,2012-02-09 14:38:00,Winter,2012,2,February,Thursday,14,14:00 to 14:59,Major Arterial,<Null>,No Control,Clear,Daylight,Dry,Rear End,North York,Bridle Path-Sunnybrook-York Mills (41),41,Mid-Block,4,0,1,1,1,1,3,0,0,0,1,0,0,3,0,0,0
1288672,Non-Fatal Injury,"Cyclist, Automobile",Aggressive and Distracted Driving Collision,-8839478.90053209,5417600.55686934,43.690045,-79.40639,2012-02-07 13:27:00,Winter,2012,2,February,Tuesday,13,13:00 to 13:59,Collector,At Intersection,Stop Sign,Clear,Daylight,Dry,Cyclist Collisions,Toronto and East York,Casa Loma (96),96,Intersection,2,0,1,1,0,0,1,0,0,1,0,0,1,1,0,0,0
1288905,Non-Fatal Injury,"Pedestrian, Automobile",Not Recorded,-8838610.94246238,5420356.83266135,43.707946,-79.398593,2012-02-07 10:16:00,Winter,2012,2,February,Tuesday,10,10:00 to 10:59,Major Arterial,At Intersection,Stop Sign,Clear,Daylight,Dry,Pedestrian Collisions,North York,Mount Pleasant West (104),104,Intersection,2,0,1,0,1,0,1,1,0,0,0,0,0,1,0,0,0
1288937,Non-Fatal Injury,"Pedestrian, Automobile",Aggressive and Distracted Driving Collision,-8825118.68621976,5435429.82162356,43.805745,-79.27739,2012-02-12 15:42:00,Winter,2012,2,February,Sunday,15,15:00 to 15:59,Major Arterial,At Intersection,Traffic Signal,Clear,Daylight,Dry,Pedestrian Collisions,Scarborough,Agincourt North (129),129,Intersection,2,0,1,0,1,0,1,1,0,0,0,0,0,1,0,0,0
1289088,Non-Fatal Injury,"Automobile, Motorcycle",Aggressive and Distracted Driving Collision,-8829549.20195333,5430942.29256236,43.776645,-79.31719,2012-04-15 17:52:00,Spring,2012,4,April,Sunday,17,17:00 to 17:59,Major Arterial,<Null>,No Control,Clear,Daylight,Dry,Rear End,Scarborough,Tam O'Shanter-Sullivan (118),118,Mid-Block,3,0,1,0,1,1,2,0,0,0,1,0,0,1,1,0,0
1289091,Non-Fatal Injury,Automobile,"Speeding  Related Collision, Aggressive and Distracted Driving Collision",-8837753.4484248,5420402.87766221,43.708245,-79.39089,2012-02-12 15:05:00,Winter,2012,2,February,Sunday,15,15:00 to 15:59,Major Arterial,<Null>,No Control,Clear,Daylight,Wet,SMV Other,Toronto and East York,Mount Pleasant West (104),104,Mid-Block,3,0,1,0,0,2,1,0,0,0,2,0,0,1,0,0,0
1289419,Non-Fatal Injury,"Cyclist, Automobile",Aggressive and Distracted Driving Collision,-8839356.44909222,5410413.87434833,43.643345000000004,-79.40529000000001,2012-02-14 14:30:00,Winter,2012,2,February,Tuesday,14,14:00 to 14:59,Major Arterial,At Intersection,Traffic Signal,Clear,Daylight,Wet,Cyclist Collisions,Toronto and East York,Niagara (82),82,Intersection,2,0,1,0,1,0,1,0,0,1,0,0,1,1,0,0,0
1289501,Non-Fatal Injury,City Vehicle,Not Recorded,-8829482.41025886,5413952.65522722,43.666345,-79.31659,2012-02-16 14:15:00,Winter,2012,2,February,Thursday,14,14:00 to 14:59,Minor Arterial,At Intersection,Traffic Signal,Clear,Daylight,Wet,Other,Toronto and East York,Greenwood-Coxwell (65),65,Intersection,3,0,1,0,1,1,1,0,1,0,1,0,0,0,0,1,0
1289541,Non-Fatal Injury,Automobile,"Speeding  Related Collision, Aggressive and Distracted Driving Collision",-8830617.86906495,5422620.70151606,43.722645,-79.32679,2012-02-11 03:05:00,Winter,2012,2,February,Saturday,03,03:00 to 03:59,Minor Arterial,<Null>,No Control,Snow,"Dark, artificial",Loose Snow,Approaching,North York,Flemingdon Park (44),44,Mid-Block,3,0,1,2,0,0,2,0,1,0,0,0,0,2,0,0,0
1289649,Non-Fatal Injury,Automobile,Alcohol  Related Collision,-8857067.38007743,5424530.92148267,43.735045,-79.56439,2012-02-18 05:15:00,Winter,2012,2,February,Saturday,05,05:00 to 05:59,Major Arterial,At Intersection,No Control,Snow,Dark,Packed Snow,Approaching,Etobicoke York,Thistletown-Beaumond Heights (3),3,Mid-Block,2,0,1,0,1,0,2,0,0,0,0,0,0,2,0,0,0
1289788,Non-Fatal Injury,"Pedestrian, Automobile","Alcohol  Related Collision, Aggressive and Distracted Driving Collision",-8843453.00635341,5429971.05327211,43.770345,-79.44209000000001,2012-04-18 23:10:00,Spring,2012,4,April,Wednesday,23,23:00 to 23:59,Major Arterial,At Intersection,No Control,Clear,"Dark, artificial",Dry,Pedestrian Collisions,North York,Willowdale West (37),37,Intersection,2,0,1,0,1,0,1,1,0,0,0,0,0,1,0,0,0
1289974,Fatal,Automobile,Not Recorded,-8816424.6339888,5434658.61303488,43.800745,-79.19929,2012-04-19 12:03:00,Spring,2012,4,April,Thursday,12,12:00 to 12:59,Major Arterial,<Null>,No Control,Clear,Daylight,Dry,SMV Other,Scarborough,Rouge (131),131,Mid-Block,2,1,0,0,0,1,1,0,0,0,1,0,0,1,0,0,0
1289975,Non-Fatal Injury,"Automobile, Motorcycle",Aggressive and Distracted Driving Collision,-8818472.9126194,5434257.61007523,43.798145,-79.21769,2012-04-19 14:34:00,Spring,2012,4,April,Thursday,14,14:00 to 14:59,Major Arterial,At Intersection,Traffic Signal,Clear,Daylight,Dry,Turning Movement,Scarborough,Malvern (132),132,Intersection,3,0,1,0,1,1,2,0,0,0,1,0,0,1,1,0,0
1290049,Non-Fatal Injury,"Pedestrian, Automobile",Aggressive and Distracted Driving Collision,-8834035.377432302,5436386.20992887,43.811945,-79.35749,2012-02-21 19:10:00,Winter,2012,2,February,Tuesday,19,19:00 to 19:59,Major Arterial,At Intersection,Traffic Signal,Clear,Dark,Wet,Pedestrian Collisions,North York,Hillcrest Village (48),48,Intersection,2,0,1,0,1,0,1,1,0,0,0,0,0,1,0,0,0
1290105,Fatal,Motorcycle,"Speeding  Related Collision, Aggressive and Distracted Driving Collision",-8833857.26624703,5413767.98966258,43.665145,-79.35589,2012-04-20 14:47:00,Spring,2012,4,April,Friday,14,14:00 to 14:59,<Null>,<Null>,No Control,Clear,Daylight,Dry,SMV Other,Toronto and East York,North Riverdale (68),68,Mid-Block,1,1,0,0,0,0,1,0,0,0,0,0,0,0,1,0,0
1290199,Fatal,"Pedestrian, Automobile",Not Recorded,-8816402.37009064,5434581.49572588,43.800245000000004,-79.19909,2012-04-21 20:50:00,Spring,2012,4,April,Saturday,20,20:00 to 20:59,Major Arterial,At Intersection,Traffic Signal,Clear,"Dark, artificial",Dry,Pedestrian Collisions,Scarborough,Rouge (131),131,Intersection,3,1,0,0,1,1,1,1,0,0,1,0,0,1,0,0,0
1290282,Non-Fatal Injury,Automobile,Not Recorded,-8855798.33788238,5415537.85318047,43.676645,-79.55299000000001,2012-04-22 04:12:00,Spring,2012,4,April,Sunday,04,04:00 to 04:59,Major Arterial,<Null>,No Control,Clear,"Dark, artificial",Dry,Angle,Etobicoke York,Princess-Rosethorn (10),10,Mid-Block,4,0,1,2,0,1,2,0,1,0,1,0,0,2,0,0,0
1290286,Non-Fatal Injury,"Cyclist, Automobile",Not Recorded,-8828257.89586013,5424037.92363024,43.731845,-79.30559000000001,2012-04-22 13:37:00,Spring,2012,4,April,Sunday,13,13:00 to 13:59,Major Arterial,<Null>,Traffic Signal,Clear,Daylight,Dry,Cyclist Collisions,North York,Wexford/Maryvale (119),119,Intersection,4,0,1,0,2,1,2,0,0,1,1,0,1,2,0,0,0
1290476,Non-Fatal Injury,"Pedestrian, Automobile","Speeding  Related Collision, Aggressive and Distracted Driving Collision",-8833634.62726545,5414583.62376199,43.670445,-79.35389,2012-02-20 15:05:00,Winter,2012,2,February,Monday,15,15:00 to 15:59,Minor Arterial,<Null>,No Control,Clear,Daylight,Dry,Pedestrian Collisions,Toronto and East York,North Riverdale (68),68,Intersection,5,0,1,0,2,2,2,1,0,0,2,0,0,2,0,0,0
1290615,Non-Fatal Injury,Automobile,Not Recorded,-8829037.13229568,5416846.23118807,43.685145,-79.31259,2012-02-26 01:42:00,Winter,2012,2,February,Sunday,01,01:00 to 01:59,Major Arterial,<Null>,No Control,Clear,Dark,Dry,SMV Unattended Vehicle,Toronto and East York,East End-Danforth (62),62,Mid-Block,3,0,1,0,1,1,1,0,0,0,2,0,0,1,0,0,0
1290624,Non-Fatal Injury,"Cyclist, Automobile",Aggressive and Distracted Driving Collision,-8843029.9922884,5411444.59671003,43.650045,-79.43829000000001,2012-02-27 20:20:00,Winter,2012,2,February,Monday,20,20:00 to 20:59,Minor Arterial,At Intersection,Stop Sign,Clear,Dark,Dry,Cyclist Collisions,Toronto and East York,Dufferin Grove (83),83,Intersection,2,0,1,0,1,0,1,0,0,1,0,0,1,1,0,0,0
1290852,Non-Fatal Injury,"Pedestrian, Automobile",Not Recorded,-8862043.36131589,5424084.14105987,43.732145,-79.60909000000001,2012-02-29 20:23:00,Winter,2012,2,February,Wednesday,20,20:00 to 20:59,Minor Arterial,At Intersection,Traffic Signal,Rain,Dark,Wet,Pedestrian Collisions,Etobicoke York,West Humber-Clairville (1),1,Intersection,2,0,1,0,1,0,1,1,0,0,0,0,0,1,0,0,0
1291004,Non-Fatal Injury,"Pedestrian, Automobile",Not Recorded,-8826799.61053074,5431821.12104976,43.782345,-79.29249,2012-03-01 19:51:00,Winter,2012,3,March,Thursday,19,19:00 to 19:59,Major Arterial,<Null>,No Control,Clear,Daylight,Dry,Pedestrian Collisions,Scarborough,Tam O'Shanter-Sullivan (118),118,Mid-Block,2,0,1,0,1,0,1,1,0,0,0,0,0,1,0,0,0
1291089,Non-Fatal Injury,"Pedestrian, Automobile",Not Recorded,-8838599.47655482,5420264.2813645,43.707345000000004,-79.39849,2012-03-02 01:10:00,Winter,2012,3,March,Friday,01,01:00 to 01:59,Major Arterial,<Null>,No Control,Clear,Dark,Dry,Pedestrian Collisions,North York,Mount Pleasant West (104),104,Mid-Block,3,0,1,0,1,1,1,1,0,0,1,0,0,1,0,0,0
1291108,Non-Fatal Injury,"Pedestrian, Automobile",Aggressive and Distracted Driving Collision,-8825174.34596515,5423745.21861867,43.729945,-79.27789,2012-03-02 16:35:00,Winter,2012,3,March,Friday,16,16:00 to 16:59,Major Arterial,At Intersection,Traffic Signal,Clear,Daylight,Dry,Pedestrian Collisions,Scarborough,Ionview (125),125,Intersection,3,0,1,0,1,1,1,1,0,0,1,0,0,1,0,0,0
1291380,Non-Fatal Injury,"Pedestrian, Automobile",Not Recorded,-8822235.51140821,5430248.53977198,43.772145,-79.25149,2012-04-28 21:08:00,Spring,2012,4,April,Saturday,21,21:00 to 21:59,Major Arterial,At Intersection,Traffic Signal,Clear,Dark,Dry,Pedestrian Collisions,Scarborough,Woburn (137),137,Intersection,2,0,1,0,1,0,1,1,0,0,0,0,0,1,0,0,0
1291534,Non-Fatal Injury,"Pedestrian, Motorcycle",Aggressive and Distracted Driving Collision,-8835159.70428931,5413475.61006801,43.663245,-79.36759,2012-03-02 18:12:00,Winter,2012,3,March,Friday,18,18:00 to 18:59,Minor Arterial,<Null>,No Control,Clear,Daylight,Dry,Pedestrian Collisions,Toronto and East York,Cabbagetown-South St.James Town (71),71,Intersection,3,0,1,1,1,0,1,1,0,0,1,0,0,0,1,0,0
1291622,Non-Fatal Injury,"Pedestrian, Automobile",Aggressive and Distracted Driving Collision,-8819196.48930955,5435229.30118102,43.804445,-79.22419000000001,2012-03-04 09:34:00,Winter,2012,3,March,Sunday,09,09:00 to 09:59,Minor Arterial,At Intersection,Traffic Signal,Clear,Daylight,Dry,Pedestrian Collisions,Scarborough,Malvern (132),132,Intersection,3,0,1,0,1,1,1,1,0,0,1,0,0,1,0,0,0
1291646,Non-Fatal Injury,"Pedestrian, Automobile",Not Recorded,-8837107.795378199,5411275.36574733,43.648945,-79.38509,2012-03-03 15:15:00,Winter,2012,3,March,Saturday,15,15:00 to 15:59,Major Arterial,<Null>,No Control,Clear,Daylight,Dry,Pedestrian Collisions,Toronto and East York,Bay Street Corridor (76),76,Mid-Block,2,0,1,1,0,0,1,1,0,0,0,0,0,1,0,0,0
1291754,Non-Fatal Injury,"Pedestrian, Automobile",Aggressive and Distracted Driving Collision,-8826777.34663258,5418585.89139345,43.696445000000004,-79.29229000000001,2012-03-05 12:14:00,Winter,2012,3,March,Monday,12,12:00 to 12:59,Other,<Null>,No Control,Clear,Daylight,Dry,Pedestrian Collisions,Toronto and East York,Taylor-Massey (61),61,Mid-Block,2,0,1,0,1,0,1,1,0,0,0,0,0,1,0,0,0
1291846,Non-Fatal Injury,"Cyclist, Automobile",Not Recorded,-8840803.82511151,5411413.67336634,43.649844,-79.41829200000001,2012-03-28 09:52:00,Spring,2012,3,March,Wednesday,09,09:00 to 09:59,Major Arterial,At Intersection,Traffic Signal,Clear,Daylight,Dry,Cyclist Collisions,Toronto and East York,Trinity-Bellwoods (81),81,Intersection,2,0,1,0,1,0,1,0,0,1,0,0,1,1,0,0,0
1291890,Non-Fatal Injury,Automobile,"Speeding  Related Collision, Aggressive and Distracted Driving Collision",-8818973.85032797,5427011.7167353,43.751145,-79.22219,2012-05-01 18:02:00,Spring,2012,5,May,Tuesday,18,18:00 to 18:59,Major Arterial,<Null>,No Control,Clear,Daylight,Dry,SMV Other,Scarborough,Woburn (137),137,Intersection,3,0,1,0,0,2,1,0,0,0,2,0,0,1,0,0,0
1291892,Non-Fatal Injury,Automobile,Not Recorded,-8847271.26488762,5416553.75413476,43.683245,-79.47639000000001,2012-05-01 19:37:00,Spring,2012,5,May,Tuesday,19,19:00 to 19:59,Local,<Null>,No Control,Clear,Daylight,Dry,SMV Unattended Vehicle,Etobicoke York,Keelesdale-Eglinton West (110),110,Intersection,7,0,1,0,1,5,1,0,0,0,6,0,0,0,0,1,0
1292008,Non-Fatal Injury,Automobile,Not Recorded,-8850377.07868075,5425424.54724257,43.740845,-79.50429,2012-03-07 20:00:00,Winter,2012,3,March,Wednesday,20,20:00 to 20:59,Major Arterial,<Null>,No Control,Clear,"Dark, artificial",Dry,Rear End,Etobicoke York,Glenfield-Jane Heights (25),25,Mid-Block,4,0,1,1,0,2,2,0,0,0,2,0,0,1,0,0,1
1292054,Non-Fatal Injury,Automobile,Not Recorded,-8815534.07806246,5442296.42395452,43.850245,-79.19129000000001,2012-03-08 15:11:00,Winter,2012,3,March,Thursday,15,15:00 to 15:59,Minor Arterial,<Null>,No Control,Clear,Daylight,Wet,Approaching,Scarborough,Rouge (131),131,Mid-Block,2,0,1,1,0,0,2,0,0,0,0,0,0,2,0,0,0
1292158,Non-Fatal Injury,Automobile,Not Recorded,-8859928.29099082,5424900.68716079,43.737445,-79.59009,2012-03-10 04:45:00,Winter,2012,3,March,Saturday,04,04:00 to 04:59,Major Arterial,<Null>,No Control,Clear,"Dark, artificial",Dry,SMV Other,Etobicoke York,Mount Olive-Silverstone-Jamestown (2),2,Intersection,2,0,1,0,0,1,1,0,0,0,1,0,0,1,0,0,0
1292500,Non-Fatal Injury,Automobile,"Speeding  Related Collision, Aggressive and Distracted Driving Collision",-8848840.8697078,5404816.13655966,43.606945,-79.49049000000001,2012-03-13 18:55:00,Winter,2012,3,March,Tuesday,18,18:00 to 18:59,Major Arterial,<Null>,No Control,Clear,Daylight,Dry,SMV Other,Etobicoke York,Mimico (17),17,Intersection,2,0,1,0,0,1,1,0,0,0,1,0,0,1,0,0,0
1292618,Non-Fatal Injury,"Automobile, Motorcycle","Red Light Related  Collision, Alcohol  Related Collision, Aggressive and Distracted Driving Collision",-8825831.13096084,5430387.28615378,43.773045,-79.28379,2012-05-05 03:32:00,Spring,2012,5,May,Saturday,03,03:00 to 03:59,Major Arterial,At Intersection,Traffic Signal,Clear,"Dark, artificial",Dry,Angle,Scarborough,Dorset Park (126),126,Intersection,2,0,1,0,1,0,2,0,0,0,0,0,0,1,1,0,0
1292879,Non-Fatal Injury,"Pedestrian, Automobile",Not Recorded,-8823281.91462167,5437188.41861511,43.817145000000004,-79.26089,2012-03-16 17:04:00,Winter,2012,3,March,Friday,17,17:00 to 17:59,Minor Arterial,<Null>,No Control,Clear,Daylight,Dry,Pedestrian Collisions,Scarborough,Milliken (130),130,Intersection,2,0,1,0,1,0,1,1,0,0,0,0,0,1,0,0,0
1292881,Non-Fatal Injury,"Cyclist, Automobile",Aggressive and Distracted Driving Collision,-8822213.24751005,5430156.04334409,43.771545,-79.25129,2012-03-16 05:34:00,Winter,2012,3,March,Friday,05,05:00 to 05:59,Major Arterial,<Null>,No Control,Clear,"Dark, artificial",Dry,Cyclist Collisions,Scarborough,Woburn (137),137,Mid-Block,2,0,1,0,1,0,1,0,0,1,0,0,1,1,0,0,0
1292886,Non-Fatal Injury,"Pedestrian, Automobile",Aggressive and Distracted Driving Collision,-8820075.91328682,5425332.09918416,43.740245,-79.23209,2012-03-16 12:41:00,Winter,2012,3,March,Friday,12,12:00 to 12:59,Major Arterial,At Intersection,Traffic Signal,Clear,Daylight,Dry,Pedestrian Collisions,Scarborough,Eglinton East (138),138,Intersection,3,0,1,0,1,1,1,1,0,0,1,0,0,1,0,0,0
1292914,Non-Fatal Injury,"Cyclist, Automobile",Not Recorded,-8839622.50267521,5412423.73559492,43.656409000000004,-79.40768,2012-03-14 15:50:00,Winter,2012,3,March,Wednesday,15,15:00 to 15:59,Major Arterial,At Intersection,Traffic Signal,Clear,Daylight,Dry,Cyclist Collisions,Toronto and East York,Kensington-Chinatown (78),78,Intersection,3,0,1,0,1,1,1,0,0,1,1,0,1,1,0,0,0
1292918,Fatal,"Pedestrian, Automobile",Not Recorded,-8829515.80610609,5437836.40740168,43.821345,-79.31689,2012-05-07 08:01:00,Spring,2012,5,May,Monday,08,08:00 to 08:59,Major Arterial,At Intersection,Traffic Signal,Clear,Daylight,Dry,Pedestrian Collisions,Scarborough,Steeles (116),116,Intersection,4,1,0,0,3,0,2,1,1,0,0,0,0,2,0,0,0
1293088,Non-Fatal Injury,"Automobile, Motorcycle","Speeding  Related Collision, Aggressive and Distracted Driving Collision",-8855631.3586462,5409613.98995207,43.638145,-79.55149,2012-03-18 18:10:00,Winter,2012,3,March,Sunday,18,18:00 to 18:59,Major Arterial,At Intersection,No Control,Clear,Daylight,Dry,Rear End,Etobicoke York,Islington-City Centre West (14),14,Intersection,3,0,1,0,1,1,2,0,0,0,1,0,0,1,1,0,0
1293192,Non-Fatal Injury,Automobile,Aggressive and Distracted Driving Collision,-8857779.82481851,5408906.45761081,43.633545,-79.57079,2012-03-15 17:33:00,Winter,2012,3,March,Thursday,17,17:00 to 17:59,Major Arterial,At Intersection,Traffic Signal,Clear,Daylight,Dry,Turning Movement,Etobicoke York,Markland Wood (12),12,Intersection,3,0,3,0,0,0,2,0,1,0,0,0,0,2,0,0,0
1293196,Non-Fatal Injury,Automobile,Aggressive and Distracted Driving Collision,-8856009.84491489,5408198.97942496,43.628945,-79.55489,2012-03-15 13:30:00,Winter,2012,3,March,Thursday,13,13:00 to 13:59,Major Arterial,At Intersection,Traffic Signal,Clear,Daylight,Dry,Angle,Etobicoke York,Islington-City Centre West (14),14,Intersection,7,0,1,4,1,1,3,0,3,0,1,0,0,3,0,0,0
1293309,Non-Fatal Injury,"Automobile, Truck","Red Light Related  Collision, Aggressive and Distracted Driving Collision",-8857512.6580406,5427181.23641551,43.752245,-79.56839000000001,2012-05-09 15:28:00,Spring,2012,5,May,Wednesday,15,15:00 to 15:59,Major Arterial,At Intersection,Traffic Signal,Other,Daylight,Other,Turning Movement,Etobicoke York,Humber Summit (21),21,Intersection,5,0,1,1,1,2,2,0,1,0,2,0,0,1,0,1,0
1293387,Non-Fatal Injury,Automobile,"Speeding  Related Collision, Aggressive and Distracted Driving Collision",-8846915.04251708,5408814.17477652,43.632945,-79.47319,2012-03-20 10:25:00,Winter,2012,3,March,Tuesday,10,10:00 to 10:59,Major Arterial,<Null>,No Control,"Fog, Mist, Smoke, Dust",Daylight,Dry,Rear End,Etobicoke York,South Parkdale (85),85,Mid-Block,2,0,1,0,1,0,2,0,0,0,0,0,0,2,0,0,0
1293487,Non-Fatal Injury,"Pedestrian, City Vehicle",Not Recorded,-8862566.56292262,5424099.54692119,43.732245,-79.61379000000001,2012-03-22 18:25:00,Spring,2012,3,March,Thursday,18,18:00 to 18:59,Collector,<Null>,No Control,Clear,Daylight,Dry,Pedestrian Collisions,Etobicoke York,West Humber-Clairville (1),1,Mid-Block,3,0,1,0,1,1,1,1,0,0,1,0,0,0,0,1,0
1293779,Non-Fatal Injury,"Automobile, Truck",Not Recorded,-8844605.27440261,5412408.50306726,43.65631,-79.45244100000001,2012-03-24 09:21:00,Spring,2012,3,March,Saturday,09,09:00 to 09:59,Major Arterial,At Intersection,Traffic Signal,Clear,Daylight,Dry,Turning Movement,Toronto and East York,Roncesvalles (86),86,Intersection,4,0,1,1,1,1,2,0,0,0,2,0,0,1,0,1,0
1293835,Fatal,"Pedestrian, Automobile",Not Recorded,-8838822.11553641,5419786.91004462,43.704245,-79.40049,2012-05-11 12:39:00,Spring,2012,5,May,Friday,12,12:00 to 12:59,Collector,At Intersection,Stop Sign,Clear,Daylight,Dry,Pedestrian Collisions,Toronto and East York,Yonge-Eglinton (100),100,Intersection,3,1,0,0,1,1,1,1,0,0,1,0,0,1,0,0,0
1293932,Non-Fatal Injury,Automobile,"Speeding  Related Collision, Aggressive and Distracted Driving Collision",-8845835.24345639,5409444.79250829,43.637045,-79.46349000000001,2012-04-20 01:49:00,Spring,2012,4,April,Friday,01,01:00 to 01:59,Major Arterial,<Null>,No Control,Clear,"Dark, artificial",Dry,SMV Other,Toronto and East York,South Parkdale (85),85,Mid-Block,3,0,1,1,0,1,1,0,1,0,1,0,0,1,0,0,0
1293945,Non-Fatal Injury,Automobile,Aggressive and Distracted Driving Collision,-8843052.25618655,5427674.40229315,43.755445,-79.43849,2012-05-12 21:33:00,Spring,2012,5,May,Saturday,21,21:00 to 21:59,Major Arterial,At Intersection,Traffic Signal,Clear,"Dark, artificial",Dry,Turning Movement,North York,Bathurst Manor (34),34,Intersection,3,0,1,2,0,0,2,0,1,0,0,0,0,2,0,0,0
1294403,Fatal,"Pedestrian, Truck",Aggressive and Distracted Driving Collision,-8855074.76119223,5429955.63760032,43.770245,-79.54649,2012-05-15 14:26:00,Spring,2012,5,May,Tuesday,14,14:00 to 14:59,Major Arterial,At Intersection,Traffic Signal,Clear,Daylight,Dry,Pedestrian Collisions,Etobicoke York,Humber Summit (21),21,Intersection,3,1,0,0,1,1,1,1,0,0,1,0,0,0,0,1,0
1294470,Non-Fatal Injury,"Cyclist, Automobile",Aggressive and Distracted Driving Collision,-8855097.02509039,5414152.71375487,43.667645,-79.54669,2012-05-15 13:20:00,Spring,2012,5,May,Tuesday,13,13:00 to 13:59,Major Arterial,<Null>,Stop Sign,Clear,Daylight,Dry,Cyclist Collisions,Etobicoke York,Princess-Rosethorn (10),10,Intersection,2,0,1,0,1,0,1,0,0,1,0,0,1,1,0,0,0
1294734,Non-Fatal Injury,"Pedestrian, Automobile",Aggressive and Distracted Driving Collision,-8837096.66342912,5410629.23966894,43.644745,-79.38499,2012-03-28 00:15:00,Spring,2012,3,March,Wednesday,00,00:00 to 00:59,Minor Arterial,At Intersection,Traffic Signal,Clear,"Dark, artificial",Dry,Pedestrian Collisions,Toronto and East York,Waterfront Communities-The Island (77),77,Intersection,4,0,1,1,1,1,2,1,0,0,1,0,0,2,0,0,0
1294902,Non-Fatal Injury,"Cyclist, Automobile",Not Recorded,-8855965.31711858,5426749.73790322,43.749445,-79.55449,2012-05-19 11:41:00,Spring,2012,5,May,Saturday,11,11:00 to 11:59,Major Arterial,At Intersection,No Control,Clear,Daylight,Dry,Cyclist Collisions,Etobicoke York,Humbermede (22),22,Mid-Block,2,0,1,0,1,0,1,0,0,1,0,0,1,1,0,0,0
1295059,Non-Fatal Injury,Automobile,Aggressive and Distracted Driving Collision,-8843352.8188117,5412029.23661176,43.653845000000004,-79.44119,2012-03-28 10:43:00,Spring,2012,3,March,Wednesday,10,10:00 to 10:59,Minor Arterial,At Intersection,Stop Sign,Clear,Daylight,Dry,Turning Movement,Toronto and East York,Dufferin Grove (83),83,Intersection,3,0,1,1,0,1,2,0,0,0,1,0,0,2,0,0,0
1295331,Non-Fatal Injury,"Pedestrian, Automobile",Not Recorded,-8849386.33521269,5411383.05781954,43.649645,-79.49539,2012-03-30 13:30:00,Spring,2012,3,March,Friday,13,13:00 to 13:59,Major Arterial,<Null>,Traffic Signal,Clear,Daylight,Dry,Pedestrian Collisions,Etobicoke York,Kingsway South (15),15,Intersection,2,0,1,0,1,0,1,1,0,0,0,0,0,1,0,0,0
1295374,Non-Fatal Injury,"Pedestrian, Automobile",Not Recorded,-8828191.10416565,5417200.29475247,43.687445000000004,-79.30499,2012-03-29 16:55:00,Spring,2012,3,March,Thursday,16,16:00 to 16:59,Major Arterial,<Null>,Traffic Signal,Clear,Daylight,Dry,Pedestrian Collisions,Toronto and East York,East End-Danforth (62),62,Intersection,2,0,1,0,1,0,1,1,0,0,0,0,0,1,0,0,0
1295424,Non-Fatal Injury,"Automobile, Motorcycle",Not Recorded,-8824929.44308541,5430217.70752624,43.771945,-79.27569,2012-03-31 17:00:00,Spring,2012,3,March,Saturday,17,17:00 to 17:59,Minor Arterial,<Null>,No Control,Clear,Daylight,Dry,Rear End,Scarborough,Dorset Park (126),126,Mid-Block,2,0,1,0,1,0,2,0,0,0,0,0,0,1,1,0,0