ACCNUM,ACCLASS,INVOLVED,MOTIVE,X,Y,LATITUDE,LONGITUDE,DATE_TIME,SEASON,YEAR,MONTH,MONTH_NAME,DAY_NAME,HOUR,HOUR_INTERVAL,ROAD_CLASS,ACCLOC,TRAFFCTL,VISIBILITY,LIGHT,RDSFCOND,IMPACTYPE,DISTRICT,NEIGHBOURHOOD,HOOD_ID,LOCCOORD,PEOPLE_COUNT,FATAL_INJURY_COUNT,MAJOR_INJURY_COUNT,MINOR_INJURY_COUNT,NO_INJURY_COUNT,NULL_INJURY_COUNT,DRIVERS_COUNT,PEDESTRIAN_COUNT,PASSENGER_COUNT,CYCLIST_COUNT,OTHER_INVTYPE_COUNT,NULL_INVTYPE_COUNT,PEOPLE_VEH_COUNT,AUTOMOBILE_VEH_COUNT,RECREATIONAL_VEH_COUNT,OTHER_VEH_COUNT,NULL_VEH_COUNT
1295588,Non-Fatal Injury,Automobile,Alcohol  Related Collision,-8824183.602497099,5436278.22563237,43.811245,-79.26899,2012-04-01 05:10:00,Spring,2012,4,April,Sunday,05,05:00 to 05:59,Major Arterial,<Null>,No Control,Drifting Snow,"Dark, artificial",Wet,Approaching,Scarborough,Agincourt North (129),129,Mid-Block,3,0,1,1,0,1,2,0,0,0,1,0,0,2,0,0,0
1295639,Non-Fatal Injury,Automobile,Aggressive and Distracted Driving Collision,-8843619.9855896,5413075.5266702995,43.660645,-79.44359,2012-04-01 08:29:00,Spring,2012,4,April,Sunday,08,08:00 to 08:59,Minor Arterial,At Intersection,Pedestrian Crossover,Clear,Daylight,Wet,Angle,Toronto and East York,Dovercourt-Wallace Emerson-Junction (93),93,Intersection,5,0,1,0,2,2,2,0,1,0,2,0,0,2,0,0,0
1295871,Fatal,"Pedestrian, Automobile",Not Recorded,-8840803.82511151,5425655.36327254,43.742343,-79.41829200000001,2012-05-27 12:40:00,Spring,2012,5,May,Sunday,12,12:00 to 12:59,Local,<Null>,No Control,Clear,Daylight,Dry,Pedestrian Collisions,North York,Bedford Park-Nortown (39),39,Intersection,2,1,0,0,1,0,1,1,0,0,0,0,0,1,0,0,0
1296056,Non-Fatal Injury,"Pedestrian, Automobile",Aggressive and Distracted Driving Collision,-8831285.67469022,5413383.12771218,43.662644,-79.332789,2012-04-02 10:10:00,Spring,2012,4,April,Monday,10,10:00 to 10:59,Minor Arterial,At Intersection,Traffic Signal,Clear,Daylight,Dry,Pedestrian Collisions,Toronto and East York,South Riverdale (70),70,Intersection,3,0,1,0,1,1,1,1,0,0,1,0,0,1,0,0,0
1296063,Non-Fatal Injury,"Automobile, Motorcycle",Aggressive and Distracted Driving Collision,-8825964.71434979,5422451.26561334,43.721545,-79.28499000000001,2012-04-02 15:20:00,Spring,2012,4,April,Monday,15,15:00 to 15:59,Major Arterial,At Intersection,Traffic Signal,Clear,Daylight,Dry,Turning Movement,Scarborough,Clairlea-Birchmount (120),120,Intersection,4,0,1,0,1,2,2,0,0,0,2,0,0,1,1,0,0
1296711,Non-Fatal Injury,"Automobile, Truck","Red Light Related  Collision, Aggressive and Distracted Driving Collision",-8837163.45512359,5411259.98126805,43.648845,-79.38559000000001,2012-04-05 03:40:00,Spring,2012,4,April,Thursday,03,03:00 to 03:59,Major Arterial,At Intersection,Traffic Signal,Clear,"Dark, artificial",Dry,Angle,Toronto and East York,Bay Street Corridor (76),76,Intersection,6,0,1,2,1,2,2,0,2,0,2,0,0,1,0,1,0
1296775,Non-Fatal Injury,"Pedestrian, Automobile",Not Recorded,-8842072.64466757,5413321.72978764,43.662245,-79.42969000000001,2012-04-05 18:15:00,Spring,2012,4,April,Thursday,18,18:00 to 18:59,Minor Arterial,At Intersection,Stop Sign,Clear,Daylight,Dry,Pedestrian Collisions,Toronto and East York,Dovercourt-Wallace Emerson-Junction (93),93,Intersection,2,0,1,0,1,0,1,1,0,0,0,0,0,1,0,0,0
1296801,Non-Fatal Injury,Automobile,"Red Light Related  Collision, Aggressive and Distracted Driving Collision",-8847988.94164476,5417331.30171219,43.688296,-79.482837,2012-06-01 06:45:00,Spring,2012,6,June,Friday,06,06:00 to 06:59,Major Arterial,At Intersection,Traffic Signal,Rain,Daylight,Wet,Angle,Etobicoke York,Keelesdale-Eglinton West (110),110,Intersection,6,0,1,2,1,2,3,0,1,0,2,0,0,3,0,0,0
1297456,Non-Fatal Injury,"Automobile, Motorcycle","Alcohol  Related Collision, Aggressive and Distracted Driving Collision",-8824103.22982474,5417506.33976353,43.689433,-79.268268,2012-04-07 20:43:00,Spring,2012,4,April,Saturday,20,20:00 to 20:59,Major Arterial,At Intersection,No Control,Clear,"Dusk, artificial",Dry,Turning Movement,Scarborough,Birchcliffe-Cliffside (122),122,Intersection,2,0,1,0,1,0,2,0,0,0,0,0,0,1,1,0,0
1297568,Non-Fatal Injury,"Pedestrian, Automobile",Not Recorded,-8840369.45645844,5430726.45276655,43.775245,-79.41439,2012-04-10 14:35:00,Spring,2012,4,April,Tuesday,14,14:00 to 14:59,Major Arterial,<Null>,No Control,Clear,Daylight,Dry,Pedestrian Collisions,North York,Willowdale East (51),51,Intersection,2,0,1,0,1,0,1,1,0,0,0,0,0,1,0,0,0
1297829,Non-Fatal Injury,"Pedestrian, Automobile",Aggressive and Distracted Driving Collision,-8856455.12287807,5422697.71886391,43.723145,-79.55889,2012-04-13 18:50:00,Spring,2012,4,April,Friday,18,18:00 to 18:59,Major Arterial,At Intersection,Traffic Signal,Clear,Daylight,Dry,Pedestrian Collisions,Etobicoke York,Elms-Old Rexdale (5),5,Intersection,2,0,1,0,1,0,1,1,0,0,0,0,0,1,0,0,0
1297963,Non-Fatal Injury,"Pedestrian, Automobile",Not Recorded,-8830729.18855574,5418139.39865847,43.693545,-79.32779000000001,2012-04-13 16:24:00,Spring,2012,4,April,Friday,16,16:00 to 16:59,Minor Arterial,<Null>,No Control,Clear,Daylight,Dry,Pedestrian Collisions,Toronto and East York,Danforth East York (59),59,Mid-Block,5,0,1,0,1,3,1,1,0,0,3,0,0,1,0,0,0
1298031,Non-Fatal Injury,"Pedestrian, City Vehicle","Red Light Related  Collision, Aggressive and Distracted Driving Collision",-8834400.17140363,5436267.42727233,43.811175,-79.36076700000001,2012-04-15 10:30:00,Spring,2012,4,April,Sunday,10,10:00 to 10:59,Major Arterial,At Intersection,Traffic Signal,Rain,Daylight,Wet,Pedestrian Collisions,North York,Hillcrest Village (48),48,Intersection,3,0,1,0,1,1,1,1,0,0,1,0,0,0,0,1,0
1298032,Non-Fatal Injury,Automobile,Aggressive and Distracted Driving Collision,-8832499.16845935,5430818.95491742,43.775845000000004,-79.34369000000001,2012-04-14 12:20:00,Spring,2012,4,April,Saturday,12,12:00 to 12:59,Major Arterial,At Intersection,Traffic Signal,Clear,Daylight,Dry,Rear End,North York,Don Valley Village (47),47,Intersection,5,0,5,0,0,0,2,0,3,0,0,0,0,2,0,0,0
1298038,Fatal,"Automobile, Motorcycle",Aggressive and Distracted Driving Collision,-8832643.88379738,5424808.24435186,43.736845,-79.34499,2012-06-08 15:20:00,Spring,2012,6,June,Friday,15,15:00 to 15:59,Major Arterial,<Null>,No Control,Clear,Daylight,Dry,Turning Movement,North York,Banbury-Don Mills (42),42,Intersection,2,1,0,0,1,0,2,0,0,0,0,0,0,1,1,0,0
1298040,Non-Fatal Injury,Automobile,"Speeding  Related Collision, Aggressive and Distracted Driving Collision",-8834591.97488626,5416276.52522681,43.681444,-79.36249000000001,2012-06-17 03:57:00,Spring,2012,6,June,Sunday,03,03:00 to 03:59,<Null>,<Null>,No Control,Clear,"Dark, artificial",Dry,Rear End,Toronto and East York,Playter Estates-Danforth (67),67,Mid-Block,5,0,1,1,1,2,2,0,1,0,2,0,0,2,0,0,0
1298041,Non-Fatal Injury,"Automobile, Motorcycle","Speeding  Related Collision, Aggressive and Distracted Driving Collision",-8843976.20796014,5415614.81146184,43.677145,-79.44679000000001,2012-06-08 23:01:00,Spring,2012,6,June,Friday,23,23:00 to 23:59,Major Arterial,At Intersection,No Control,Clear,Dark,Dry,SMV Unattended Vehicle,Toronto and East York,Corso Italia-Davenport (92),92,Mid-Block,4,0,1,0,2,1,2,0,0,0,2,0,0,1,1,0,0
1298136,Non-Fatal Injury,"Pedestrian, Automobile",Not Recorded,-8850365.94673167,5431343.15130491,43.779245,-79.50419000000001,2012-06-09 10:25:00,Spring,2012,6,June,Saturday,10,10:00 to 10:59,Major Arterial,At Intersection,No Control,Rain,Daylight,Wet,Pedestrian Collisions,Etobicoke York,York University Heights (27),27,Intersection,2,0,1,0,1,0,1,1,0,0,0,0,0,1,0,0,0
1298554,Non-Fatal Injury,"Pedestrian, City Vehicle",Aggressive and Distracted Driving Collision,-8842217.3600056,5415245.41755942,43.674745,-79.43099000000001,2012-06-12 20:32:00,Spring,2012,6,June,Tuesday,20,20:00 to 20:59,Minor Arterial,At Intersection,Traffic Signal,Clear,"Dark, artificial",Dry,Pedestrian Collisions,Toronto and East York,Wychwood (94),94,Intersection,3,0,1,0,1,1,1,1,0,0,1,0,0,0,0,1,0
1298592,Non-Fatal Injury,Automobile,Aggressive and Distracted Driving Collision,-8850210.09944456,5417908.46261256,43.692045,-79.50279,2012-04-18 11:43:00,Spring,2012,4,April,Wednesday,11,11:00 to 11:59,Minor Arterial,At Intersection,Stop Sign,Clear,Daylight,Dry,Turning Movement,Etobicoke York,Mount Dennis (115),115,Intersection,3,0,1,1,1,0,2,0,1,0,0,0,0,2,0,0,0
1298696,Non-Fatal Injury,"Cyclist, Automobile",Not Recorded,-8839300.78934682,5414352.776615401,43.668945,-79.40479,2012-04-19 21:27:00,Spring,2012,4,April,Thursday,21,21:00 to 21:59,Minor Arterial,At Intersection,Traffic Signal,Clear,"Dark, artificial",Dry,Cyclist Collisions,Toronto and East York,Annex (95),95,Intersection,2,0,1,0,1,0,1,0,0,1,0,0,1,1,0,0,0
1298747,Non-Fatal Injury,"Automobile, City Vehicle",Aggressive and Distracted Driving Collision,-8827445.26357734,5425994.66407641,43.744545,-79.29829000000001,2012-06-13 09:05:00,Spring,2012,6,June,Wednesday,09,09:00 to 09:59,Major Arterial,At Intersection,No Control,Clear,Daylight,Dry,Turning Movement,Scarborough,Wexford/Maryvale (119),119,Intersection,6,0,1,2,0,3,2,0,1,0,3,0,0,1,0,1,0
1298848,Non-Fatal Injury,Automobile,Not Recorded,-8845846.37540547,5409383.26693304,43.636645,-79.46359,2012-04-20 01:49:00,Spring,2012,4,April,Friday,01,01:00 to 01:59,Major Arterial,<Null>,No Control,Clear,"Dark, artificial",Dry,SMV Other,Toronto and East York,South Parkdale (85),85,Mid-Block,4,0,1,1,0,2,1,0,1,0,2,0,0,1,0,0,0
1298952,Fatal,"Pedestrian, Automobile",Not Recorded,-8838566.08070759,5410859.99379651,43.646245,-79.39819,2012-06-14 07:38:00,Spring,2012,6,June,Thursday,07,07:00 to 07:59,Major Arterial,At Intersection,Traffic Signal,Clear,Daylight,Dry,Pedestrian Collisions,Toronto and East York,Waterfront Communities-The Island (77),77,Intersection,2,1,0,0,1,0,1,1,0,0,0,0,0,1,0,0,0
1298987,Non-Fatal Injury,Automobile,Not Recorded,-8835048.38479852,5410906.14531348,43.646545,-79.36659,2012-06-14 15:08:00,Spring,2012,6,June,Thursday,15,15:00 to 15:59,Major Arterial,<Null>,No Control,Clear,Daylight,Dry,Sideswipe,Toronto and East York,Waterfront Communities-The Island (77),77,Mid-Block,4,0,1,1,1,1,3,0,0,0,1,0,0,3,0,0,0
1299089,Non-Fatal Injury,Automobile,Not Recorded,-8846391.84091035,5414876.03843012,43.672345,-79.46849,2012-04-21 02:50:00,Spring,2012,4,April,Saturday,02,02:00 to 02:59,Major Arterial,<Null>,No Control,Rain,"Dark, artificial",Wet,SMV Other,Etobicoke York,Junction Area (90),90,Mid-Block,2,0,1,0,0,1,1,0,0,0,1,0,0,1,0,0,0
1299440,Non-Fatal Injury,"Cyclist, Automobile","Red Light Related  Collision, Aggressive and Distracted Driving Collision",-8834235.75251573,5413537.16289786,43.663645,-79.35929,2012-06-13 11:11:00,Spring,2012,6,June,Wednesday,11,11:00 to 11:59,Minor Arterial,<Null>,Traffic Signal,Clear,Daylight,Dry,Cyclist Collisions,Toronto and East York,Regent Park (72),72,Intersection,2,0,1,0,1,0,1,0,0,1,0,0,1,1,0,0,0
1299771,Non-Fatal Injury,"Pedestrian, Cyclist",Not Recorded,-8837831.37206835,5416353.64359332,43.681945,-79.39159000000001,2012-04-23 15:30:00,Spring,2012,4,April,Monday,15,15:00 to 15:59,Major Arterial,At Intersection,Traffic Signal,Rain,Daylight,Wet,Pedestrian Collisions,Toronto and East York,Rosedale-Moore Park (98),98,Intersection,2,0,1,1,0,0,0,1,0,1,0,0,1,0,0,0,0
1299777,Non-Fatal Injury,"Automobile, Motorcycle","Speeding  Related Collision, Aggressive and Distracted Driving Collision",-8826332.06866941,5435506.94603265,43.806245000000004,-79.28829,2012-06-19 10:33:00,Spring,2012,6,June,Tuesday,10,10:00 to 10:59,Major Arterial,<Null>,No Control,Clear,Daylight,Dry,Turning Movement,Scarborough,Agincourt North (129),129,Mid-Block,3,0,1,0,1,1,2,0,0,0,1,0,0,1,1,0,0
1299888,Non-Fatal Injury,Automobile,Aggressive and Distracted Driving Collision,-8825942.45045163,5418462.71882711,43.695645,-79.28479,2012-04-24 18:35:00,Spring,2012,4,April,Tuesday,18,18:00 to 18:59,Minor Arterial,At Intersection,Stop Sign,Clear,Daylight,Wet,Turning Movement,Scarborough,Oakridge (121),121,Intersection,3,0,1,0,1,1,2,0,0,0,1,0,0,2,0,0,0
1300176,Non-Fatal Injury,"Pedestrian, Automobile",Aggressive and Distracted Driving Collision,-8842974.332542999,5410429.25741907,43.643445,-79.43779,2012-06-21 20:16:00,Summer,2012,6,June,Thursday,20,20:00 to 20:59,Minor Arterial,<Null>,No Control,Rain,"Dusk, artificial",Wet,Pedestrian Collisions,Toronto and East York,Roncesvalles (86),86,Mid-Block,3,0,1,0,1,1,1,1,0,0,1,0,0,1,0,0,0
1300266,Non-Fatal Injury,"Pedestrian, Automobile",Not Recorded,-8835938.94072486,5412521.59364429,43.657045000000004,-79.37459,2012-04-28 13:52:00,Spring,2012,4,April,Saturday,13,13:00 to 13:59,Major Arterial,At Intersection,Traffic Signal,Clear,Daylight,Dry,Pedestrian Collisions,Toronto and East York,Moss Park (73),73,Intersection,2,0,1,0,1,0,1,1,0,0,0,0,0,1,0,0,0
1300277,Non-Fatal Injury,"Pedestrian, Automobile",Aggressive and Distracted Driving Collision,-8827812.61789696,5422543.68481098,43.722145000000005,-79.30159,2012-04-27 16:44:00,Spring,2012,4,April,Friday,16,16:00 to 16:59,Major Arterial,At Intersection,No Control,Clear,Daylight,Dry,Pedestrian Collisions,North York,Clairlea-Birchmount (120),120,Mid-Block,2,0,1,0,1,0,1,1,0,0,0,0,0,1,0,0,0
1300648,Non-Fatal Injury,"Pedestrian, Automobile",Not Recorded,-8843731.30508039,5411290.75025224,43.649045,-79.44459,2012-04-29 13:40:00,Spring,2012,4,April,Sunday,13,13:00 to 13:59,Collector,<Null>,No Control,Clear,Daylight,Dry,Pedestrian Collisions,Toronto and East York,Roncesvalles (86),86,Intersection,3,0,1,0,1,1,1,1,0,0,1,0,0,1,0,0,0
1300655,Non-Fatal Injury,Automobile,"Alcohol  Related Collision, Aggressive and Distracted Driving Collision",-8833890.66209427,5424561.73472315,43.735245,-79.35619,2012-04-29 21:15:00,Spring,2012,4,April,Sunday,21,21:00 to 21:59,Major Arterial,<Null>,No Control,Clear,Dark,Dry,Turning Movement,North York,Banbury-Don Mills (42),42,Mid-Block,2,0,1,0,1,0,2,0,0,0,0,0,0,2,0,0,0
1300673,Non-Fatal Injury,"Cyclist, Automobile",Not Recorded,-8857156.32435057,5412167.86323507,43.654746,-79.565189,2012-06-25 12:10:00,Summer,2012,6,June,Monday,12,12:00 to 12:59,Minor Arterial,At Intersection,No Control,Clear,Daylight,Dry,Cyclist Collisions,Etobicoke York,Eringate-Centennial-West Deane (11),11,Mid-Block,2,0,1,0,1,0,1,0,0,1,0,0,1,1,0,0,0
1300682,Non-Fatal Injury,Automobile,Not Recorded,-8836428.74648435,5415753.33798431,43.678045000000004,-79.37899,2012-06-25 10:26:00,Summer,2012,6,June,Monday,10,10:00 to 10:59,Collector,<Null>,No Control,Clear,Daylight,Dry,SMV Unattended Vehicle,Toronto and East York,Rosedale-Moore Park (98),98,Mid-Block,4,0,1,0,3,0,1,0,0,0,3,0,0,1,0,0,0
1300754,Non-Fatal Injury,"Pedestrian, Automobile",Aggressive and Distracted Driving Collision,-8843664.51338592,5416076.57461733,43.680145,-79.44399,2012-04-30 15:30:00,Spring,2012,4,April,Monday,15,15:00 to 15:59,Major Arterial,At Intersection,Traffic Signal,Rain,Daylight,Wet,Pedestrian Collisions,Toronto and East York,Corso Italia-Davenport (92),92,Intersection,3,0,1,0,1,1,1,1,0,0,1,0,0,1,0,0,0
1301011,Non-Fatal Injury,"Cyclist, Automobile",Not Recorded,-8828358.08340184,5421219.09807524,43.713545,-79.30649,2012-05-01 08:45:00,Spring,2012,5,May,Tuesday,08,08:00 to 08:59,Major Arterial,<Null>,No Control,Clear,Daylight,Dry,Cyclist Collisions,Toronto and East York,O'Connor-Parkview (54),54,Mid-Block,3,0,1,0,1,1,1,0,0,1,1,0,1,1,0,0,0
1301166,Non-Fatal Injury,"Cyclist, Automobile",Aggressive and Distracted Driving Collision,-8838276.65003152,5410936.91311951,43.646745,-79.39559,2012-05-02 17:45:00,Spring,2012,5,May,Wednesday,17,17:00 to 17:59,Major Arterial,<Null>,Traffic Signal,Clear,Daylight,Dry,Cyclist Collisions,Toronto and East York,Waterfront Communities-The Island (77),77,Intersection,2,0,1,0,1,0,1,0,0,1,0,0,1,1,0,0,0
1301330,Non-Fatal Injury,"Cyclist, Automobile",Not Recorded,-8835983.46852118,5411398.44250374,43.649745,-79.37499,2012-05-03 12:00:00,Spring,2012,5,May,Thursday,12,12:00 to 12:59,Major Arterial,<Null>,No Control,Clear,Daylight,Dry,Cyclist Collisions,Toronto and East York,Church-Yonge Corridor (75),75,Mid-Block,2,0,1,0,1,0,1,0,0,1,0,0,1,1,0,0,0
1301352,Non-Fatal Injury,"Pedestrian, Automobile",Not Recorded,-8833523.30777465,5417215.68912845,43.687545,-79.35289,2012-05-04 12:00:00,Spring,2012,5,May,Friday,12,12:00 to 12:59,Local,<Null>,No Control,Clear,Daylight,Dry,Pedestrian Collisions,Toronto and East York,Broadview North (57),57,Intersection,2,0,1,0,1,0,1,1,0,0,0,0,0,1,0,0,0
1301426,Non-Fatal Injury,Automobile,"Speeding  Related Collision, Aggressive and Distracted Driving Collision",-8830695.792708501,5411213.82798386,43.648545,-79.32749,2012-05-04 23:10:00,Spring,2012,5,May,Friday,23,23:00 to 23:59,Other,<Null>,No Control,Clear,Dark,Dry,SMV Other,Toronto and East York,South Riverdale (70),70,Mid-Block,3,0,1,0,1,1,1,0,1,0,1,0,0,1,0,0,0
1301507,Non-Fatal Injury,"Cyclist, Automobile",Aggressive and Distracted Driving Collision,-8841026.24145412,5412198.48138235,43.654945,-79.42029000000001,2012-05-05 16:10:00,Spring,2012,5,May,Saturday,16,16:00 to 16:59,Major Arterial,At Intersection,Stop Sign,Clear,Daylight,Dry,Cyclist Collisions,Toronto and East York,Palmerston-Little Italy (80),80,Intersection,3,0,1,0,1,1,1,0,0,1,1,0,1,1,0,0,0
1301520,Non-Fatal Injury,Automobile,Aggressive and Distracted Driving Collision,-8843041.12423748,5418863.03567612,43.698245,-79.43839,2012-05-05 17:31:00,Spring,2012,5,May,Saturday,17,17:00 to 17:59,Major Arterial,<Null>,No Control,Clear,Daylight,Dry,Rear End,North York,Oakwood Village (107),107,Intersection,4,0,1,2,1,0,2,0,2,0,0,0,0,2,0,0,0
1301640,Non-Fatal Injury,"Pedestrian, City Vehicle",Not Recorded,-8843709.26382122,5416245.5857039,43.681243,-79.44439200000001,2012-06-29 10:30:00,Summer,2012,6,June,Friday,10,10:00 to 10:59,Major Arterial,<Null>,No Control,Clear,Daylight,Dry,Pedestrian Collisions,Toronto and East York,Corso Italia-Davenport (92),92,Intersection,3,0,1,0,1,1,1,1,0,0,1,0,0,0,0,1,0
1301786,Non-Fatal Injury,"Pedestrian, Automobile",Aggressive and Distracted Driving Collision,-8860106.40217608,5424792.8373071,43.736745,-79.59169,2012-07-01 19:40:00,Summer,2012,7,July,Sunday,19,19:00 to 19:59,Major Arterial,At Intersection,Traffic Signal,Clear,Daylight,Dry,Pedestrian Collisions,Etobicoke York,Mount Olive-Silverstone-Jamestown (2),2,Intersection,2,0,1,0,1,0,1,1,0,0,0,0,0,1,0,0,0
1301789,Non-Fatal Injury,Motorcycle,"Speeding  Related Collision, Aggressive and Distracted Driving Collision",-8859115.65870802,5425778.94004951,43.743145,-79.58279,2012-07-02 18:15:00,Summer,2012,7,July,Monday,18,18:00 to 18:59,Major Arterial,<Null>,No Control,Clear,Daylight,Dry,SMV Other,Etobicoke York,Mount Olive-Silverstone-Jamestown (2),2,Mid-Block,1,0,1,0,0,0,1,0,0,0,0,0,0,0,1,0,0
1301842,Non-Fatal Injury,Automobile,Not Recorded,-8813808.62595516,5429816.89771402,43.769345,-79.17579,2012-05-06 21:00:00,Spring,2012,5,May,Sunday,21,21:00 to 21:59,Collector,<Null>,No Control,Clear,"Dusk, artificial",Dry,Sideswipe,Scarborough,West Hill (136),136,Intersection,4,0,2,2,0,0,2,0,2,0,0,0,0,2,0,0,0
1301849,Non-Fatal Injury,Automobile,"Speeding  Related Collision, Aggressive and Distracted Driving Collision, Medical or Physical Disability Related Collision",-8829371.09076806,5419555.932784299,43.702745,-79.31559,2012-05-07 15:10:00,Spring,2012,5,May,Monday,15,15:00 to 15:59,Major Arterial,At Intersection,Traffic Signal,Clear,Daylight,Dry,SMV Other,Toronto and East York,O'Connor-Parkview (54),54,Intersection,3,0,1,0,0,2,1,0,0,0,2,0,0,1,0,0,0
1301986,Non-Fatal Injury,"Cyclist, Automobile",Not Recorded,-8837541.94139229,5412413.88830144,43.656345,-79.38899,2012-06-28 01:55:00,Summer,2012,6,June,Thursday,01,01:00 to 01:59,Major Arterial,At Intersection,Traffic Signal,Clear,"Dark, artificial",Dry,Cyclist Collisions,Toronto and East York,Bay Street Corridor (76),76,Intersection,2,0,1,0,1,0,1,0,0,1,0,0,1,1,0,0,0
1302089,Non-Fatal Injury,"Cyclist, Automobile",Not Recorded,-8837964.955457302,5411013.83308278,43.647245,-79.39279,2012-05-10 18:10:00,Spring,2012,5,May,Thursday,18,18:00 to 18:59,Major Arterial,<Null>,No Control,Clear,Dusk,Dry,Cyclist Collisions,Toronto and East York,Waterfront Communities-The Island (77),77,Intersection,2,0,1,0,1,0,1,0,0,1,0,0,1,1,0,0,0
1302130,Non-Fatal Injury,"Cyclist, Automobile",Aggressive and Distracted Driving Collision,-8840258.13696764,5411567.67572055,43.650845000000004,-79.41339,2012-05-10 10:15:00,Spring,2012,5,May,Thursday,10,10:00 to 10:59,Major Arterial,<Null>,No Control,Clear,Daylight,Dry,Cyclist Collisions,Toronto and East York,Trinity-Bellwoods (81),81,Intersection,3,0,1,0,1,1,1,0,0,1,1,0,1,1,0,0,0
1302144,Non-Fatal Injury,"Automobile, Motorcycle",Not Recorded,-8838421.36536955,5410675.39003349,43.645045,-79.39689,2012-05-09 00:08:00,Spring,2012,5,May,Wednesday,00,00:00 to 00:59,Major Arterial,<Null>,No Control,Clear,"Dark, artificial",Dry,Sideswipe,Toronto and East York,Waterfront Communities-The Island (77),77,Mid-Block,5,0,1,0,2,2,3,0,0,0,2,0,0,2,1,0,0
1302166,Non-Fatal Injury,"Automobile, Motorcycle","Speeding  Related Collision, Aggressive and Distracted Driving Collision",-8847058.08806275,5409298.82374782,43.636096,-79.474475,2020-07-14 01:35:00,Summer,2020,7,July,Tuesday,01,01:00 to 01:59,<Null>,Non Intersection,No Control,Clear,Dark,Dry,Angle,<Null>,High Park-Swansea (87),87,Mid-Block,2,0,1,0,1,0,2,0,0,0,0,0,0,1,1,0,0
1302226,Non-Fatal Injury,"Pedestrian, Automobile",Aggressive and Distracted Driving Collision,-8830718.05660666,5428475.85309484,43.760645000000004,-79.32769,2012-06-22 19:40:00,Summer,2012,6,June,Friday,19,19:00 to 19:59,Major Arterial,At Intersection,Traffic Signal,Clear,Daylight,Dry,Pedestrian Collisions,North York,Parkwoods-Donalda (45),45,Intersection,2,0,1,0,1,0,1,1,0,0,0,0,0,1,0,0,0
1302395,Non-Fatal Injury,"Cyclist, Automobile",Not Recorded,-8844028.639440302,5424458.66483738,43.734576000000004,-79.447261,2012-06-27 19:10:00,Summer,2012,6,June,Wednesday,19,19:00 to 19:59,Major Arterial,At Intersection,Traffic Signal,Clear,Daylight,Dry,Cyclist Collisions,North York,Clanton Park (33),33,Intersection,2,0,1,0,1,0,1,0,0,1,0,0,1,1,0,0,0
1302410,Non-Fatal Injury,Automobile,"Speeding  Related Collision, Aggressive and Distracted Driving Collision",-8821790.23344504,5438129.56016132,43.823245,-79.24749,2012-07-06 22:12:00,Summer,2012,7,July,Friday,22,22:00 to 22:59,Major Arterial,<Null>,No Control,Clear,"Dark, artificial",Dry,SMV Other,Scarborough,Rouge (131),131,Mid-Block,2,0,1,1,0,0,1,0,1,0,0,0,0,1,0,0,0
1302631,Fatal,"Pedestrian, Automobile",Aggressive and Distracted Driving Collision,-8845078.27091899,5427088.77074915,43.751645,-79.45669000000001,2012-07-08 18:55:00,Summer,2012,7,July,Sunday,18,18:00 to 18:59,Major Arterial,At Intersection,Traffic Signal,Clear,Daylight,Dry,Pedestrian Collisions,North York,Clanton Park (33),33,Intersection,2,1,0,0,1,0,1,1,0,0,0,0,0,1,0,0,0
1302753,Non-Fatal Injury,Automobile,Not Recorded,-8848896.5294532,5428907.432378501,43.763445000000004,-79.49099,2012-07-09 03:23:00,Summer,2012,7,July,Monday,03,03:00 to 03:59,Major Arterial,At Intersection,Traffic Signal,Clear,"Dark, artificial",Dry,SMV Other,Etobicoke York,York University Heights (27),27,Intersection,1,0,1,0,0,0,1,0,0,0,0,0,0,1,0,0,0
1302903,Fatal,Automobile,Not Recorded,-8839178.33790695,5411090.75368634,43.647745,-79.40369,2012-07-09 09:07:00,Summer,2012,7,July,Monday,09,09:00 to 09:59,Local,At Intersection,No Control,Clear,Daylight,Dry,SMV Other,Toronto and East York,Kensington-Chinatown (78),78,Mid-Block,2,1,0,1,0,0,1,0,1,0,0,0,0,1,0,0,0
1303045,Non-Fatal Injury,"Automobile, Motorcycle","Speeding  Related Collision, Aggressive and Distracted Driving Collision",-8828847.88916133,5432299.11557944,43.785445,-79.31089,2012-05-14 19:36:00,Spring,2012,5,May,Monday,19,19:00 to 19:59,Major Arterial,At Intersection,Traffic Signal,Clear,Dusk,Dry,Turning Movement,Scarborough,Tam O'Shanter-Sullivan (118),118,Intersection,3,0,1,0,1,1,2,0,0,0,1,0,0,1,1,0,0
1303894,Non-Fatal Injury,Automobile,Aggressive and Distracted Driving Collision,-8833779.34260347,5412613.91350893,43.657645,-79.35519000000001,2012-05-23 18:35:00,Spring,2012,5,May,Wednesday,18,18:00 to 18:59,Major Arterial,At Intersection,No Control,Clear,Daylight,Dry,Turning Movement,Toronto and East York,Moss Park (73),73,Mid-Block,3,0,2,0,0,1,2,0,0,0,1,0,0,2,0,0,0
1303942,Non-Fatal Injury,"Cyclist, Automobile",Not Recorded,-8843753.56897855,5416199.71535819,43.680945,-79.44479,2012-05-21 06:40:00,Spring,2012,5,May,Monday,06,06:00 to 06:59,Local,<Null>,No Control,Clear,Daylight,Dry,Cyclist Collisions,Toronto and East York,Corso Italia-Davenport (92),92,Mid-Block,3,0,1,0,1,1,1,0,0,1,1,0,1,1,0,0,0