ACCNUM,ACCLASS,INVOLVED,MOTIVE,X,Y,LATITUDE,LONGITUDE,DATE_TIME,SEASON,YEAR,MONTH,MONTH_NAME,DAY_NAME,HOUR,HOUR_INTERVAL,ROAD_CLASS,ACCLOC,TRAFFCTL,VISIBILITY,LIGHT,RDSFCOND,IMPACTYPE,DISTRICT,NEIGHBOURHOOD,HOOD_ID,LOCCOORD,PEOPLE_COUNT,FATAL_INJURY_COUNT,MAJOR_INJURY_COUNT,MINOR_INJURY_COUNT,NO_INJURY_COUNT,NULL_INJURY_COUNT,DRIVERS_COUNT,PEDESTRIAN_COUNT,PASSENGER_COUNT,CYCLIST_COUNT,OTHER_INVTYPE_COUNT,NULL_INVTYPE_COUNT,PEOPLE_VEH_COUNT,AUTOMOBILE_VEH_COUNT,RECREATIONAL_VEH_COUNT,OTHER_VEH_COUNT,NULL_VEH_COUNT
1327908,Non-Fatal Injury,Automobile,"Speeding  Related Collision, Aggressive and Distracted Driving Collision",-8852892.89917268,5419309.5634098,43.701145000000004,-79.52689000000001,2012-11-27 02:30:00,Autumn,2012,11,November,Tuesday,02,02:00 to 02:59,Major Arterial,<Null>,No Control,Clear,"Dark, artificial",Dry,SMV Other,Etobicoke York,Humber Heights-Westmount (8),8,Mid-Block,3,0,1,0,0,2,1,0,0,0,2,0,0,1,0,0,0
1328002,Non-Fatal Injury,"Pedestrian, Automobile",Aggressive and Distracted Driving Collision,-8823682.66478853,5426780.55855607,43.749645,-79.26449000000001,2012-10-16 19:00:00,Autumn,2012,10,October,Tuesday,19,19:00 to 19:59,Major Arterial,At Intersection,Traffic Signal,Clear,"Dark, artificial",Dry,Pedestrian Collisions,Scarborough,Bendale (127),127,Intersection,3,0,1,0,1,1,1,1,0,0,1,0,0,1,0,0,0
1328014,Non-Fatal Injury,"Pedestrian, Automobile",Aggressive and Distracted Driving Collision,-8839434.37273577,5414845.25750279,43.672145,-79.40599,2012-10-16 10:39:00,Autumn,2012,10,October,Tuesday,10,10:00 to 10:59,Minor Arterial,At Intersection,Traffic Signal,Clear,Daylight,Dry,Pedestrian Collisions,Toronto and East York,Annex (95),95,Intersection,2,0,2,0,0,0,1,1,0,0,0,0,0,1,0,0,0
1328097,Non-Fatal Injury,Automobile,Not Recorded,-8857389.87264226,5424918.2513992,43.737559000000005,-79.567287,2012-10-19 03:50:00,Autumn,2012,10,October,Friday,03,03:00 to 03:59,Major Arterial,<Null>,No Control,Clear,Dark,Dry,SMV Other,Etobicoke York,Thistletown-Beaumond Heights (3),3,Mid-Block,1,0,1,0,0,0,1,0,0,0,0,0,0,1,0,0,0
1328148,Non-Fatal Injury,"Pedestrian, Automobile",Aggressive and Distracted Driving Collision,-8835115.17649299,5421142.09306588,43.713045,-79.36719000000001,2012-10-20 09:55:00,Autumn,2012,10,October,Saturday,09,09:00 to 09:59,Major Arterial,At Intersection,Traffic Signal,Clear,Daylight,Dry,Pedestrian Collisions,North York,Leaside-Bennington (56),56,Intersection,2,0,1,0,1,0,1,1,0,0,0,0,0,1,0,0,0
1328243,Non-Fatal Injury,Automobile,"Red Light Related  Collision, Aggressive and Distracted Driving Collision",-8838727.27133025,5409356.811061599,43.636472999999995,-79.399638,2012-10-18 21:08:00,Autumn,2012,10,October,Thursday,21,21:00 to 21:59,Major Arterial,At Intersection,Traffic Signal,Rain,"Dark, artificial",Wet,Angle,Toronto and East York,Waterfront Communities-The Island (77),77,Intersection,4,0,1,1,1,1,2,0,1,0,1,0,0,2,0,0,0
1328386,Non-Fatal Injury,Automobile,Medical or Physical Disability Related Collision,-8847905.78598514,5413829.54444062,43.665545,-79.48209,2012-11-30 10:53:00,Autumn,2012,11,November,Friday,10,10:00 to 10:59,Major Arterial,At Intersection,Traffic Signal,Clear,Daylight,Dry,Rear End,Toronto and East York,Junction Area (90),90,Intersection,3,0,1,0,1,1,2,0,0,0,1,0,0,2,0,0,0
1328482,Non-Fatal Injury,"Pedestrian, Automobile",Aggressive and Distracted Driving Collision,-8835204.23208563,5413629.49291163,43.664245,-79.36799,2012-10-22 13:43:00,Autumn,2012,10,October,Monday,13,13:00 to 13:59,Minor Arterial,At Intersection,Traffic Signal,Clear,Daylight,Dry,Pedestrian Collisions,Toronto and East York,Cabbagetown-South St.James Town (71),71,Intersection,2,0,1,0,1,0,1,1,0,0,0,0,0,1,0,0,0
1328489,Non-Fatal Injury,Automobile,Aggressive and Distracted Driving Collision,-8827064.7735578,5433739.72515003,43.794787,-79.294872,2012-10-22 15:25:00,Autumn,2012,10,October,Monday,15,15:00 to 15:59,Minor Arterial,At Intersection,No Control,Clear,Daylight,Dry,Rear End,Scarborough,Tam O'Shanter-Sullivan (118),118,Intersection,3,0,1,2,0,0,3,0,0,0,0,0,0,3,0,0,0
1328705,Non-Fatal Injury,"Pedestrian, Automobile",Aggressive and Distracted Driving Collision,-8848974.45309676,5408168.22073212,43.628745,-79.49169,2012-12-02 02:37:00,Autumn,2012,12,December,Sunday,02,02:00 to 02:59,Major Arterial,<Null>,No Control,Clear,"Dark, artificial",Wet,Pedestrian Collisions,Etobicoke York,Stonegate-Queensway (16),16,Mid-Block,4,0,1,0,2,1,1,1,1,0,1,0,0,1,0,0,0
1328738,Non-Fatal Injury,"Pedestrian, Automobile",Aggressive and Distracted Driving Collision,-8836406.4825862,5412106.16566862,43.654345,-79.37879000000001,2012-10-25 06:37:00,Autumn,2012,10,October,Thursday,06,06:00 to 06:59,Minor Arterial,At Intersection,Traffic Signal,Clear,"Dawn, artificial",Dry,Pedestrian Collisions,Toronto and East York,Church-Yonge Corridor (75),75,Intersection,3,0,1,0,1,1,1,1,0,0,1,0,0,1,0,0,0
1328809,Non-Fatal Injury,"Pedestrian, Automobile",Aggressive and Distracted Driving Collision,-8824105.67885354,5432622.93240907,43.787545,-79.26829000000001,2012-12-02 17:45:00,Autumn,2012,12,December,Sunday,17,17:00 to 17:59,Major Arterial,At Intersection,Traffic Signal,"Fog, Mist, Smoke, Dust","Dark, artificial",Wet,Pedestrian Collisions,Scarborough,Agincourt South-Malvern West (128),128,Intersection,2,0,1,0,1,0,1,1,0,0,0,0,0,1,0,0,0
1328909,Non-Fatal Injury,Automobile,"Speeding  Related Collision, Aggressive and Distracted Driving Collision",-8827456.39552642,5427504.87354825,43.754345,-79.29839,2012-11-29 01:25:00,Autumn,2012,11,November,Thursday,01,01:00 to 01:59,Major Arterial,At Intersection,Traffic Signal,Clear,Dark,Dry,Rear End,Scarborough,Wexford/Maryvale (119),119,Intersection,4,0,1,1,0,2,2,0,0,0,2,0,0,2,0,0,0
1329059,Fatal,"Pedestrian, Automobile",Aggressive and Distracted Driving Collision,-8840369.45645844,5423544.95211865,43.728645,-79.41439,2012-12-03 15:07:00,Autumn,2012,12,December,Monday,15,15:00 to 15:59,Collector,At Intersection,Stop Sign,Clear,Daylight,Dry,Pedestrian Collisions,North York,Lawrence Park North (105),105,Intersection,2,1,0,0,1,0,1,1,0,0,0,0,0,1,0,0,0
1329099,Non-Fatal Injury,"Pedestrian, Automobile",Aggressive and Distracted Driving Collision,-8856310.40754003,5426641.86642925,43.748745,-79.55759,2012-10-28 21:35:00,Autumn,2012,10,October,Sunday,21,21:00 to 21:59,Major Arterial,At Intersection,Traffic Signal,Rain,"Dark, artificial",Wet,Pedestrian Collisions,Etobicoke York,Humbermede (22),22,Intersection,3,0,1,0,1,1,1,1,0,0,1,0,0,1,0,0,0
1329108,Non-Fatal Injury,Automobile,Aggressive and Distracted Driving Collision,-8856132.29635476,5421742.74917823,43.716945,-79.55599000000001,2012-08-24 14:10:00,Summer,2012,8,August,Friday,14,14:00 to 14:59,Major Arterial,At Intersection,Traffic Signal,Clear,Daylight,Dry,Angle,Etobicoke York,Elms-Old Rexdale (5),5,Intersection,4,0,1,2,0,1,2,0,1,0,1,0,0,2,0,0,0
1329416,Non-Fatal Injury,"Pedestrian, Automobile",Not Recorded,-8854640.61517813,5407906.77597513,43.627045,-79.54259,2012-12-04 18:10:00,Autumn,2012,12,December,Tuesday,18,18:00 to 18:59,Minor Arterial,At Intersection,No Control,Clear,"Dark, artificial",Wet,Pedestrian Collisions,Etobicoke York,Islington-City Centre West (14),14,Intersection,2,0,1,0,1,0,1,1,0,0,0,0,0,1,0,0,0
1329449,Non-Fatal Injury,Automobile,Not Recorded,-8828151.02914897,5423683.44364236,43.729544,-79.30463,2012-11-01 21:28:00,Autumn,2012,11,November,Thursday,21,21:00 to 21:59,Major Arterial,<Null>,No Control,Clear,"Dark, artificial",Dry,Turning Movement,North York,Wexford/Maryvale (119),119,Mid-Block,3,0,1,0,1,1,2,0,0,0,1,0,0,2,0,0,0
1329462,Non-Fatal Injury,"Pedestrian, Automobile",Not Recorded,-8845835.24345639,5418893.82999886,43.698445,-79.46349000000001,2012-10-31 07:19:00,Autumn,2012,10,October,Wednesday,07,07:00 to 07:59,Minor Arterial,At Intersection,Traffic Signal,Rain,Dark,Wet,Pedestrian Collisions,North York,Briar Hill-Belgravia (108),108,Intersection,2,0,1,0,1,0,1,1,0,0,0,0,0,1,0,0,0
1329595,Non-Fatal Injury,"Pedestrian, Automobile",Aggressive and Distracted Driving Collision,-8833601.23141821,5430587.70128048,43.774345000000004,-79.35359,2012-10-29 22:10:00,Autumn,2012,10,October,Monday,22,22:00 to 22:59,Collector,At Intersection,No Control,Rain,"Dark, artificial",Wet,Pedestrian Collisions,North York,Don Valley Village (47),47,Intersection,2,0,1,0,1,0,1,1,0,0,0,0,0,1,0,0,0
1329833,Non-Fatal Injury,"Pedestrian, Automobile",Aggressive and Distracted Driving Collision,-8843397.34660801,5417061.74652353,43.686545,-79.44159,2012-11-02 01:00:00,Autumn,2012,11,November,Friday,01,01:00 to 01:59,Minor Arterial,At Intersection,Traffic Signal,Clear,Daylight,Dry,Pedestrian Collisions,Toronto and East York,Oakwood Village (107),107,Intersection,2,0,1,0,1,0,1,1,0,0,0,0,0,1,0,0,0
1329835,Non-Fatal Injury,Automobile,"Red Light Related  Collision, Aggressive and Distracted Driving Collision",-8835388.68848187,5421068.16886134,43.712565000000005,-79.369647,2012-11-02 19:33:00,Autumn,2012,11,November,Friday,19,19:00 to 19:59,Major Arterial,At Intersection,Traffic Signal,Clear,"Dusk, artificial",Dry,Angle,North York,Leaside-Bennington (56),56,Intersection,6,0,1,0,2,3,3,0,0,0,3,0,0,3,0,0,0
1330074,Non-Fatal Injury,"Cyclist, Automobile",Not Recorded,-8841204.35263939,5412136.78361145,43.654544,-79.42189,2012-11-05 13:20:00,Autumn,2012,11,November,Monday,13,13:00 to 13:59,Major Arterial,<Null>,No Control,Clear,Daylight,Dry,Cyclist Collisions,Toronto and East York,Trinity-Bellwoods (81),81,Mid-Block,2,0,1,0,1,0,1,0,0,1,0,0,1,1,0,0,0
1330477,Non-Fatal Injury,Automobile,Not Recorded,-8823025.87979284,5428814.94940301,43.762845,-79.25859,2012-12-10 20:25:00,Autumn,2012,12,December,Monday,20,20:00 to 20:59,Major Arterial,<Null>,No Control,Clear,"Dark, artificial",Dry,SMV Other,Scarborough,Bendale (127),127,Mid-Block,5,0,1,2,0,2,1,0,2,0,2,0,0,1,0,0,0
1330495,Non-Fatal Injury,"Automobile, Motorcycle",Aggressive and Distracted Driving Collision,-8841827.74178783,5414568.23377273,43.670345000000005,-79.42749,2012-10-20 11:45:00,Autumn,2012,10,October,Saturday,11,11:00 to 11:59,Major Arterial,<Null>,No Control,Clear,Daylight,Dry,Turning Movement,Toronto and East York,Dovercourt-Wallace Emerson-Junction (93),93,Mid-Block,3,0,1,0,1,1,2,0,0,0,1,0,0,1,1,0,0
1330905,Non-Fatal Injury,"Pedestrian, Automobile",Aggressive and Distracted Driving Collision,-8823838.51207563,5423360.09459191,43.727445,-79.26589,2012-12-10 07:13:00,Autumn,2012,12,December,Monday,07,07:00 to 07:59,Major Arterial,<Null>,Traffic Signal,Rain,"Dark, artificial",Wet,Pedestrian Collisions,Scarborough,Kennedy Park (124),124,Intersection,2,0,1,0,1,0,1,1,0,0,0,0,0,1,0,0,0
1331518,Non-Fatal Injury,Automobile,Aggressive and Distracted Driving Collision,-8822881.05313532,5432592.09222088,43.787345,-79.257289,2012-10-27 19:00:00,Autumn,2012,10,October,Saturday,19,19:00 to 19:59,Major Arterial,At Intersection,Traffic Signal,Rain,"Dark, artificial",Wet,Turning Movement,Scarborough,Agincourt South-Malvern West (128),128,Intersection,6,0,1,5,0,0,2,0,4,0,0,0,0,2,0,0,0
1331528,Non-Fatal Injury,Automobile,Aggressive and Distracted Driving Collision,-8839514.63408864,5425932.10358923,43.744139000000004,-79.406711,2012-11-09 11:40:00,Autumn,2012,11,November,Friday,11,11:00 to 11:59,Major Arterial,At Intersection,Traffic Signal,Clear,Daylight,Dry,Turning Movement,North York,St.Andrew-Windfields (40),40,Intersection,2,0,1,0,1,0,2,0,0,0,0,0,0,2,0,0,0
1331563,Non-Fatal Injury,"Automobile, Motorcycle",Not Recorded,-8839285.3159376,5410440.02558383,43.643515,-79.404651,2012-11-09 22:55:00,Autumn,2012,11,November,Friday,22,22:00 to 22:59,Major Arterial,<Null>,No Control,Rain,"Dark, artificial",Wet,Approaching,Toronto and East York,Niagara (82),82,Mid-Block,3,0,1,1,1,0,2,0,1,0,0,0,0,1,1,0,0
1331576,Non-Fatal Injury,"Pedestrian, Automobile",Not Recorded,-8839456.63663393,5434704.88373007,43.801045,-79.40619000000001,2012-12-17 20:30:00,Autumn,2012,12,December,Monday,20,20:00 to 20:59,Major Arterial,At Intersection,Traffic Signal,Clear,Dark,Dry,Pedestrian Collisions,North York,Newtonbrook East (50),50,Intersection,2,0,1,0,1,0,1,1,0,0,0,0,0,1,0,0,0
1331648,Non-Fatal Injury,"Pedestrian, Automobile",Not Recorded,-8835215.475354198,5413659.96201868,43.664443,-79.368091,2012-12-18 07:01:00,Autumn,2012,12,December,Tuesday,07,07:00 to 07:59,Minor Arterial,At Intersection,<Null>,Other,Dark,Other,Pedestrian Collisions,Toronto and East York,Cabbagetown-South St.James Town (71),71,Intersection,3,0,2,0,1,0,1,2,0,0,0,0,0,1,0,0,0
1331690,Non-Fatal Injury,"Pedestrian, Automobile",Not Recorded,-8819140.82956416,5439240.53950613,43.830445000000005,-79.22369,2012-11-01 07:15:00,Autumn,2012,11,November,Thursday,07,07:00 to 07:59,Collector,<Null>,No Control,Rain,Daylight,Wet,Pedestrian Collisions,Scarborough,Rouge (131),131,Intersection,2,0,1,0,1,0,1,1,0,0,0,0,0,1,0,0,0
1331742,Non-Fatal Injury,Motorcycle,Not Recorded,-8848867.14110763,5409917.32257817,43.640117,-79.490726,2020-07-18 02:18:00,Summer,2020,7,July,Saturday,02,02:00 to 02:59,<Null>,Non Intersection,No Control,Clear,"Dark, artificial",Dry,SMV Other,<Null>,Stonegate-Queensway (16),16,Mid-Block,1,0,1,0,0,0,1,0,0,0,0,0,0,0,1,0,0
1331761,Non-Fatal Injury,"Pedestrian, Truck",Not Recorded,-8835215.36403471,5413660.26978796,43.664445,-79.36809000000001,2012-12-18 07:00:00,Autumn,2012,12,December,Tuesday,07,07:00 to 07:59,Minor Arterial,At Intersection,Traffic Signal,Clear,Dark,Dry,Pedestrian Collisions,Toronto and East York,Cabbagetown-South St.James Town (71),71,Intersection,4,0,1,1,1,1,1,2,0,0,1,0,0,0,0,1,0
1331849,Fatal,"Pedestrian, Automobile",Not Recorded,-8813574.8550245,5430911.45799643,43.776445,-79.17369000000001,2012-12-18 21:00:00,Autumn,2012,12,December,Tuesday,21,21:00 to 21:59,Major Arterial,At Intersection,No Control,Clear,Dark,Dry,Pedestrian Collisions,Scarborough,West Hill (136),136,Intersection,2,1,0,0,1,0,1,1,0,0,0,0,0,1,0,0,0
1331914,Non-Fatal Injury,"Pedestrian, Truck",Not Recorded,-8834948.19725681,5412075.39396902,43.654145,-79.36569,2012-11-13 04:20:00,Autumn,2012,11,November,Tuesday,04,04:00 to 04:59,Major Arterial,<Null>,No Control,Clear,Dark,Dry,Pedestrian Collisions,Toronto and East York,Moss Park (73),73,Mid-Block,3,0,1,0,1,1,1,1,0,0,1,0,0,0,0,1,0
1331941,Non-Fatal Injury,Automobile,Not Recorded,-8837538.26784909,5412412.50352664,43.656335999999996,-79.38895699999999,2012-12-09 17:15:00,Autumn,2012,12,December,Sunday,17,17:00 to 17:59,Major Arterial,At Intersection,Traffic Signal,Clear,"Dark, artificial",Dry,Sideswipe,Toronto and East York,Bay Street Corridor (76),76,Intersection,4,0,1,0,2,1,3,0,0,0,1,0,0,3,0,0,0
1332159,Non-Fatal Injury,"Pedestrian, Automobile",Aggressive and Distracted Driving Collision,-8828012.99298038,5417846.88064249,43.691645,-79.30339000000001,2012-11-28 17:23:00,Autumn,2012,11,November,Wednesday,17,17:00 to 17:59,Minor Arterial,At Intersection,No Control,Clear,Dark,Dry,Pedestrian Collisions,Toronto and East York,Taylor-Massey (61),61,Intersection,2,0,1,0,1,0,1,1,0,0,0,0,0,1,0,0,0
1332258,Fatal,"Pedestrian, Automobile",Not Recorded,-8826766.214683501,5431821.12104976,43.782345,-79.29219,2012-12-20 07:48:00,Autumn,2012,12,December,Thursday,07,07:00 to 07:59,Major Arterial,<Null>,No Control,Clear,Daylight,Dry,Pedestrian Collisions,Scarborough,Tam O'Shanter-Sullivan (118),118,Mid-Block,4,1,0,0,1,2,1,1,0,0,2,0,0,1,0,0,0
1332261,Fatal,"Pedestrian, Automobile",Not Recorded,-8824139.07470078,5424346.04420092,43.733845,-79.26859,2012-12-20 20:15:00,Autumn,2012,12,December,Thursday,20,20:00 to 20:59,Major Arterial,<Null>,No Control,Rain,"Dark, artificial",Wet,Pedestrian Collisions,Scarborough,Ionview (125),125,Intersection,4,1,0,0,3,0,1,1,2,0,0,0,0,1,0,0,0
1332390,Non-Fatal Injury,Automobile,Not Recorded,-8847059.75785511,5418047.02354697,43.692945,-79.47449,2012-11-15 06:27:00,Autumn,2012,11,November,Thursday,06,06:00 to 06:59,Major Arterial,<Null>,No Control,Clear,"Dark, artificial",Dry,Turning Movement,Etobicoke York,Beechborough-Greenbrook (112),112,Intersection,4,0,1,1,1,1,2,0,1,0,1,0,0,2,0,0,0
1332565,Non-Fatal Injury,"Pedestrian, Automobile",Not Recorded,-8821500.80276898,5425871.39258615,43.743745000000004,-79.24489,2012-12-22 20:10:00,Winter,2012,12,December,Saturday,20,20:00 to 20:59,Major Arterial,At Intersection,No Control,Clear,"Dark, artificial",Dry,Pedestrian Collisions,Scarborough,Eglinton East (138),138,Mid-Block,2,0,1,0,1,0,1,1,0,0,0,0,0,1,0,0,0
1332976,Non-Fatal Injury,"Pedestrian, Automobile",Not Recorded,-8815166.72374284,5429616.4993416,43.768045,-79.18799,2012-12-27 18:25:00,Winter,2012,12,December,Thursday,18,18:00 to 18:59,Major Arterial,<Null>,No Control,Clear,"Dark, artificial",Slush,Pedestrian Collisions,Scarborough,West Hill (136),136,Mid-Block,3,0,1,0,1,1,1,1,0,0,1,0,0,1,0,0,0
1333087,Non-Fatal Injury,Automobile,Not Recorded,-8831002.03262767,5422617.46680151,43.722623999999996,-79.330241,2012-12-28 22:07:00,Winter,2012,12,December,Friday,22,22:00 to 22:59,<Null>,<Null>,No Control,Clear,"Dark, artificial",Dry,SMV Other,North York,Flemingdon Park (44),44,Mid-Block,5,0,1,0,2,2,3,0,0,0,2,0,0,3,0,0,0
1333183,Non-Fatal Injury,"Pedestrian, Automobile",Not Recorded,-8851712.91257027,5419155.58588952,43.700145,-79.51629,2012-12-21 03:06:00,Winter,2012,12,December,Friday,03,03:00 to 03:59,Major Arterial,At Intersection,No Control,Clear,"Dark, artificial",Dry,Pedestrian Collisions,Etobicoke York,Weston (113),113,Intersection,2,0,1,1,0,0,1,1,0,0,0,0,0,1,0,0,0
1333335,Non-Fatal Injury,"Pedestrian, Automobile",Not Recorded,-8822246.64335729,5430356.45344405,43.772845000000004,-79.25159000000001,2012-12-31 18:27:00,Winter,2012,12,December,Monday,18,18:00 to 18:59,Major Arterial,<Null>,No Control,Clear,"Dark, artificial",Wet,Pedestrian Collisions,Scarborough,Woburn (137),137,Mid-Block,2,0,1,0,1,0,1,1,0,0,0,0,0,1,0,0,0
1333336,Non-Fatal Injury,"Pedestrian, City Vehicle",Not Recorded,-8843675.53401551,5415707.16224595,43.677745,-79.444089,2012-12-31 14:14:00,Winter,2012,12,December,Monday,14,14:00 to 14:59,Major Arterial,<Null>,No Control,Clear,"Dark, artificial",Dry,Pedestrian Collisions,Toronto and East York,Corso Italia-Davenport (92),92,Mid-Block,2,0,1,1,0,0,1,1,0,0,0,0,0,0,0,1,0
1333337,Non-Fatal Injury,"Pedestrian, Automobile",Not Recorded,-8829753.58453843,5419156.04781824,43.700148,-79.31902600000001,2012-12-31 19:15:00,Winter,2012,12,December,Monday,19,19:00 to 19:59,Major Arterial,<Null>,No Control,Clear,"Dark, artificial",Wet,Pedestrian Collisions,Toronto and East York,Woodbine-Lumsden (60),60,Intersection,3,0,1,0,1,1,1,1,0,0,1,0,0,1,0,0,0
1333463,Non-Fatal Injury,Automobile,Aggressive and Distracted Driving Collision,-8837078.85231059,5414615.0194196,43.670649,-79.38483000000001,2012-11-16 22:40:00,Autumn,2012,11,November,Friday,22,22:00 to 22:59,Major Arterial,<Null>,No Control,Clear,Dark,Dry,Turning Movement,Toronto and East York,Church-Yonge Corridor (75),75,Mid-Block,5,0,3,0,0,2,2,0,1,0,2,0,0,2,0,0,0
1333725,Non-Fatal Injury,Automobile,Aggressive and Distracted Driving Collision,-8820276.28837025,5431728.60884239,43.781745,-79.23389,2012-12-19 20:05:00,Autumn,2012,12,December,Wednesday,20,20:00 to 20:59,Major Arterial,At Intersection,Traffic Signal,Clear,"Dark, artificial",Dry,Turning Movement,Scarborough,Woburn (137),137,Intersection,4,0,1,0,2,1,2,0,1,0,1,0,0,2,0,0,0
1334350,Non-Fatal Injury,Automobile,Not Recorded,-8833078.02981148,5412459.8937157,43.656644,-79.34889,2012-11-20 03:35:00,Autumn,2012,11,November,Tuesday,03,03:00 to 03:59,Major Arterial,<Null>,Traffic Signal,Clear,"Dark, artificial",Dry,SMV Other,Toronto and East York,South Riverdale (70),70,Intersection,4,0,1,0,0,3,1,0,0,0,3,0,0,1,0,0,0
1334701,Non-Fatal Injury,"Pedestrian, City Vehicle",Aggressive and Distracted Driving Collision,-8854729.67077077,5430063.54784414,43.770945000000005,-79.54339,2013-01-09 06:55:00,Winter,2013,1,January,Wednesday,06,06:00 to 06:59,Major Arterial,At Intersection,Traffic Signal,Clear,"Dusk, artificial",Wet,Pedestrian Collisions,Etobicoke York,Humber Summit (21),21,Intersection,3,0,1,0,1,1,1,1,0,0,1,0,0,0,0,1,0
1334928,Fatal,"Automobile, City Vehicle","Speeding  Related Collision, Red Light Related  Collision, Aggressive and Distracted Driving Collision",-8818183.59326283,5437434.95754804,43.818743,-79.215091,2013-01-10 18:51:00,Winter,2013,1,January,Thursday,18,18:00 to 18:59,Minor Arterial,At Intersection,Traffic Signal,Clear,Dark,Dry,Turning Movement,Scarborough,Rouge (131),131,Intersection,3,1,0,0,1,1,2,0,0,0,1,0,0,1,0,1,0
1335099,Non-Fatal Injury,"Automobile, Truck",Aggressive and Distracted Driving Collision,-8848595.96682806,5428999.91628155,43.764045,-79.48829,2013-01-12 07:57:00,Winter,2013,1,January,Saturday,07,07:00 to 07:59,Major Arterial,At Intersection,Traffic Signal,Clear,Daylight,Wet,Angle,North York,York University Heights (27),27,Intersection,3,0,1,0,1,1,2,0,0,0,1,0,0,1,0,1,0
1335409,Non-Fatal Injury,Automobile,Alcohol  Related Collision,-8851659.59053418,5405604.84336369,43.612075,-79.515811,2012-11-25 01:49:00,Autumn,2012,11,November,Sunday,01,01:00 to 01:59,Minor Arterial,At Intersection,Stop Sign,Clear,Dark,Dry,SMV Other,Etobicoke York,Mimico (17),17,Intersection,2,0,1,0,0,1,1,0,0,0,1,0,0,1,0,0,0
1335478,Non-Fatal Injury,"Cyclist, Automobile",Not Recorded,-8836851.76054937,5411690.75637051,43.651645,-79.38279,2012-11-26 14:05:00,Autumn,2012,11,November,Monday,14,14:00 to 14:59,Major Arterial,<Null>,No Control,Clear,Daylight,Dry,Cyclist Collisions,Toronto and East York,Bay Street Corridor (76),76,Mid-Block,2,0,1,0,1,0,1,0,0,1,0,0,1,1,0,0,0
1335535,Non-Fatal Injury,"Pedestrian, Automobile",Aggressive and Distracted Driving Collision,-8837820.24011927,5420387.47797081,43.708145,-79.39149,2012-11-24 13:05:00,Autumn,2012,11,November,Saturday,13,13:00 to 13:59,Major Arterial,At Intersection,Stop Sign,Clear,Daylight,Dry,Pedestrian Collisions,Toronto and East York,Mount Pleasant West (104),104,Intersection,3,0,1,0,1,1,1,1,0,0,1,0,0,1,0,0,0
1335553,Fatal,"Pedestrian, Automobile",Not Recorded,-8837731.07320715,5416030.08941456,43.679843,-79.390689,2013-01-15 14:38:00,Winter,2013,1,January,Tuesday,14,14:00 to 14:59,Major Arterial,At Intersection,Stop Sign,Clear,Daylight,Dry,Pedestrian Collisions,Toronto and East York,Rosedale-Moore Park (98),98,Intersection,4,1,0,0,2,1,1,1,1,0,1,0,0,1,0,0,0
1335937,Non-Fatal Injury,"Pedestrian, Automobile",Aggressive and Distracted Driving Collision,-8826710.5549381,5438746.7543643,43.827245,-79.29169,2013-01-07 09:25:00,Winter,2013,1,January,Monday,09,09:00 to 09:59,Major Arterial,At Intersection,Traffic Signal,Clear,Daylight,Dry,Pedestrian Collisions,Scarborough,Milliken (130),130,Intersection,2,0,1,0,1,0,1,1,0,0,0,0,0,1,0,0,0
1336008,Non-Fatal Injury,"Pedestrian, Automobile",Not Recorded,-8849531.2731897,5405631.13474909,43.612246,-79.49669200000001,2012-11-29 18:30:00,Autumn,2012,11,November,Thursday,18,18:00 to 18:59,Minor Arterial,At Intersection,Traffic Signal,Clear,"Dark, artificial",Dry,Pedestrian Collisions,Etobicoke York,Mimico (17),17,Intersection,2,0,1,0,1,0,1,1,0,0,0,0,0,1,0,0,0
1336042,Non-Fatal Injury,"Pedestrian, Automobile",Aggressive and Distracted Driving Collision,-8841649.63060256,5419648.32299491,43.703345,-79.42589,2013-01-18 10:31:00,Winter,2013,1,January,Friday,10,10:00 to 10:59,Major Arterial,<Null>,Traffic Signal,Clear,Daylight,Dry,Pedestrian Collisions,North York,Forest Hill North (102),102,Intersection,3,0,1,0,1,1,1,1,0,0,1,0,0,1,0,0,0
1336078,Non-Fatal Injury,Automobile,Aggressive and Distracted Driving Collision,-8825875.65875715,5422143.20830559,43.719545000000004,-79.28419,2013-01-18 15:29:00,Winter,2013,1,January,Friday,15,15:00 to 15:59,Major Arterial,<Null>,No Control,Clear,Daylight,Dry,Approaching,Scarborough,Clairlea-Birchmount (120),120,Intersection,6,0,2,3,0,1,2,0,3,0,1,0,0,2,0,0,0
1336399,Non-Fatal Injury,"Pedestrian, Automobile",Not Recorded,-8832120.68219065,5420402.87766221,43.708245,-79.34029,2012-12-01 20:27:00,Autumn,2012,12,December,Saturday,20,20:00 to 20:59,Major Arterial,<Null>,No Control,Clear,Dark,Dry,Pedestrian Collisions,North York,Thorncliffe Park (55),55,Mid-Block,2,0,1,0,1,0,1,1,0,0,0,0,0,1,0,0,0
1336620,Non-Fatal Injury,"Pedestrian, Automobile",Not Recorded,-8828725.43772146,5425624.8545475,43.742145,-79.30979,2012-12-03 06:50:00,Autumn,2012,12,December,Monday,06,06:00 to 06:59,Major Arterial,At Intersection,Traffic Signal,Clear,"Dawn, artificial",Dry,Pedestrian Collisions,North York,Wexford/Maryvale (119),119,Intersection,3,0,1,1,1,0,2,1,0,0,0,0,0,2,0,0,0