ACCNUM,ACCLASS,INVOLVED,MOTIVE,X,Y,LATITUDE,LONGITUDE,DATE_TIME,SEASON,YEAR,MONTH,MONTH_NAME,DAY_NAME,HOUR,HOUR_INTERVAL,ROAD_CLASS,ACCLOC,TRAFFCTL,VISIBILITY,LIGHT,RDSFCOND,IMPACTYPE,DISTRICT,NEIGHBOURHOOD,HOOD_ID,LOCCOORD,PEOPLE_COUNT,FATAL_INJURY_COUNT,MAJOR_INJURY_COUNT,MINOR_INJURY_COUNT,NO_INJURY_COUNT,NULL_INJURY_COUNT,DRIVERS_COUNT,PEDESTRIAN_COUNT,PASSENGER_COUNT,CYCLIST_COUNT,OTHER_INVTYPE_COUNT,NULL_INVTYPE_COUNT,PEOPLE_VEH_COUNT,AUTOMOBILE_VEH_COUNT,RECREATIONAL_VEH_COUNT,OTHER_VEH_COUNT,NULL_VEH_COUNT
1382682,Non-Fatal Injury,"Pedestrian, Automobile",Not Recorded,-8830186.72867711,5416593.16102935,43.683501,-79.322917,2013-08-16 17:56:00,Summer,2013,8,August,Friday,17,17:00 to 17:59,Major Arterial,<Null>,No Control,Clear,Daylight,Dry,Pedestrian Collisions,Toronto and East York,Danforth (66),66,Mid-Block,2,0,1,0,1,0,1,1,0,0,0,0,0,1,0,0,0
1382722,Non-Fatal Injury,Motorcycle,Not Recorded,-8811711.03279014,5436786.53418576,43.81454,-79.156947,2013-08-18 19:15:00,Summer,2013,8,August,Sunday,19,19:00 to 19:59,Collector,<Null>,No Control,Clear,Dark,Dry,SMV Other,Scarborough,Rouge (131),131,Mid-Block,2,0,1,0,0,1,1,0,0,0,1,0,0,0,1,0,0
1382904,Non-Fatal Injury,"Pedestrian, Automobile",Aggressive and Distracted Driving Collision,-8838448.74996429,5409486.47631826,43.637316,-79.397136,2013-08-20 13:35:00,Summer,2013,8,August,Tuesday,13,13:00 to 13:59,Major Arterial,At Intersection,Traffic Signal,Clear,Daylight,Dry,Pedestrian Collisions,Toronto and East York,Waterfront Communities-The Island (77),77,Intersection,3,0,2,0,1,0,1,2,0,0,0,0,0,1,0,0,0
1382978,Non-Fatal Injury,"Pedestrian, Automobile",Aggressive and Distracted Driving Collision,-8823960.51823755,5423745.21861867,43.729945,-79.266986,2013-07-15 11:53:00,Summer,2013,7,July,Monday,11,11:00 to 11:59,Major Arterial,<Null>,Stop Sign,Clear,Daylight,Dry,Pedestrian Collisions,Scarborough,Kennedy Park (124),124,Intersection,2,0,1,0,1,0,1,1,0,0,0,0,0,1,0,0,0
1383434,Non-Fatal Injury,"Pedestrian, City Vehicle",Not Recorded,-8845183.69047677,5415240.33849623,43.674712,-79.457637,2013-08-22 18:50:00,Summer,2013,8,August,Thursday,18,18:00 to 18:59,Major Arterial,<Null>,Traffic Signal,Clear,Daylight,Dry,Pedestrian Collisions,Toronto and East York,Weston-Pellam Park (91),91,Intersection,3,0,1,0,1,1,1,1,0,0,1,0,0,0,0,1,0
1383447,Non-Fatal Injury,"Cyclist, Automobile",Aggressive and Distracted Driving Collision,-8839489.14192524,5425801.59083528,43.743292,-79.406482,2013-08-23 17:30:00,Summer,2013,8,August,Friday,17,17:00 to 17:59,Major Arterial,<Null>,Stop Sign,Clear,Daylight,Dry,Cyclist Collisions,North York,Bridle Path-Sunnybrook-York Mills (41),41,Intersection,3,0,1,0,1,1,1,0,0,1,1,0,1,1,0,0,0
1383479,Non-Fatal Injury,"Cyclist, Automobile",Aggressive and Distracted Driving Collision,-8830761.69384705,5414678.42666133,43.671061,-79.328082,2013-08-23 08:45:00,Summer,2013,8,August,Friday,08,08:00 to 08:59,Minor Arterial,<Null>,No Control,Clear,Daylight,Dry,Turning Movement,Toronto and East York,Greenwood-Coxwell (65),65,Intersection,3,0,1,0,1,1,2,0,0,0,1,0,0,1,1,0,0
1383674,Non-Fatal Injury,Automobile,Not Recorded,-8822892.07376491,5428321.87666055,43.759646000000004,-79.257388,2013-08-26 08:08:00,Summer,2013,8,August,Monday,08,08:00 to 08:59,Major Arterial,<Null>,No Control,Rain,Daylight,Wet,Turning Movement,Scarborough,Bendale (127),127,Mid-Block,2,0,1,1,0,0,2,0,0,0,0,0,0,2,0,0,0
1383697,Non-Fatal Injury,"Pedestrian, Automobile",Not Recorded,-8822242.41321664,5427493.4689991,43.754271,-79.251552,2013-08-28 20:15:00,Summer,2013,8,August,Wednesday,20,20:00 to 20:59,Major Arterial,<Null>,Traffic Signal,Clear,"Dark, artificial",Dry,Pedestrian Collisions,Scarborough,Bendale (127),127,Intersection,2,0,1,0,1,0,1,1,0,0,0,0,0,1,0,0,0
1383782,Non-Fatal Injury,"Automobile, Motorcycle","Red Light Related  Collision, Aggressive and Distracted Driving Collision",-8834187.77381519,5415468.12953123,43.676192,-79.358859,2013-08-03 16:10:00,Summer,2013,8,August,Saturday,16,16:00 to 16:59,Major Arterial,<Null>,Traffic Signal,Clear,Daylight,Dry,Angle,Toronto and East York,Playter Estates-Danforth (67),67,Intersection,4,0,1,1,1,1,3,0,0,0,1,0,0,2,1,0,0
1383802,Non-Fatal Injury,Automobile,Medical or Physical Disability Related Collision,-8851801.41156545,5412668.99813426,43.658003,-79.517085,2013-10-29 11:30:00,Autumn,2013,10,October,Tuesday,11,11:00 to 11:59,Major Arterial,<Null>,No Control,Clear,Daylight,Dry,SMV Other,Etobicoke York,Kingsway South (15),15,Mid-Block,2,0,1,0,1,0,1,0,1,0,0,0,0,1,0,0,0
1383943,Non-Fatal Injury,"Pedestrian, Truck",Aggressive and Distracted Driving Collision,-8838436.83877878,5419177.29656435,43.700286,-79.397029,2013-08-27 20:20:00,Summer,2013,8,August,Tuesday,20,20:00 to 20:59,Major Arterial,At Intersection,Traffic Signal,Rain,"Dark, artificial",Wet,Pedestrian Collisions,Toronto and East York,Mount Pleasant West (104),104,Intersection,2,0,1,0,1,0,1,1,0,0,0,0,0,0,0,1,0
1383954,Non-Fatal Injury,"Pedestrian, City Vehicle",Not Recorded,-8843558.98250865,5415729.48049066,43.677890000000005,-79.443042,2013-10-30 00:45:00,Autumn,2013,10,October,Wednesday,00,00:00 to 00:59,Major Arterial,Intersection Related,No Control,Rain,"Dark, artificial",Wet,Pedestrian Collisions,Toronto and East York,Corso Italia-Davenport (92),92,Intersection,3,0,1,0,2,0,1,1,0,0,1,0,0,0,0,1,0
1384025,Non-Fatal Injury,"Pedestrian, Automobile",Aggressive and Distracted Driving Collision,-8821856.023264099,5424783.59309259,43.736684999999994,-79.248081,2013-08-29 10:05:00,Summer,2013,8,August,Thursday,10,10:00 to 10:59,Major Arterial,<Null>,Traffic Signal,Clear,Daylight,Dry,Pedestrian Collisions,Scarborough,Eglinton East (138),138,Intersection,3,0,1,0,1,1,1,1,0,0,1,0,0,1,0,0,0
1384076,Non-Fatal Injury,Automobile,Alcohol  Related Collision,-8857475.58865017,5425785.71987071,43.743189,-79.568057,2013-09-29 19:39:00,Autumn,2013,9,September,Sunday,19,19:00 to 19:59,Major Arterial,<Null>,No Control,Clear,"Dark, artificial",Dry,Approaching,Etobicoke York,Thistletown-Beaumond Heights (3),3,Mid-Block,5,0,2,2,0,1,2,0,2,0,1,0,0,2,0,0,0
1384077,Non-Fatal Injury,Motorcycle,Not Recorded,-8833090.49759445,5420019.58698145,43.705756,-79.349002,2013-08-31 14:00:00,Summer,2013,8,August,Saturday,14,14:00 to 14:59,Major Arterial,<Null>,No Control,Clear,Daylight,Dry,SMV Other,North York,Thorncliffe Park (55),55,Mid-Block,2,0,1,0,0,1,1,0,0,0,1,0,0,0,1,0,0
1384088,Non-Fatal Injury,Automobile,Not Recorded,-8840437.80662578,5410118.5243555,43.641425,-79.41500400000001,2013-08-30 13:40:00,Summer,2013,8,August,Friday,13,13:00 to 13:59,Major Arterial,<Null>,Traffic Signal,Clear,Daylight,Dry,Approaching,Toronto and East York,Niagara (82),82,Intersection,4,0,1,1,1,1,2,0,1,0,1,0,0,2,0,0,0
1384125,Non-Fatal Injury,"Cyclist, Automobile",Not Recorded,-8840262.03314982,5413091.68354871,43.66075,-79.413425,2013-09-01 12:20:00,Summer,2013,9,September,Sunday,12,12:00 to 12:59,Minor Arterial,<Null>,Traffic Controller,Clear,Daylight,Dry,Cyclist Collisions,Toronto and East York,Palmerston-Little Italy (80),80,Intersection,2,0,1,0,1,0,1,0,0,1,0,0,1,1,0,0,0
1384474,Fatal,"Pedestrian, Automobile",Aggressive and Distracted Driving Collision,-8841857.01881391,5419213.01920427,43.700518,-79.42775300000001,2013-10-30 10:22:00,Autumn,2013,10,October,Wednesday,10,10:00 to 10:59,Major Arterial,<Null>,Stop Sign,Clear,Daylight,Dry,Pedestrian Collisions,North York,Humewood-Cedarvale (106),106,Intersection,3,1,0,0,1,1,1,1,0,0,0,1,0,0,0,1,0
1384542,Non-Fatal Injury,"Cyclist, Automobile",Aggressive and Distracted Driving Collision,-8843844.40568304,5414822.94139463,43.672,-79.44560600000001,2013-10-28 19:02:00,Autumn,2013,10,October,Monday,19,19:00 to 19:59,Minor Arterial,At Intersection,No Control,Clear,Dusk,Dry,Cyclist Collisions,Toronto and East York,Corso Italia-Davenport (92),92,Intersection,2,0,1,1,0,0,1,0,0,1,0,0,1,1,0,0,0
1384646,Non-Fatal Injury,"Pedestrian, Automobile","Speeding  Related Collision, Aggressive and Distracted Driving Collision",-8834770.08607154,5412952.42757205,43.659845000000004,-79.36409,2013-11-01 05:51:00,Autumn,2013,11,November,Friday,05,05:00 to 05:59,Major Arterial,<Null>,No Control,Rain,"Dark, artificial",Wet,Pedestrian Collisions,Toronto and East York,Regent Park (72),72,Mid-Block,2,0,1,0,1,0,1,1,0,0,0,0,0,1,0,0,0
1384688,Non-Fatal Injury,"Motorcycle, City Vehicle",Aggressive and Distracted Driving Collision,-8850505.43005364,5411234.59693322,43.64868,-79.505443,2013-09-05 13:45:00,Summer,2013,9,September,Thursday,13,13:00 to 13:59,Major Arterial,At Intersection,Traffic Signal,Clear,Daylight,Dry,Turning Movement,Etobicoke York,Stonegate-Queensway (16),16,Intersection,3,0,1,0,1,1,2,0,0,0,1,0,0,0,1,1,0
1385120,Non-Fatal Injury,Automobile,Aggressive and Distracted Driving Collision,-8826545.80209173,5424416.91338772,43.734305,-79.29021,2013-10-15 07:26:00,Autumn,2013,10,October,Tuesday,07,07:00 to 07:59,Major Arterial,<Null>,No Control,Clear,Daylight,Dry,Approaching,Scarborough,Wexford/Maryvale (119),119,Mid-Block,3,0,1,1,1,0,3,0,0,0,0,0,0,3,0,0,0
1385276,Fatal,"Pedestrian, Automobile",Not Recorded,-8830426.28822129,5420026.67055398,43.705802,-79.325069,2013-11-03 16:25:00,Autumn,2013,11,November,Sunday,16,16:00 to 16:59,Collector,<Null>,No Control,Clear,Daylight,Dry,Pedestrian Collisions,Toronto and East York,O'Connor-Parkview (54),54,Intersection,2,1,0,0,1,0,1,1,0,0,0,0,0,1,0,0,0
1385463,Non-Fatal Injury,Motorcycle,Not Recorded,-8843393.33910634,5409380.3444784,43.636626,-79.44155400000001,2013-09-09 12:50:00,Summer,2013,9,September,Monday,12,12:00 to 12:59,Major Arterial,<Null>,No Control,Clear,Daylight,Dry,Sideswipe,Toronto and East York,South Parkdale (85),85,Intersection,3,0,1,2,0,0,2,0,1,0,0,0,0,0,2,0,0
1385469,Non-Fatal Injury,"Cyclist, Automobile",Aggressive and Distracted Driving Collision,-8832175.00610216,5411978.30992847,43.653514,-79.340778,2013-09-09 10:47:00,Summer,2013,9,September,Monday,10,10:00 to 10:59,Major Arterial,<Null>,Stop Sign,Clear,Daylight,Dry,Cyclist Collisions,Toronto and East York,South Riverdale (70),70,Intersection,3,0,1,0,1,1,1,0,0,1,1,0,1,1,0,0,0
1385611,Fatal,Automobile,Not Recorded,-8843002.71901315,5408981.36118872,43.634032,-79.43804499999999,2013-09-30 08:57:00,Autumn,2013,9,September,Monday,08,08:00 to 08:59,Major Arterial,<Null>,No Control,Clear,Daylight,Dry,Turning Movement,Toronto and East York,South Parkdale (85),85,Intersection,5,1,0,0,2,2,2,0,1,0,2,0,0,2,0,0,0
1385686,Non-Fatal Injury,Automobile,Not Recorded,-8825452.75601163,5439146.10105037,43.829833,-79.28039100000001,2013-11-07 09:26:00,Autumn,2013,11,November,Thursday,09,09:00 to 09:59,Major Arterial,<Null>,<Null>,Other,Daylight,Other,Other,Scarborough,Milliken (130),130,Intersection,2,0,1,0,1,0,2,0,0,0,0,0,0,2,0,0,0
1385893,Non-Fatal Injury,"Pedestrian, Automobile",Aggressive and Distracted Driving Collision,-8841676.903877802,5419789.83579365,43.704264,-79.426135,2013-10-20 20:14:00,Autumn,2013,10,October,Sunday,20,20:00 to 20:59,Major Arterial,<Null>,No Control,Clear,"Dark, artificial",Dry,Pedestrian Collisions,North York,Forest Hill North (102),102,Intersection,3,0,1,0,2,0,1,1,1,0,0,0,0,1,0,0,0
1385904,Non-Fatal Injury,Automobile,Not Recorded,-8816114.72052643,5433750.36632825,43.794856,-79.196506,2013-10-28 12:00:00,Autumn,2013,10,October,Monday,12,12:00 to 12:59,Major Arterial,<Null>,Traffic Signal,Clear,Daylight,Dry,Rear End,Scarborough,Highland Creek (134),134,Intersection,2,0,1,0,1,0,2,0,0,0,0,0,0,2,0,0,0
1385964,Non-Fatal Injury,"Pedestrian, Automobile",Aggressive and Distracted Driving Collision,-8846347.20179455,5423803.91293194,43.730326,-79.468089,2013-10-21 20:25:00,Autumn,2013,10,October,Monday,20,20:00 to 20:59,Major Arterial,<Null>,Traffic Signal,Rain,"Dark, artificial",Wet,Pedestrian Collisions,North York,Downsview-Roding-CFB (26),26,Intersection,3,0,2,0,0,1,1,1,0,0,1,0,0,1,0,0,0
1385995,Non-Fatal Injury,Automobile,Not Recorded,-8840084.478562,5415081.19593101,43.673678,-79.41183000000001,2013-10-07 06:26:00,Autumn,2013,10,October,Monday,06,06:00 to 06:59,Major Arterial,<Null>,Traffic Signal,Rain,Daylight,Wet,Turning Movement,Toronto and East York,Annex (95),95,Intersection,3,0,1,1,0,1,2,0,0,0,1,0,0,2,0,0,0
1386051,Non-Fatal Injury,"Cyclist, Automobile",Not Recorded,-8839622.50267521,5412423.73559492,43.656409000000004,-79.40768,2013-10-22 08:11:00,Autumn,2013,10,October,Tuesday,08,08:00 to 08:59,Major Arterial,At Intersection,Traffic Signal,Clear,Daylight,Dry,Cyclist Collisions,Toronto and East York,Kensington-Chinatown (78),78,Intersection,2,0,1,1,0,0,1,0,0,1,0,0,1,1,0,0,0
1386112,Non-Fatal Injury,"Pedestrian, Automobile",Not Recorded,-8837453.33107761,5412638.5322953,43.657804999999996,-79.388194,2013-10-07 08:55:00,Autumn,2013,10,October,Monday,08,08:00 to 08:59,Minor Arterial,<Null>,No Control,Clear,Daylight,Wet,Pedestrian Collisions,Toronto and East York,Bay Street Corridor (76),76,Mid-Block,2,0,1,0,1,0,1,1,0,0,0,0,0,1,0,0,0
1386246,Non-Fatal Injury,"Cyclist, Automobile",Aggressive and Distracted Driving Collision,-8843544.51097484,5409276.5210317,43.635951,-79.44291199999999,2013-06-23 10:15:00,Summer,2013,6,June,Sunday,10,10:00 to 10:59,Major Arterial,Non Intersection,Stop Sign,Clear,Daylight,Dry,Cyclist Collisions,Toronto and East York,South Parkdale (85),85,Mid-Block,2,0,1,0,1,0,1,0,0,1,0,0,1,1,0,0,0
1386339,Non-Fatal Injury,Motorcycle,Not Recorded,-8813313.69949909,5443060.86231741,43.855197,-79.17134399999999,2013-09-11 00:16:00,Summer,2013,9,September,Wednesday,00,00:00 to 00:59,Minor Arterial,<Null>,No Control,Clear,Dark,Dry,Sideswipe,Scarborough,Rouge (131),131,Mid-Block,2,0,1,1,0,0,2,0,0,0,0,0,0,0,2,0,0
1386391,Non-Fatal Injury,"Automobile, Truck",Not Recorded,-8824595.48461303,5419155.58588952,43.700145,-79.27269,2013-06-17 14:30:00,Spring,2013,6,June,Monday,14,14:00 to 14:59,Minor Arterial,<Null>,Traffic Signal,Clear,Daylight,Dry,Angle,Scarborough,Oakridge (121),121,Intersection,5,0,2,1,2,0,3,0,0,0,2,0,0,1,0,2,0
1386411,Non-Fatal Injury,"Pedestrian, Automobile",Not Recorded,-8818265.96968601,5428660.042497,43.76184,-79.21583100000001,2013-10-08 14:52:00,Autumn,2013,10,October,Tuesday,14,14:00 to 14:59,Major Arterial,<Null>,Traffic Signal,Clear,Daylight,Dry,Pedestrian Collisions,Scarborough,Woburn (137),137,Intersection,2,0,1,0,1,0,1,1,0,0,0,0,0,1,0,0,0
1386526,Non-Fatal Injury,Automobile,"Red Light Related  Collision, Aggressive and Distracted Driving Collision",-8841701.61680476,5419931.50475098,43.705184,-79.426357,2013-09-13 07:22:00,Summer,2013,9,September,Friday,07,07:00 to 07:59,Major Arterial,<Null>,Traffic Signal,Clear,Daylight,Dry,Angle,North York,Forest Hill North (102),102,Intersection,3,0,1,1,1,0,3,0,0,0,0,0,0,3,0,0,0
1386536,Non-Fatal Injury,"Automobile, Motorcycle",Aggressive and Distracted Driving Collision,-8846415.99723985,5430885.09452434,43.776274,-79.468707,2013-10-05 19:22:00,Autumn,2013,10,October,Saturday,19,19:00 to 19:59,Major Arterial,<Null>,No Control,Clear,Dark,Dry,Turning Movement,North York,Bathurst Manor (34),34,Mid-Block,3,0,1,1,1,0,2,0,1,0,0,0,0,1,1,0,0
1386590,Non-Fatal Injury,"Pedestrian, Automobile",Aggressive and Distracted Driving Collision,-8827898.77918283,5417994.37014694,43.692603000000005,-79.302364,2013-10-09 16:58:00,Autumn,2013,10,October,Wednesday,16,16:00 to 16:59,Collector,<Null>,Stop Sign,Clear,Daylight,Dry,Pedestrian Collisions,Toronto and East York,Taylor-Massey (61),61,Intersection,4,0,1,0,3,0,1,1,2,0,0,0,0,1,0,0,0
1386644,Non-Fatal Injury,"Pedestrian, City Vehicle",Not Recorded,-8838664.48713745,5412282.33562174,43.65549,-79.399074,2013-09-14 16:49:00,Summer,2013,9,September,Saturday,16,16:00 to 16:59,Major Arterial,<Null>,No Control,Clear,Daylight,Dry,Pedestrian Collisions,Toronto and East York,Kensington-Chinatown (78),78,Mid-Block,4,0,1,1,1,1,1,2,0,0,1,0,0,0,0,1,0
1386767,Non-Fatal Injury,"Pedestrian, Automobile",Not Recorded,-8846597.78196832,5415929.57750783,43.679190000000006,-79.47034000000001,2013-10-11 15:15:00,Autumn,2013,10,October,Friday,15,15:00 to 15:59,Local,<Null>,No Control,Clear,Daylight,Dry,Pedestrian Collisions,Etobicoke York,Weston-Pellam Park (91),91,Mid-Block,2,0,1,0,1,0,1,1,0,0,0,0,0,1,0,0,0
1386819,Non-Fatal Injury,"Automobile, Truck","Speeding  Related Collision, Aggressive and Distracted Driving Collision",-8832048.43584113,5418450.09373191,43.695563,-79.339641,2013-09-15 11:25:00,Summer,2013,9,September,Sunday,11,11:00 to 11:59,Major Arterial,<Null>,Traffic Signal,Clear,Daylight,Dry,Rear End,Toronto and East York,Old East York (58),58,Intersection,7,0,2,3,1,1,5,0,1,0,1,0,0,4,0,1,0
1386836,Non-Fatal Injury,Automobile,Aggressive and Distracted Driving Collision,-8833570.39591926,5430491.19314486,43.773719,-79.353313,2013-10-11 16:50:00,Autumn,2013,10,October,Friday,16,16:00 to 16:59,Major Arterial,<Null>,Traffic Signal,Clear,Daylight,Dry,Turning Movement,North York,Henry Farm (53),53,Intersection,2,0,1,0,1,0,2,0,0,0,0,0,0,2,0,0,0
1386873,Non-Fatal Injury,"Pedestrian, Automobile",Aggressive and Distracted Driving Collision,-8829959.97087436,5416659.50661066,43.683932,-79.32088,2013-10-11 09:27:00,Autumn,2013,10,October,Friday,09,09:00 to 09:59,Major Arterial,<Null>,Traffic Signal,Clear,Daylight,Dry,Pedestrian Collisions,Toronto and East York,Danforth (66),66,Intersection,3,0,1,0,1,1,1,1,0,0,1,0,0,1,0,0,0
1386897,Non-Fatal Injury,"Cyclist, Automobile",Aggressive and Distracted Driving Collision,-8842413.282309402,5414467.73777326,43.669692,-79.43275,2013-09-15 19:37:00,Summer,2013,9,September,Sunday,19,19:00 to 19:59,Major Arterial,<Null>,Traffic Signal,Rain,"Dark, artificial",Wet,Cyclist Collisions,Toronto and East York,Dovercourt-Wallace Emerson-Junction (93),93,Intersection,2,0,1,0,1,0,1,0,0,1,0,0,1,1,0,0,0
1387019,Non-Fatal Injury,"Pedestrian, Automobile",Not Recorded,-8823490.86130589,5435903.22142654,43.808814,-79.26276700000001,2013-09-18 08:37:00,Summer,2013,9,September,Wednesday,08,08:00 to 08:59,Major Arterial,<Null>,Traffic Signal,Clear,Daylight,Dry,Pedestrian Collisions,Scarborough,Agincourt North (129),129,Intersection,2,0,1,0,1,0,1,1,0,0,0,0,0,1,0,0,0
1387238,Non-Fatal Injury,"Cyclist, Automobile",Not Recorded,-8839209.73000335,5410993.98767097,43.647116,-79.403972,2013-09-21 21:40:00,Summer,2013,9,September,Saturday,21,21:00 to 21:59,Major Arterial,At Intersection,Traffic Signal,Clear,"Dark, artificial",Dry,Cyclist Collisions,Toronto and East York,Waterfront Communities-The Island (77),77,Intersection,2,0,1,0,1,0,1,0,0,1,0,0,1,1,0,0,0
1387287,Non-Fatal Injury,Automobile,Not Recorded,-8848884.06167023,5425885.72281227,43.743838000000004,-79.49087800000001,2013-10-13 13:31:00,Autumn,2013,10,October,Sunday,13,13:00 to 13:59,Major Arterial,<Null>,No Control,Rain,Daylight,Wet,Rear End,North York,Downsview-Roding-CFB (26),26,Mid-Block,5,0,5,0,0,0,2,0,3,0,0,0,0,2,0,0,0
1387422,Non-Fatal Injury,"Automobile, Motorcycle",Aggressive and Distracted Driving Collision,-8831961.82927729,5422289.072159,43.720492,-79.338863,2013-09-23 13:55:00,Autumn,2013,9,September,Monday,13,13:00 to 13:59,Major Arterial,<Null>,Traffic Signal,Clear,Daylight,Dry,Turning Movement,North York,Flemingdon Park (44),44,Intersection,2,0,1,0,1,0,2,0,0,0,0,0,0,1,1,0,0
1387438,Non-Fatal Injury,Automobile,Aggressive and Distracted Driving Collision,-8857948.69648604,5417785.29908314,43.691245,-79.572307,2013-09-25 11:27:00,Autumn,2013,9,September,Wednesday,11,11:00 to 11:59,Major Arterial,<Null>,No Control,Clear,Daylight,Dry,Sideswipe,Etobicoke York,West Humber-Clairville (1),1,Mid-Block,4,0,1,2,1,0,2,0,2,0,0,0,0,2,0,0,0
1387447,Non-Fatal Injury,Automobile,Not Recorded,-8821867.04389369,5420844.39774257,43.711112,-79.24818,2013-09-17 15:27:00,Summer,2013,9,September,Tuesday,15,15:00 to 15:59,Major Arterial,<Null>,Traffic Signal,Clear,Daylight,Dry,Turning Movement,Scarborough,Cliffcrest (123),123,Intersection,4,0,1,2,1,0,3,0,1,0,0,0,0,3,0,0,0
1387491,Non-Fatal Injury,Not Recorded,Not Recorded,-8839557.04681463,5419288.31435925,43.701007000000004,-79.407092,2013-09-25 20:25:00,Autumn,2013,9,September,Wednesday,20,20:00 to 20:59,Major Arterial,<Null>,No Control,Clear,"Dark, artificial",Dry,SMV Other,Toronto and East York,Yonge-Eglinton (100),100,Mid-Block,5,0,1,1,0,3,1,0,1,0,3,0,0,0,0,0,1
1387644,Non-Fatal Injury,"Cyclist, Automobile",Aggressive and Distracted Driving Collision,-8841026.35277361,5412183.09536601,43.654845,-79.420291,2013-09-26 18:30:00,Autumn,2013,9,September,Thursday,18,18:00 to 18:59,Major Arterial,<Null>,Stop Sign,Clear,Daylight,Dry,Cyclist Collisions,Toronto and East York,Trinity-Bellwoods (81),81,Intersection,3,0,1,0,1,1,1,0,0,1,1,0,1,1,0,0,0
1387683,Non-Fatal Injury,"Cyclist, Automobile",Aggressive and Distracted Driving Collision,-8832369.48125258,5424323.55105109,43.733699,-79.342525,2013-10-03 07:48:00,Autumn,2013,10,October,Thursday,07,07:00 to 07:59,Major Arterial,<Null>,No Control,Clear,Daylight,Dry,Cyclist Collisions,North York,Banbury-Don Mills (42),42,Mid-Block,2,0,1,0,1,0,1,0,0,1,0,0,1,1,0,0,0
1387708,Non-Fatal Injury,"Cyclist, Automobile","Speeding  Related Collision, Aggressive and Distracted Driving Collision",-8836784.96885489,5411152.44447307,43.648146000000004,-79.38219000000001,2013-10-02 07:52:00,Autumn,2013,10,October,Wednesday,07,07:00 to 07:59,Major Arterial,<Null>,No Control,Clear,Daylight,Dry,Cyclist Collisions,Toronto and East York,Bay Street Corridor (76),76,Mid-Block,3,0,1,0,2,0,2,0,0,1,0,0,1,2,0,0,0
1387866,Non-Fatal Injury,"Automobile, Motorcycle",Aggressive and Distracted Driving Collision,-8835118.62739721,5421145.78929165,43.713069,-79.367221,2013-09-30 16:40:00,Autumn,2013,9,September,Monday,16,16:00 to 16:59,Major Arterial,<Null>,Traffic Signal,Clear,Daylight,Dry,Turning Movement,North York,Leaside-Bennington (56),56,Intersection,2,0,1,0,1,0,2,0,0,0,0,0,0,1,1,0,0
1387882,Non-Fatal Injury,"Pedestrian, Automobile",Aggressive and Distracted Driving Collision,-8835126.30844207,5411290.44256189,43.649043,-79.36729,2013-09-28 11:36:00,Autumn,2013,9,September,Saturday,11,11:00 to 11:59,Minor Arterial,<Null>,Traffic Signal,Clear,Daylight,Dry,Pedestrian Collisions,Toronto and East York,Waterfront Communities-The Island (77),77,Intersection,2,0,1,0,1,0,1,1,0,0,0,0,0,1,0,0,0
1387900,Non-Fatal Injury,Automobile,Aggressive and Distracted Driving Collision,-8825394.20195947,5424559.11559371,43.735228,-79.279865,2013-09-29 13:05:00,Autumn,2013,9,September,Sunday,13,13:00 to 13:59,Major Arterial,<Null>,Traffic Signal,Clear,Daylight,Dry,Turning Movement,Scarborough,Ionview (125),125,Intersection,4,0,1,3,0,0,2,0,2,0,0,0,0,2,0,0,0
1387944,Non-Fatal Injury,"Cyclist, Automobile",Not Recorded,-8842394.58063495,5415207.40160877,43.674498,-79.432582,2013-10-09 10:18:00,Autumn,2013,10,October,Wednesday,10,10:00 to 10:59,Minor Arterial,At Intersection,No Control,Clear,Daylight,Dry,Cyclist Collisions,Toronto and East York,Wychwood (94),94,Intersection,3,0,1,0,1,1,1,0,0,1,1,0,1,0,0,1,0
1387956,Non-Fatal Injury,"Pedestrian, Automobile","Red Light Related  Collision, Alcohol  Related Collision, Aggressive and Distracted Driving Collision",-8819060.12293333,5428424.83559307,43.760314,-79.222965,2013-10-14 18:00:00,Autumn,2013,10,October,Monday,18,18:00 to 18:59,Major Arterial,<Null>,Traffic Signal,Clear,Daylight,Dry,Pedestrian Collisions,Scarborough,Woburn (137),137,Intersection,3,0,2,0,1,0,1,2,0,0,0,0,0,1,0,0,0
1388126,Non-Fatal Injury,Automobile,Not Recorded,-8828013.43825835,5417257.25407179,43.687815,-79.303394,2013-10-25 10:32:00,Autumn,2013,10,October,Friday,10,10:00 to 10:59,Major Arterial,<Null>,No Control,Clear,Daylight,Dry,Turning Movement,Toronto and East York,East End-Danforth (62),62,Mid-Block,4,0,1,0,2,1,2,0,0,0,2,0,0,2,0,0,0
1388238,Non-Fatal Injury,"Pedestrian, Automobile",Not Recorded,-8827695.73243162,5417353.008097701,43.688437,-79.30054,2013-10-31 20:45:00,Autumn,2013,10,October,Thursday,20,20:00 to 20:59,Major Arterial,<Null>,No Control,Rain,"Dark, artificial",Wet,Pedestrian Collisions,Toronto and East York,East End-Danforth (62),62,Intersection,3,0,1,0,1,1,1,1,0,0,1,0,0,1,0,0,0
1388364,Non-Fatal Injury,Automobile,Not Recorded,-8831831.02887561,5419232.42035111,43.700644,-79.337688,2013-10-29 15:25:00,Autumn,2013,10,October,Tuesday,15,15:00 to 15:59,Major Arterial,<Null>,No Control,Clear,Daylight,Dry,Approaching,Toronto and East York,Old East York (58),58,Mid-Block,3,0,3,0,0,0,2,0,1,0,0,0,0,2,0,0,0
1388412,Non-Fatal Injury,Automobile,"Speeding  Related Collision, Aggressive and Distracted Driving Collision",-8832877.32076958,5425056.91761345,43.738459000000006,-79.347087,2013-11-03 09:20:00,Autumn,2013,11,November,Sunday,09,09:00 to 09:59,Minor Arterial,<Null>,No Control,Clear,Daylight,Dry,SMV Other,North York,Banbury-Don Mills (42),42,Mid-Block,3,0,1,1,0,1,1,0,1,0,1,0,0,1,0,0,0