ACCNUM,ACCLASS,INVOLVED,MOTIVE,X,Y,LATITUDE,LONGITUDE,DATE_TIME,SEASON,YEAR,MONTH,MONTH_NAME,DAY_NAME,HOUR,HOUR_INTERVAL,ROAD_CLASS,ACCLOC,TRAFFCTL,VISIBILITY,LIGHT,RDSFCOND,IMPACTYPE,DISTRICT,NEIGHBOURHOOD,HOOD_ID,LOCCOORD,PEOPLE_COUNT,FATAL_INJURY_COUNT,MAJOR_INJURY_COUNT,MINOR_INJURY_COUNT,NO_INJURY_COUNT,NULL_INJURY_COUNT,DRIVERS_COUNT,PEDESTRIAN_COUNT,PASSENGER_COUNT,CYCLIST_COUNT,OTHER_INVTYPE_COUNT,NULL_INVTYPE_COUNT,PEOPLE_VEH_COUNT,AUTOMOBILE_VEH_COUNT,RECREATIONAL_VEH_COUNT,OTHER_VEH_COUNT,NULL_VEH_COUNT
2332478,Fatal,Automobile,Not Recorded,-8861097.03432465,5427563.43767144,43.754725,-79.600589,2020-12-10 23:44:00,Autumn,2020,12,December,Thursday,23,23:00 to 23:59,Minor Arterial,Non Intersection,No Control,Clear,"Dark, artificial",Dry,SMV Other,Etobicoke York,Mount Olive-Silverstone-Jamestown (2),2,Mid-Block,1,1,0,0,0,0,1,0,0,0,0,0,0,1,0,0,0
2340093,Non-Fatal Injury,Automobile,Aggressive and Distracted Driving Collision,-8840074.34848834,5421047.0697699,43.712428,-79.411739,2020-12-12 03:25:00,Autumn,2020,12,December,Saturday,03,03:00 to 03:59,<Null>,Non Intersection,No Control,Clear,"Dark, artificial",Dry,SMV Other,<Null>,Lawrence Park South (103),103,Mid-Block,1,0,1,0,0,0,1,0,0,0,0,0,0,1,0,0,0
2343661,Non-Fatal Injury,"Pedestrian, Automobile",Aggressive and Distracted Driving Collision,-8857964.8378122,5410412.48987322,43.643336,-79.572452,2020-12-12 18:11:00,Autumn,2020,12,December,Saturday,18,18:00 to 18:59,Major Arterial,Intersection Related,Traffic Signal,Clear,"Dusk, artificial",Dry,Pedestrian Collisions,Etobicoke York,Etobicoke West Mall (13),13,Intersection,6,0,1,0,5,0,1,1,4,0,0,0,0,1,0,0,0
2372537,Fatal,"Pedestrian, Truck",Aggressive and Distracted Driving Collision,-8826290.9917773,5426334.2855534,43.746749,-79.287921,2020-12-17 11:41:00,Autumn,2020,12,December,Thursday,11,11:00 to 11:59,Major Arterial,At Intersection,Traffic Signal,Clear,Daylight,Dry,Pedestrian Collisions,Scarborough,Wexford/Maryvale (119),119,Intersection,2,1,0,0,1,0,1,1,0,0,0,0,0,0,0,1,0
2374044,Fatal,"Pedestrian, Automobile",Aggressive and Distracted Driving Collision,-8825083.28662169,5417624.88104952,43.690203000000004,-79.277072,2020-12-17 15:50:00,Autumn,2020,12,December,Thursday,15,15:00 to 15:59,Minor Arterial,Non Intersection,No Control,Clear,Daylight,Dry,Pedestrian Collisions,Scarborough,Birchcliffe-Cliffside (122),122,Mid-Block,2,1,0,0,1,0,1,1,0,0,0,0,0,1,0,0,0
2383203,Non-Fatal Injury,Automobile,Aggressive and Distracted Driving Collision,-8831626.42365153,5428106.25232135,43.758247,-79.33585,2020-12-18 22:38:00,Autumn,2020,12,December,Friday,22,22:00 to 22:59,Major Arterial,At Intersection,Traffic Signal,Clear,Dark,Dry,Turning Movement,North York,Parkwoods-Donalda (45),45,Intersection,3,0,1,0,2,0,2,0,1,0,0,0,0,2,0,0,0
2390427,Non-Fatal Injury,Automobile,"Speeding  Related Collision, Alcohol  Related Collision, Aggressive and Distracted Driving Collision",-8852835.12435696,5411646.75484986,43.651359,-79.526371,2020-12-20 03:05:00,Autumn,2020,12,December,Sunday,03,03:00 to 03:59,Major Arterial,Intersection Related,Traffic Signal,Rain,"Dark, artificial",Wet,SMV Other,Etobicoke York,Kingsway South (15),15,Intersection,3,0,3,0,0,0,1,0,2,0,0,0,0,1,0,0,0
2400863,Non-Fatal Injury,"Pedestrian, Automobile",Aggressive and Distracted Driving Collision,-8836329.0042206,5414383.24810824,43.669143,-79.37809399999999,2020-12-21 20:35:00,Winter,2020,12,December,Monday,20,20:00 to 20:59,Collector,Intersection Related,Stop Sign,Rain,Dark,Wet,Pedestrian Collisions,Toronto and East York,North St.James Town (74),74,Intersection,2,0,1,0,1,0,1,1,0,0,0,0,0,1,0,0,0
2419967,Non-Fatal Injury,Automobile,Aggressive and Distracted Driving Collision,-8858780.25308226,5410189.59208516,43.641887,-79.579777,2020-12-25 03:18:00,Winter,2020,12,December,Friday,03,03:00 to 03:59,<Null>,Non Intersection,No Control,Snow,"Dark, artificial",Loose Snow,SMV Other,<Null>,Markland Wood (12),12,Mid-Block,2,0,1,1,0,0,1,0,1,0,0,0,0,1,0,0,0
2431394,Non-Fatal Injury,Automobile,"Speeding  Related Collision, Aggressive and Distracted Driving Collision",-8825108.89010457,5426686.40178488,43.749034,-79.277302,2020-12-27 15:20:00,Winter,2020,12,December,Sunday,15,15:00 to 15:59,<Null>,Non Intersection,No Control,Clear,Daylight,Dry,Rear End,<Null>,Dorset Park (126),126,Mid-Block,4,0,1,2,1,0,2,0,2,0,0,0,0,2,0,0,0
2449891,Non-Fatal Injury,"Pedestrian, Automobile",Not Recorded,-8835469.50643219,5412737.77744313,43.65845,-79.370373,2020-12-30 17:00:00,Winter,2020,12,December,Wednesday,17,17:00 to 17:59,<Null>,Non Intersection,No Control,Rain,"Dark, artificial",Wet,Pedestrian Collisions,<Null>,Moss Park (73),73,Mid-Block,2,0,1,0,1,0,1,1,0,0,0,0,0,1,0,0,0
2450003,Fatal,"Pedestrian, Automobile",Not Recorded,-8826323.27442963,5431954.95701959,43.783213,-79.288211,2020-12-30 17:21:00,Winter,2020,12,December,Wednesday,17,17:00 to 17:59,Major Arterial,Intersection Related,Traffic Signal,Rain,"Dark, artificial",Wet,Pedestrian Collisions,Scarborough,Agincourt South-Malvern West (128),128,Intersection,2,1,0,0,1,0,1,1,0,0,0,0,0,1,0,0,0
13999959,Fatal,Automobile,Not Recorded,-8857382.19159739,5409044.11455086,43.634440000000005,-79.56721800000001,2013-11-30 15:56:00,Autumn,2013,11,November,Saturday,15,15:00 to 15:59,Major Arterial,<Null>,Traffic Signal,Other,Daylight,Other,Turning Movement,Etobicoke York,Markland Wood (12),12,Intersection,2,1,0,0,1,0,2,0,0,0,0,0,0,2,0,0,0
130927832,Fatal,"Pedestrian, City Vehicle",Aggressive and Distracted Driving Collision,-8839000.78331913,5413444.52604479,43.663043,-79.40209499999999,2013-11-07 11:41:00,Autumn,2013,11,November,Thursday,11,11:00 to 11:59,Major Arterial,<Null>,Traffic Signal,Clear,Daylight,Dry,Pedestrian Collisions,Toronto and East York,University (79),79,Intersection,2,1,0,0,1,0,1,1,0,0,0,0,0,0,0,1,0
131031283,Fatal,"Pedestrian, Automobile",Aggressive and Distracted Driving Collision,-8841522.39242458,5434075.62218099,43.796965,-79.424747,2013-11-24 15:21:00,Autumn,2013,11,November,Sunday,15,15:00 to 15:59,Major Arterial,<Null>,Traffic Signal,Clear,"Dark, artificial",Dry,Pedestrian Collisions,North York,Newtonbrook West (36),36,Intersection,2,1,0,0,1,0,1,1,0,0,0,0,0,0,0,1,0
131058335,Fatal,Automobile,"Speeding  Related Collision, Aggressive and Distracted Driving Collision",-8844082.18411537,5409532.31334476,43.637614,-79.447742,2013-11-29 05:58:00,Autumn,2013,11,November,Friday,05,05:00 to 05:59,Major Arterial,<Null>,No Control,Clear,"Dawn, artificial",Dry,SMV Other,Toronto and East York,South Parkdale (85),85,Mid-Block,1,1,0,0,0,0,1,0,0,0,0,0,0,1,0,0,0
131086760,Fatal,"Pedestrian, Automobile",Aggressive and Distracted Driving Collision,-8857777.15315073,5408906.30380532,43.633544,-79.570766,2013-12-03 21:00:00,Autumn,2013,12,December,Tuesday,21,21:00 to 21:59,Major Arterial,<Null>,Traffic Signal,Clear,"Dark, artificial",Dry,Pedestrian Collisions,Etobicoke York,Markland Wood (12),12,Intersection,3,1,0,1,1,0,1,2,0,0,0,0,0,1,0,0,0
131092293,Fatal,"Pedestrian, Automobile",Not Recorded,-8840515.95290832,5433827.32246105,43.795355,-79.415706,2013-12-04 18:47:00,Autumn,2013,12,December,Wednesday,18,18:00 to 18:59,Local,<Null>,No Control,Clear,"Dark, artificial",Dry,Pedestrian Collisions,North York,Newtonbrook East (50),50,Intersection,2,1,0,0,1,0,1,1,0,0,0,0,0,1,0,0,0
131098349,Fatal,"Pedestrian, Automobile",Not Recorded,-8840058.20716218,5411617.36933563,43.651168,-79.411594,2013-12-05 17:41:00,Autumn,2013,12,December,Thursday,17,17:00 to 17:59,Major Arterial,<Null>,No Control,Clear,"Dark, artificial",Dry,Pedestrian Collisions,Toronto and East York,Trinity-Bellwoods (81),81,Intersection,2,1,0,0,1,0,1,1,0,0,0,0,0,1,0,0,0
131219717,Fatal,"Pedestrian, Automobile",Not Recorded,-8827823.19324858,5422578.18821538,43.722369,-79.30168499999999,2013-12-24 15:00:00,Winter,2013,12,December,Tuesday,15,15:00 to 15:59,Major Arterial,<Null>,Stop Sign,Clear,Daylight,Dry,Pedestrian Collisions,North York,Clairlea-Birchmount (120),120,Mid-Block,2,1,0,0,1,0,1,1,0,0,0,0,0,1,0,0,0
141375171,Fatal,"Pedestrian, Automobile",Not Recorded,-8844074.50307051,5418555.86792895,43.69625,-79.447673,2014-01-19 21:45:00,Winter,2014,1,January,Sunday,21,21:00 to 21:59,Major Arterial,At Intersection,Traffic Signal,Clear,"Dark, artificial",Wet,Pedestrian Collisions,North York,Oakwood Village (107),107,Intersection,2,1,0,0,1,0,1,1,0,0,0,0,0,1,0,0,0
141413547,Fatal,Automobile,Not Recorded,-8831111.6823261,5430702.24819028,43.775088000000004,-79.331226,2014-01-26 13:10:00,Winter,2014,1,January,Sunday,13,13:00 to 13:59,Major Arterial,<Null>,Traffic Signal,Snow,Daylight,Loose Snow,Rear End,North York,Pleasant View (46),46,Intersection,4,1,0,3,0,0,2,0,2,0,0,0,0,2,0,0,0
141513588,Fatal,"Pedestrian, Automobile",Not Recorded,-8823968.97851884,5420474.17856826,43.708708,-79.267062,2014-02-12 01:27:00,Winter,2014,2,February,Wednesday,01,01:00 to 01:59,Minor Arterial,<Null>,No Control,Clear,"Dark, artificial",Dry,Pedestrian Collisions,Scarborough,Clairlea-Birchmount (120),120,Intersection,2,1,0,0,1,0,1,1,0,0,0,0,0,1,0,0,0
141518658,Fatal,"Pedestrian, Automobile","Speeding  Related Collision, Aggressive and Distracted Driving Collision",-8825980.18775901,5420849.017876,43.711141999999995,-79.285129,2014-02-12 20:17:00,Winter,2014,2,February,Wednesday,20,20:00 to 20:59,Major Arterial,<Null>,No Control,Clear,"Dark, artificial",Ice,Pedestrian Collisions,Scarborough,Clairlea-Birchmount (120),120,Mid-Block,2,1,0,0,1,0,1,1,0,0,0,0,0,1,0,0,0
141603063,Fatal,Automobile,Aggressive and Distracted Driving Collision,-8833298.55372274,5427598.11397231,43.75495,-79.350871,2014-02-26 16:46:00,Winter,2014,2,February,Wednesday,16,16:00 to 16:59,Major Arterial,<Null>,No Control,Clear,Daylight,Dry,Turning Movement,North York,Banbury-Don Mills (42),42,Intersection,4,1,0,1,2,0,3,0,1,0,0,0,0,2,0,0,1
141649049,Fatal,Automobile,Not Recorded,-8850913.97258485,5412559.29081091,43.65729,-79.509113,2014-03-06 07:35:00,Winter,2014,3,March,Thursday,07,07:00 to 07:59,Collector,<Null>,No Control,Snow,Daylight,Slush,SMV Other,Etobicoke York,Kingsway South (15),15,Intersection,1,1,0,0,0,0,1,0,0,0,0,0,0,1,0,0,0
141945030,Fatal,"Pedestrian, Automobile",Not Recorded,-8838751.98425721,5411828.60864487,43.652541,-79.39986,2014-04-23 17:55:00,Spring,2014,4,April,Wednesday,17,17:00 to 17:59,Major Arterial,<Null>,No Control,Clear,"Daylight, artificial",Dry,Pedestrian Collisions,Toronto and East York,Kensington-Chinatown (78),78,Intersection,2,1,0,0,1,0,1,1,0,0,0,0,0,1,0,0,0
142041479,Fatal,"Automobile, Motorcycle","Speeding  Related Collision, Aggressive and Distracted Driving Collision",-8859203.15582779,5413047.67535575,43.660464000000005,-79.58357600000001,2014-05-08 21:08:00,Spring,2014,5,May,Thursday,21,21:00 to 21:59,Minor Arterial,<Null>,No Control,Clear,"Dusk, artificial",Dry,Turning Movement,Etobicoke York,Eringate-Centennial-West Deane (11),11,Mid-Block,2,1,0,0,1,0,2,0,0,0,0,0,0,1,1,0,0
142049204,Fatal,"Pedestrian, Automobile",Not Recorded,-8838893.80528848,5411785.68344162,43.652262,-79.401134,2014-05-10 02:33:00,Spring,2014,5,May,Saturday,02,02:00 to 02:59,Major Arterial,<Null>,No Control,Clear,"Dark, artificial",Dry,Pedestrian Collisions,Toronto and East York,Kensington-Chinatown (78),78,Intersection,4,1,0,0,3,0,2,1,1,0,0,0,0,2,0,0,0
142120007,Fatal,Automobile,Not Recorded,-8859598.00606163,5419014.54473457,43.699228999999995,-79.58712299999999,2014-05-21 06:10:00,Spring,2014,5,May,Wednesday,06,06:00 to 06:59,Major Arterial,<Null>,Traffic Signal,Clear,Daylight,Dry,Rear End,Etobicoke York,West Humber-Clairville (1),1,Intersection,6,1,0,3,2,0,6,0,0,0,0,0,0,6,0,0,0
142211983,Fatal,"Pedestrian, Automobile",Not Recorded,-8838484.37220134,5428875.21737009,43.763236,-79.397456,2014-06-03 12:50:00,Spring,2014,6,June,Tuesday,12,12:00 to 12:59,Local,<Null>,No Control,Clear,Daylight,Dry,Pedestrian Collisions,North York,Willowdale East (51),51,Mid-Block,2,1,0,0,1,0,1,1,0,0,0,0,0,1,0,0,0
142300273,Fatal,Motorcycle,Not Recorded,-8834074.89585153,5415302.5187348,43.675115999999996,-79.357845,2014-06-16 08:27:00,Spring,2014,6,June,Monday,08,08:00 to 08:59,Minor Arterial,<Null>,No Control,Rain,Daylight,Wet,SMV Other,Toronto and East York,North Riverdale (68),68,Mid-Block,1,1,0,0,0,0,1,0,0,0,0,0,0,0,1,0,0
142454660,Fatal,Automobile,"Red Light Related  Collision, Aggressive and Distracted Driving Collision",-8831055.57730274,5435178.24628839,43.804114,-79.330722,2014-07-08 10:24:00,Summer,2014,7,July,Tuesday,10,10:00 to 10:59,Minor Arterial,At Intersection,Traffic Signal,Clear,Daylight,Dry,Angle,Scarborough,Steeles (116),116,Intersection,4,1,1,1,1,0,2,0,2,0,0,0,0,1,0,1,0
142471584,Fatal,"Pedestrian, Automobile",Not Recorded,-8844623.19684063,5412493.59013436,43.656863,-79.452602,2014-07-10 19:09:00,Summer,2014,7,July,Thursday,19,19:00 to 19:59,Minor Arterial,<Null>,No Control,Clear,Daylight,Dry,Pedestrian Collisions,Toronto and East York,High Park North (88),88,Mid-Block,2,1,0,0,1,0,1,1,0,0,0,0,0,1,0,0,0
142510103,Fatal,"Pedestrian, Automobile",Aggressive and Distracted Driving Collision,-8835218.81493892,5419868.52339173,43.704775,-79.368121,2014-07-16 16:15:00,Summer,2014,7,July,Wednesday,16,16:00 to 16:59,Collector,At Intersection,Traffic Signal,Clear,Daylight,Dry,Pedestrian Collisions,North York,Leaside-Bennington (56),56,Intersection,2,1,0,0,1,0,1,1,0,0,0,0,0,1,0,0,0
142586405,Fatal,"Pedestrian, City Vehicle",Not Recorded,-8863019.85588913,5424528.61049379,43.73503,-79.617862,2014-07-28 05:53:00,Summer,2014,7,July,Monday,05,05:00 to 05:59,Major Arterial,At Intersection,Traffic Signal,Rain,"Dawn, artificial",Wet,Pedestrian Collisions,Etobicoke York,West Humber-Clairville (1),1,Intersection,2,1,0,0,1,0,1,1,0,0,0,0,0,0,0,1,0
142588079,Fatal,Automobile,Aggressive and Distracted Driving Collision,-8839847.5906856,5431620.98747609,43.781046999999994,-79.409702,2014-07-28 12:00:00,Summer,2014,7,July,Monday,12,12:00 to 12:59,Major Arterial,<Null>,Stop Sign,Clear,Daylight,Dry,Turning Movement,North York,Willowdale East (51),51,Intersection,4,1,0,3,0,0,2,0,2,0,0,0,0,2,0,0,0
142655086,Fatal,"Pedestrian, Automobile","Red Light Related  Collision, Aggressive and Distracted Driving Collision",-8840624.71205083,5432135.05272775,43.784380999999996,-79.41668299999999,2014-08-07 16:18:00,Summer,2014,8,August,Thursday,16,16:00 to 16:59,Major Arterial,At Intersection,Traffic Signal,Clear,Daylight,Dry,Pedestrian Collisions,North York,Newtonbrook East (50),50,Intersection,5,1,1,1,2,0,2,1,2,0,0,0,0,1,0,0,1
142657110,Fatal,"Pedestrian, City Vehicle",Not Recorded,-8844548.39014282,5415437.65445913,43.675994,-79.45193,2014-08-07 22:14:00,Summer,2014,8,August,Thursday,22,22:00 to 22:59,Major Arterial,<Null>,No Control,Clear,"Dark, artificial",Dry,Pedestrian Collisions,Toronto and East York,Corso Italia-Davenport (92),92,Mid-Block,3,1,0,1,1,0,1,2,0,0,0,0,0,0,0,1,0
142723300,Fatal,"Pedestrian, Automobile",Aggressive and Distracted Driving Collision,-8827293.20115292,5419479.09563009,43.702246,-79.296924,2014-08-17 23:06:00,Summer,2014,8,August,Sunday,23,23:00 to 23:59,Minor Arterial,At Intersection,Traffic Signal,Clear,"Dark, artificial",Dry,Pedestrian Collisions,Toronto and East York,O'Connor-Parkview (54),54,Intersection,3,1,0,0,2,0,1,1,1,0,0,0,0,1,0,0,0
142723818,Fatal,"Pedestrian, Automobile",Not Recorded,-8834565.70348644,5412373.88377959,43.656085,-79.36225400000001,2014-08-18 01:25:00,Summer,2014,8,August,Monday,01,01:00 to 01:59,Major Arterial,<Null>,No Control,Clear,"Dark, artificial",Dry,Pedestrian Collisions,Toronto and East York,Moss Park (73),73,Intersection,3,1,0,1,1,0,1,2,0,0,0,0,0,1,0,0,0
142740894,Fatal,"Pedestrian, Automobile",Aggressive and Distracted Driving Collision,-8827868.16632286,5422732.684951999,43.723372,-79.302089,2014-08-20 16:39:00,Summer,2014,8,August,Wednesday,16,16:00 to 16:59,Major Arterial,At Intersection,Traffic Signal,Clear,Daylight,Dry,Pedestrian Collisions,North York,Clairlea-Birchmount (120),120,Intersection,3,1,1,0,1,0,1,2,0,0,0,0,0,0,0,1,0
142879736,Fatal,"Pedestrian, Truck",Not Recorded,-8836525.92839982,5412266.48788147,43.655387,-79.379863,2014-09-10 06:20:00,Summer,2014,9,September,Wednesday,06,06:00 to 06:59,Laneway,<Null>,No Control,Clear,"Dark, artificial",Dry,Pedestrian Collisions,Toronto and East York,Church-Yonge Corridor (75),75,Mid-Block,2,1,0,0,1,0,1,1,0,0,0,0,0,0,0,1,0
142937129,Fatal,"Pedestrian, City Vehicle",Not Recorded,-8838410.56737895,5417212.6102512,43.687525,-79.396793,2014-09-18 20:01:00,Summer,2014,9,September,Thursday,20,20:00 to 20:59,Major Arterial,<Null>,No Control,Clear,"Dark, artificial",Dry,Pedestrian Collisions,Toronto and East York,Yonge-St.Clair (97),97,Mid-Block,2,1,0,0,1,0,1,1,0,0,0,0,0,0,0,1,0
142962876,Fatal,"Pedestrian, Automobile",Aggressive and Distracted Driving Collision,-8842631.57983085,5409507.087570501,43.63745,-79.434711,2014-09-22 20:59:00,Summer,2014,9,September,Monday,20,20:00 to 20:59,Major Arterial,<Null>,Pedestrian Crossover,Clear,"Dark, artificial",Dry,Pedestrian Collisions,Toronto and East York,South Parkdale (85),85,Intersection,2,1,0,0,1,0,1,1,0,0,0,0,0,1,0,0,0
143015764,Fatal,"Pedestrian, City Vehicle",Not Recorded,-8846393.95598068,5414873.88376187,43.672331,-79.468509,2014-09-30 16:08:00,Autumn,2014,9,September,Tuesday,16,16:00 to 16:59,Major Arterial,<Null>,No Control,Clear,Daylight,Dry,Pedestrian Collisions,Etobicoke York,Junction Area (90),90,Mid-Block,2,1,0,0,1,0,1,1,0,0,0,0,0,0,0,1,0
143022510,Fatal,Motorcycle,"Speeding  Related Collision, Aggressive and Distracted Driving Collision",-8856034.33520287,5423137.03810676,43.725997,-79.55511,2014-10-01 16:20:00,Autumn,2014,10,October,Wednesday,16,16:00 to 16:59,Local,<Null>,No Control,Clear,Daylight,Wet,SMV Other,Etobicoke York,Elms-Old Rexdale (5),5,Mid-Block,1,1,0,0,0,0,1,0,0,0,0,0,0,0,1,0,0
143084786,Fatal,"Pedestrian, City Vehicle",Not Recorded,-8843576.79362717,5421644.48532436,43.716307,-79.443202,2014-10-11 10:24:00,Autumn,2014,10,October,Saturday,10,10:00 to 10:59,Major Arterial,At Intersection,Traffic Signal,Clear,Daylight,Dry,Pedestrian Collisions,North York,Englemount-Lawrence (32),32,Intersection,2,1,0,0,1,0,1,1,0,0,0,0,0,0,0,1,0
143117140,Fatal,"Pedestrian, Automobile",Not Recorded,-8827981.15560602,5423111.77514312,43.725833,-79.303104,2014-10-16 19:27:00,Autumn,2014,10,October,Thursday,19,19:00 to 19:59,Major Arterial,<Null>,No Control,Rain,"Dark, artificial",Wet,Pedestrian Collisions,North York,Wexford/Maryvale (119),119,Mid-Block,2,1,0,0,1,0,1,1,0,0,0,0,0,1,0,0,0
143234908,Fatal,Automobile,"Speeding  Related Collision, Aggressive and Distracted Driving Collision",-8817828.59540669,5431146.26581361,43.777968,-79.211902,2014-11-04 08:07:00,Autumn,2014,11,November,Tuesday,08,08:00 to 08:59,Minor Arterial,<Null>,No Control,Clear,Daylight,Dry,SMV Other,Scarborough,Morningside (135),135,Mid-Block,1,1,0,0,0,0,1,0,0,0,0,0,0,1,0,0,0
143250160,Fatal,"Pedestrian, Automobile",Not Recorded,-8823045.8059817,5424683.13989215,43.736033,-79.258769,2014-11-06 12:54:00,Autumn,2014,11,November,Thursday,12,12:00 to 12:59,Major Arterial,At Intersection,Traffic Signal,Clear,Daylight,Dry,Pedestrian Collisions,Scarborough,Eglinton East (138),138,Intersection,2,1,0,1,0,0,1,1,0,0,0,0,0,1,0,0,0
143335677,Fatal,"Pedestrian, Automobile",Aggressive and Distracted Driving Collision,-8844665.60956662,5412708.38845879,43.658259,-79.45298299999999,2014-11-20 12:45:00,Autumn,2014,11,November,Thursday,12,12:00 to 12:59,Minor Arterial,At Intersection,Traffic Signal,Clear,Daylight,Dry,Pedestrian Collisions,Toronto and East York,High Park North (88),88,Intersection,2,1,0,0,1,0,1,1,0,0,0,0,0,0,0,1,0
143339762,Fatal,"Pedestrian, Automobile",Not Recorded,-8851394.65014609,5428075.58136316,43.758047999999995,-79.51343100000001,2014-11-21 06:00:00,Autumn,2014,11,November,Friday,06,06:00 to 06:59,Major Arterial,At Intersection,Traffic Signal,Clear,"Dawn, artificial",Dry,Pedestrian Collisions,Etobicoke York,Glenfield-Jane Heights (25),25,Intersection,2,1,0,0,1,0,1,1,0,0,0,0,0,1,0,0,0
143357519,Fatal,Automobile,"Speeding  Related Collision, Alcohol  Related Collision, Aggressive and Distracted Driving Collision",-8833138.92157294,5418749.55948343,43.697508,-79.349437,2014-11-24 03:50:00,Autumn,2014,11,November,Monday,03,03:00 to 03:59,Major Arterial,<Null>,No Control,Rain,"Dark, artificial",Wet,SMV Other,Toronto and East York,Old East York (58),58,Mid-Block,1,1,0,0,0,0,1,0,0,0,0,0,0,1,0,0,0
143362651,Fatal,Automobile,"Red Light Related  Collision, Alcohol  Related Collision, Aggressive and Distracted Driving Collision",-8818411.2416215,5431419.77897978,43.779742,-79.217136,2014-11-24 18:00:00,Autumn,2014,11,November,Monday,18,18:00 to 18:59,Major Arterial,At Intersection,Traffic Signal,Clear,"Dark, artificial",Dry,Angle,Scarborough,Morningside (135),135,Intersection,2,1,0,0,1,0,2,0,0,0,0,0,0,2,0,0,0
143380193,Fatal,Automobile,Not Recorded,-8840104.85002882,5412295.26001256,43.655574,-79.412013,2014-11-27 14:20:00,Autumn,2014,11,November,Thursday,14,14:00 to 14:59,Major Arterial,<Null>,No Control,Clear,Daylight,Dry,SMV Other,Toronto and East York,Trinity-Bellwoods (81),81,Mid-Block,3,1,0,2,0,0,1,0,2,0,0,0,0,1,0,0,0
143440580,Fatal,Automobile,Not Recorded,-8824524.462777901,5425628.86073796,43.742171,-79.272052,2014-12-07 09:44:00,Autumn,2014,12,December,Sunday,09,09:00 to 09:59,Major Arterial,<Null>,Traffic Signal,Clear,Daylight,Dry,Approaching,Scarborough,Ionview (125),125,Intersection,3,1,0,0,2,0,3,0,0,0,0,0,0,2,0,1,0
143471771,Fatal,Automobile,"Red Light Related  Collision, Aggressive and Distracted Driving Collision",-8831837.81936455,5430815.100642599,43.77582,-79.337749,2014-12-12 13:20:00,Autumn,2014,12,December,Friday,13,13:00 to 13:59,Major Arterial,<Null>,Traffic Signal,Clear,Daylight,Wet,Turning Movement,North York,Pleasant View (46),46,Intersection,3,1,0,2,0,0,2,0,1,0,0,0,0,2,0,0,0
143474139,Fatal,"Pedestrian, Automobile",Not Recorded,-8830753.23356575,5418228.695478099,43.694125,-79.328006,2014-12-12 18:40:00,Autumn,2014,12,December,Friday,18,18:00 to 18:59,Minor Arterial,At Intersection,Traffic Signal,Clear,"Dusk, artificial",Dry,Pedestrian Collisions,Toronto and East York,Danforth East York (59),59,Intersection,2,1,0,0,1,0,1,1,0,0,0,0,0,1,0,0,0
143507481,Fatal,"Pedestrian, Automobile",Not Recorded,-8843962.40434328,5432782.06942016,43.788577000000004,-79.44666600000001,2014-12-18 08:43:00,Autumn,2014,12,December,Thursday,08,08:00 to 08:59,Major Arterial,<Null>,No Control,Clear,Daylight,Dry,Pedestrian Collisions,North York,Newtonbrook West (36),36,Mid-Block,3,1,0,0,2,0,1,1,1,0,0,0,0,1,0,0,0
178057130,Non-Fatal Injury,Automobile,Not Recorded,-8836696.6924987,5423774.02654204,43.730132,-79.38139699999999,2017-11-22 11:10:00,Autumn,2017,11,November,Wednesday,11,11:00 to 11:59,Major Arterial,Non Intersection,No Control,Clear,Daylight,Dry,SMV Other,North York,Bridle Path-Sunnybrook-York Mills (41),41,Mid-Block,1,0,1,0,0,0,1,0,0,0,0,0,0,1,0,0,0
188016123,Non-Fatal Injury,"Pedestrian, Automobile",Not Recorded,-8836808.79122592,5425173.39884416,43.739215,-79.38240400000001,2018-03-24 17:00:00,Spring,2018,3,March,Saturday,17,17:00 to 17:59,Major Arterial,Non Intersection,No Control,Clear,Daylight,Dry,Pedestrian Collisions,North York,Bridle Path-Sunnybrook-York Mills (41),41,Mid-Block,2,0,1,0,1,0,1,1,0,0,0,0,0,1,0,0,0
3000108221,Non-Fatal Injury,"Pedestrian, Automobile",Aggressive and Distracted Driving Collision,-8848348.16964155,5418292.74338406,43.694541,-79.486064,2013-12-02 00:20:00,Autumn,2013,12,December,Monday,00,00:00 to 00:59,Major Arterial,At Intersection,Traffic Signal,Clear,"Dark, artificial",Dry,Pedestrian Collisions,Etobicoke York,Beechborough-Greenbrook (112),112,Intersection,3,0,1,0,2,0,1,1,1,0,0,0,0,1,0,0,0
3000777885,Non-Fatal Injury,"Pedestrian, Automobile",Not Recorded,-8852487.69622619,5418841.78765331,43.698107,-79.52325,2013-12-03 07:00:00,Autumn,2013,12,December,Tuesday,07,07:00 to 07:59,Major Arterial,At Intersection,Traffic Signal,Clear,Daylight,Dry,Pedestrian Collisions,Etobicoke York,Humber Heights-Westmount (8),8,Intersection,2,0,1,0,1,0,1,1,0,0,0,0,0,1,0,0,0
3000935041,Non-Fatal Injury,"Pedestrian, Automobile",Not Recorded,-8837628.32531714,5412699.61794231,43.658202,-79.38976600000001,2013-11-07 09:00:00,Autumn,2013,11,November,Thursday,09,09:00 to 09:59,Major Arterial,Non Intersection,No Control,Clear,Daylight,Dry,Pedestrian Collisions,Toronto and East York,Bay Street Corridor (76),76,Mid-Block,2,0,1,0,1,0,1,1,0,0,0,0,0,1,0,0,0