ACCNUM,ACCLASS,INVOLVED,MOTIVE,X,Y,LATITUDE,LONGITUDE,DATE_TIME,SEASON,YEAR,MONTH,MONTH_NAME,DAY_NAME,HOUR,HOUR_INTERVAL,ROAD_CLASS,ACCLOC,TRAFFCTL,VISIBILITY,LIGHT,RDSFCOND,IMPACTYPE,DISTRICT,NEIGHBOURHOOD,HOOD_ID,LOCCOORD,PEOPLE_COUNT,FATAL_INJURY_COUNT,MAJOR_INJURY_COUNT,MINOR_INJURY_COUNT,NO_INJURY_COUNT,NULL_INJURY_COUNT,DRIVERS_COUNT,PEDESTRIAN_COUNT,PASSENGER_COUNT,CYCLIST_COUNT,OTHER_INVTYPE_COUNT,NULL_INVTYPE_COUNT,PEOPLE_VEH_COUNT,AUTOMOBILE_VEH_COUNT,RECREATIONAL_VEH_COUNT,OTHER_VEH_COUNT,NULL_VEH_COUNT
5001098276,Non-Fatal Injury,"Pedestrian, Automobile",Not Recorded,-8829586.27134376,5428840.53626675,43.763011,-79.317523,2015-06-30 04:10:00,Summer,2015,6,June,Tuesday,04,04:00 to 04:59,Major Arterial,Intersection Related,Traffic Signal,Clear,"Dark, artificial",Dry,Pedestrian Collisions,North York,Wexford/Maryvale (119),119,Intersection,2,0,1,0,1,0,1,1,0,0,0,0,0,1,0,0,0
5001105926,Non-Fatal Injury,Automobile,Aggressive and Distracted Driving Collision,-8820275.39781432,5431727.37535256,43.781737,-79.233882,2015-07-01 09:49:00,Summer,2015,7,July,Wednesday,09,09:00 to 09:59,Major Arterial,At Intersection,Traffic Signal,Clear,Daylight,Dry,Turning Movement,Scarborough,Woburn (137),137,Intersection,3,0,1,1,1,0,2,0,1,0,0,0,0,2,0,0,0
5001107596,Non-Fatal Injury,"Automobile, Motorcycle","Red Light Related  Collision, Aggressive and Distracted Driving Collision",-8834229.40730475,5413544.85703043,43.663695000000004,-79.35923299999999,2015-07-01 15:25:00,Summer,2015,7,July,Wednesday,15,15:00 to 15:59,Minor Arterial,At Intersection,Traffic Signal,Clear,Daylight,Dry,Turning Movement,Toronto and East York,Regent Park (72),72,Intersection,3,0,2,0,1,0,2,0,1,0,0,0,0,1,1,0,0
5001109964,Non-Fatal Injury,"Automobile, Truck","Alcohol  Related Collision, Aggressive and Distracted Driving Collision",-8854048.72944559,5421750.91221002,43.716998,-79.537273,2015-07-01 23:30:00,Summer,2015,7,July,Wednesday,23,23:00 to 23:59,Major Arterial,Non Intersection,Traffic Signal,Clear,"Dark, artificial",Dry,Rear End,Etobicoke York,Pelmo Park-Humberlea (23),23,Intersection,4,0,2,1,1,0,2,0,2,0,0,0,0,2,0,0,0
5001110080,Non-Fatal Injury,"Pedestrian, Automobile",Not Recorded,-8839740.50133546,5409041.80743441,43.634425,-79.40874000000001,2015-07-02 23:55:00,Summer,2015,7,July,Thursday,23,23:00 to 23:59,Major Arterial,Intersection Related,Traffic Signal,Clear,"Dark, artificial",Dry,Pedestrian Collisions,Toronto and East York,Niagara (82),82,Intersection,3,0,1,0,2,0,1,1,1,0,0,0,0,1,0,0,0
5001126666,Non-Fatal Injury,"Pedestrian, Automobile",Not Recorded,-8832228.43945774,5433793.23960552,43.795134000000004,-79.341258,2015-07-04 13:40:00,Summer,2015,7,July,Saturday,13,13:00 to 13:59,Major Arterial,At Intersection,Traffic Signal,Clear,Daylight,Dry,Pedestrian Collisions,North York,Pleasant View (46),46,Intersection,3,0,1,1,1,0,1,2,0,0,0,0,0,1,0,0,0
5001136090,Fatal,"Automobile, Motorcycle","Speeding  Related Collision, Aggressive and Distracted Driving Collision",-8853109.41558227,5407790.97368982,43.626292,-79.528835,2015-07-06 00:08:00,Summer,2015,7,July,Monday,00,00:00 to 00:59,Major Arterial,Intersection Related,No Control,Clear,"Dark, artificial",Dry,Turning Movement,Etobicoke York,Islington-City Centre West (14),14,Intersection,3,1,0,2,0,0,2,0,1,0,0,0,0,1,1,0,0
5001160138,Non-Fatal Injury,Automobile,Not Recorded,-8837651.25713225,5430724.602733,43.775233,-79.389972,2015-07-09 14:07:00,Summer,2015,7,July,Thursday,14,14:00 to 14:59,Major Arterial,Non Intersection,No Control,Clear,Daylight,Dry,Rear End,North York,Bayview Village (52),52,Intersection,3,0,1,0,2,0,3,0,0,0,0,0,0,3,0,0,0
5001168527,Non-Fatal Injury,Motorcycle,Aggressive and Distracted Driving Collision,-8852856.27506021,5416402.90117043,43.682265,-79.526561,2015-07-10 18:50:00,Summer,2015,7,July,Friday,18,18:00 to 18:59,Major Arterial,At Intersection,Traffic Signal,Clear,Daylight,Dry,Turning Movement,Etobicoke York,Edenbridge-Humber Valley (9),9,Intersection,2,0,1,0,1,0,2,0,0,0,0,0,0,0,1,0,1
5001169933,Non-Fatal Injury,"Automobile, City Vehicle","Speeding  Related Collision, Alcohol  Related Collision, Aggressive and Distracted Driving Collision",-8859593.77592098,5427391.7533737,43.753611,-79.587085,2015-07-10 23:25:00,Summer,2015,7,July,Friday,23,23:00 to 23:59,Major Arterial,Non Intersection,Traffic Signal,Clear,Dark,Dry,Rear End,Etobicoke York,Mount Olive-Silverstone-Jamestown (2),2,Intersection,3,0,1,0,2,0,2,0,1,0,0,0,0,1,0,1,0
5001176666,Non-Fatal Injury,Truck,Not Recorded,-8840968.57795789,5408425.21275562,43.630416,-79.419772,2015-07-12 23:54:00,Summer,2015,7,July,Sunday,23,23:00 to 23:59,Major Arterial,Intersection Related,Traffic Signal,Clear,"Dark, artificial",Dry,SMV Other,Toronto and East York,Niagara (82),82,Intersection,2,0,1,0,1,0,1,0,1,0,0,0,0,0,0,1,0
5001196464,Fatal,"Pedestrian, Automobile",Aggressive and Distracted Driving Collision,-8838146.40622729,5423091.7496723,43.725703,-79.39442,2015-07-14 21:37:00,Summer,2015,7,July,Tuesday,21,21:00 to 21:59,Local,<Null>,Stop Sign,Other,"Dark, artificial",Other,Pedestrian Collisions,North York,Lawrence Park South (103),103,Intersection,2,1,0,0,1,0,1,1,0,0,0,0,0,1,0,0,0
5001197879,Non-Fatal Injury,"Pedestrian, Automobile","Speeding  Related Collision, Aggressive and Distracted Driving Collision",-8843310.96268316,5418781.89312759,43.697718,-79.440814,2015-07-15 04:29:00,Summer,2015,7,July,Wednesday,04,04:00 to 04:59,Major Arterial,At/Near Private Drive,No Control,Clear,Dark,Dry,Pedestrian Collisions,North York,Briar Hill-Belgravia (108),108,Mid-Block,2,0,1,0,1,0,1,1,0,0,0,0,0,1,0,0,0
5001203164,Non-Fatal Injury,"Automobile, Motorcycle",Not Recorded,-8825532.57208653,5418025.46948727,43.692805,-79.28110799999999,2015-07-15 20:30:00,Summer,2015,7,July,Wednesday,20,20:00 to 20:59,Major Arterial,Intersection Related,Stop Sign,Clear,Daylight,Dry,Turning Movement,Scarborough,Oakridge (121),121,Intersection,4,0,1,0,3,0,2,0,2,0,0,0,0,1,1,0,0
5001207270,Non-Fatal Injury,"Pedestrian, Automobile",Not Recorded,-8827721.22459501,5418326.76901481,43.694762,-79.30076899999999,2015-07-16 12:53:00,Summer,2015,7,July,Thursday,12,12:00 to 12:59,Collector,Non Intersection,No Control,Clear,Daylight,Dry,Pedestrian Collisions,Toronto and East York,Taylor-Massey (61),61,Mid-Block,6,0,1,0,5,0,1,1,4,0,0,0,0,1,0,0,0
5001212779,Non-Fatal Injury,"Cyclist, Truck",Not Recorded,-8839558.82792648,5415260.80867706,43.674845,-79.407108,2015-07-17 08:27:00,Summer,2015,7,July,Friday,08,08:00 to 08:59,Major Arterial,Intersection Related,Traffic Signal,Clear,Daylight,Wet,Cyclist Collisions,Toronto and East York,Annex (95),95,Intersection,2,0,1,0,1,0,1,0,0,1,0,0,1,0,0,1,0
5001213317,Non-Fatal Injury,Automobile,"Speeding  Related Collision, Aggressive and Distracted Driving Collision",-8837504.3154044,5429820.75157156,43.76937,-79.38865200000001,2015-07-17 10:01:00,Summer,2015,7,July,Friday,10,10:00 to 10:59,Major Arterial,Intersection Related,Traffic Signal,Clear,Daylight,Dry,Turning Movement,North York,Bayview Village (52),52,Intersection,2,0,1,0,1,0,2,0,0,0,0,0,0,2,0,0,0
5001215897,Non-Fatal Injury,Automobile,"Speeding  Related Collision, Aggressive and Distracted Driving Collision",-8838176.12853134,5432128.57662246,43.784339,-79.394687,2015-07-17 17:14:00,Summer,2015,7,July,Friday,17,17:00 to 17:59,Major Arterial,Intersection Related,No Control,Clear,Daylight,Dry,Rear End,North York,Newtonbrook East (50),50,Intersection,3,0,1,0,2,0,3,0,0,0,0,0,0,3,0,0,0
5001220959,Non-Fatal Injury,Automobile,Aggressive and Distracted Driving Collision,-8839461.97996949,5434705.19220215,43.801047,-79.406238,2015-07-18 12:11:00,Summer,2015,7,July,Saturday,12,12:00 to 12:59,Major Arterial,At Intersection,Traffic Signal,Clear,Daylight,Dry,Turning Movement,North York,Newtonbrook East (50),50,Intersection,4,0,1,2,1,0,3,0,1,0,0,0,0,3,0,0,0
5001233986,Non-Fatal Injury,"Pedestrian, Truck",Not Recorded,-8846815.18893384,5409343.89077982,43.636389,-79.47229300000001,2015-07-20 10:15:00,Summer,2015,7,July,Monday,10,10:00 to 10:59,Major Arterial,Non Intersection,No Control,Clear,Daylight,Dry,Pedestrian Collisions,Toronto and East York,High Park-Swansea (87),87,Mid-Block,2,0,1,0,1,0,1,1,0,0,0,0,0,1,0,0,0
5001240894,Non-Fatal Injury,"Automobile, Motorcycle",Not Recorded,-8814859.48194825,5429702.51595561,43.768603000000006,-79.18523,2015-07-21 09:54:00,Summer,2015,7,July,Tuesday,09,09:00 to 09:59,Minor Arterial,Non Intersection,No Control,Clear,Daylight,Dry,Turning Movement,Scarborough,West Hill (136),136,Mid-Block,2,0,1,0,1,0,2,0,0,0,0,0,0,1,1,0,0
5001245461,Non-Fatal Injury,"Automobile, Motorcycle","Red Light Related  Collision, Aggressive and Distracted Driving Collision",-8836290.71031577,5411737.06588953,43.651946,-79.37775,2015-07-21 21:35:00,Summer,2015,7,July,Tuesday,21,21:00 to 21:59,Major Arterial,At Intersection,Traffic Signal,Clear,"Dark, artificial",Dry,Angle,Toronto and East York,Church-Yonge Corridor (75),75,Intersection,7,0,1,0,6,0,2,0,5,0,0,0,0,1,1,0,0
5001258434,Non-Fatal Injury,"Automobile, Motorcycle","Speeding  Related Collision, Aggressive and Distracted Driving Collision",-8829075.87147848,5432230.80710124,43.785002,-79.312938,2015-07-23 20:11:00,Summer,2015,7,July,Thursday,20,20:00 to 20:59,Minor Arterial,At Intersection,No Control,Clear,Daylight,Dry,Turning Movement,Scarborough,Tam O'Shanter-Sullivan (118),118,Intersection,3,0,1,0,2,0,2,0,1,0,0,0,0,1,1,0,0
5001261641,Non-Fatal Injury,"Cyclist, Automobile",Aggressive and Distracted Driving Collision,-8838616.06315895,5412112.01230314,43.654383,-79.398639,2015-07-24 10:40:00,Summer,2015,7,July,Friday,10,10:00 to 10:59,Major Arterial,Intersection Related,Traffic Signal,Clear,Daylight,Dry,Cyclist Collisions,Toronto and East York,Kensington-Chinatown (78),78,Intersection,2,0,1,0,1,0,1,0,0,1,0,0,1,1,0,0,0
5001263243,Non-Fatal Injury,Automobile,"Red Light Related  Collision, Aggressive and Distracted Driving Collision",-8860277.50023343,5415502.76041705,43.676417,-79.593227,2015-07-24 15:18:00,Summer,2015,7,July,Friday,15,15:00 to 15:59,Major Arterial,Intersection Related,Traffic Signal,Clear,Daylight,Dry,Angle,Etobicoke York,West Humber-Clairville (1),1,Intersection,4,0,2,1,1,0,3,0,1,0,0,0,0,3,0,0,0
5001265349,Non-Fatal Injury,Automobile,Not Recorded,-8856426.73640791,5418246.24702352,43.694239,-79.558635,2015-07-24 21:11:00,Summer,2015,7,July,Friday,21,21:00 to 21:59,Major Arterial,At Intersection,Traffic Signal,Clear,"Dusk, artificial",Dry,Turning Movement,Etobicoke York,Kingsview Village-The Westway (6),6,Intersection,3,0,1,2,0,0,2,0,1,0,0,0,0,2,0,0,0
5001276114,Fatal,"Automobile, Motorcycle","Speeding  Related Collision, Aggressive and Distracted Driving Collision",-8811604.94531542,5433412.63057849,43.792666,-79.15599399999999,2015-07-26 13:28:00,Summer,2015,7,July,Sunday,13,13:00 to 13:59,Minor Arterial,Non Intersection,No Control,Clear,Daylight,Dry,Turning Movement,Scarborough,Centennial Scarborough (133),133,Mid-Block,4,1,0,0,3,0,3,0,1,0,0,0,0,2,1,0,0
5001281908,Non-Fatal Injury,Automobile,Medical or Physical Disability Related Collision,-8830257.19391477,5432920.23711552,43.789473,-79.32355,2015-07-27 11:15:00,Summer,2015,7,July,Monday,11,11:00 to 11:59,Minor Arterial,Intersection Related,Traffic Signal,Clear,Daylight,Dry,Turning Movement,Scarborough,L'Amoreaux (117),117,Intersection,2,0,1,0,1,0,2,0,0,0,0,0,0,2,0,0,0
5001312732,Non-Fatal Injury,"Pedestrian, Automobile",Not Recorded,-8830569.77904492,5427867.97710704,43.756701,-79.326358,2015-07-31 21:30:00,Summer,2015,7,July,Friday,21,21:00 to 21:59,Local,Private Driveway,No Control,Clear,"Dark, artificial",Wet,Pedestrian Collisions,North York,Parkwoods-Donalda (45),45,Mid-Block,2,0,1,0,1,0,1,1,0,0,0,0,0,1,0,0,0
5001313535,Non-Fatal Injury,"Automobile, Motorcycle",Aggressive and Distracted Driving Collision,-8825624.29934694,5429703.74917455,43.768611,-79.281932,2015-08-01 00:31:00,Summer,2015,8,August,Saturday,00,00:00 to 00:59,Major Arterial,Non Intersection,No Control,Clear,Dark,Dry,Rear End,Scarborough,Dorset Park (126),126,Mid-Block,3,0,2,0,1,0,2,0,1,0,0,0,0,1,1,0,0
5001332825,Fatal,"Automobile, Truck",Not Recorded,-8847624.5929514,5421496.47544403,43.715346000000004,-79.479564,2015-08-04 11:36:00,Summer,2015,8,August,Tuesday,11,11:00 to 11:59,Major Arterial,Non Intersection,No Control,Clear,Daylight,Dry,Sideswipe,Etobicoke York,Maple Leaf (29),29,Mid-Block,3,1,0,1,1,0,2,0,1,0,0,0,0,1,0,1,0
5001353530,Non-Fatal Injury,"Pedestrian, Automobile",Not Recorded,-8847981.2605999,5426569.90144747,43.748278000000006,-79.48276800000001,2015-08-07 17:15:00,Summer,2015,8,August,Friday,17,17:00 to 17:59,Major Arterial,At Intersection,Traffic Signal,Clear,Daylight,Dry,Pedestrian Collisions,North York,Downsview-Roding-CFB (26),26,Intersection,2,0,1,0,1,0,1,1,0,0,0,0,0,1,0,0,0
5001353806,Non-Fatal Injury,"Cyclist, Automobile",Not Recorded,-8831253.50335738,5431281.01705831,43.778842,-79.3325,2015-08-07 18:11:00,Summer,2015,8,August,Friday,18,18:00 to 18:59,Collector,Intersection Related,Stop Sign,Clear,Daylight,Dry,Cyclist Collisions,North York,Pleasant View (46),46,Intersection,2,0,1,0,1,0,1,0,0,1,0,0,1,1,0,0,0
5001361534,Non-Fatal Injury,Automobile,Aggressive and Distracted Driving Collision,-8859038.29166192,5425795.73552479,43.743254,-79.582095,2015-08-09 00:40:00,Summer,2015,8,August,Sunday,00,00:00 to 00:59,Major Arterial,At Intersection,Traffic Signal,Clear,"Dark, artificial",Dry,Rear End,Etobicoke York,Thistletown-Beaumond Heights (3),3,Intersection,6,0,1,4,1,0,2,0,4,0,0,0,0,2,0,0,0
5001362618,Non-Fatal Injury,"Pedestrian, Automobile",Aggressive and Distracted Driving Collision,-8828301.31046154,5434386.85450803,43.798983,-79.30598,2015-08-09 07:00:00,Summer,2015,8,August,Sunday,07,07:00 to 07:59,Major Arterial,At Intersection,Traffic Signal,Clear,Daylight,Dry,Pedestrian Collisions,Scarborough,L'Amoreaux (117),117,Intersection,2,0,1,0,1,0,1,1,0,0,0,0,0,1,0,0,0
5001366372,Fatal,"Pedestrian, Automobile",Not Recorded,-8813278.85649848,5435909.08316013,43.808852,-79.171031,2015-08-09 21:10:00,Summer,2015,8,August,Sunday,21,21:00 to 21:59,Collector,Intersection Related,No Control,Clear,"Dark, artificial",Dry,Pedestrian Collisions,Scarborough,Rouge (131),131,Mid-Block,2,1,0,0,1,0,1,1,0,0,0,0,0,1,0,0,0
5001369619,Non-Fatal Injury,Automobile,"Red Light Related  Collision, Aggressive and Distracted Driving Collision",-8854670.33748218,5417380.10266468,43.688613000000004,-79.542857,2015-08-10 11:30:00,Summer,2015,8,August,Monday,11,11:00 to 11:59,Major Arterial,At Intersection,Traffic Signal,Clear,Daylight,Dry,Angle,Etobicoke York,Willowridge-Martingrove-Richview (7),7,Intersection,4,0,1,2,1,0,2,0,2,0,0,0,0,2,0,0,0
5001375207,Non-Fatal Injury,"Cyclist, Truck",Not Recorded,-8845869.08458159,5413536.70125011,43.663641999999996,-79.463794,2015-08-11 09:20:00,Summer,2015,8,August,Tuesday,09,09:00 to 09:59,Major Arterial,At Intersection,Traffic Signal,Clear,Daylight,Dry,Cyclist Collisions,Toronto and East York,Junction Area (90),90,Intersection,2,0,1,0,1,0,1,0,0,1,0,0,1,0,0,1,0
5001377095,Non-Fatal Injury,Motorcycle,Not Recorded,-8825865.52868349,5437355.03994966,43.818225,-79.284099,2015-08-11 14:20:00,Summer,2015,8,August,Tuesday,14,14:00 to 14:59,Local,Non Intersection,No Control,Clear,Daylight,Dry,SMV Unattended Vehicle,<Null>,Milliken (130),130,Mid-Block,1,0,1,0,0,0,1,0,0,0,0,0,0,0,1,0,0
5001378649,Non-Fatal Injury,"Pedestrian, Automobile",Not Recorded,-8826711.44549403,5423604.72351129,43.729033,-79.291698,2015-08-11 18:40:00,Summer,2015,8,August,Tuesday,18,18:00 to 18:59,Local,Non Intersection,Stop Sign,Clear,Daylight,Dry,Pedestrian Collisions,Scarborough,Wexford/Maryvale (119),119,Mid-Block,2,0,1,0,1,0,1,1,0,0,0,0,0,1,0,0,0
5001379991,Non-Fatal Injury,"Pedestrian, Automobile",Aggressive and Distracted Driving Collision,-8846293.76843896,5414903.27963636,43.672522,-79.467609,2015-08-12 23:07:00,Summer,2015,8,August,Wednesday,23,23:00 to 23:59,Major Arterial,At Intersection,Traffic Signal,Clear,"Dark, artificial",Dry,Pedestrian Collisions,Etobicoke York,Junction Area (90),90,Intersection,2,0,1,1,0,0,1,1,0,0,0,0,0,1,0,0,0
5001383996,Non-Fatal Injury,"Cyclist, Automobile",Not Recorded,-8853449.94190461,5421549.30283963,43.715689000000005,-79.531894,2015-08-12 15:24:00,Summer,2015,8,August,Wednesday,15,15:00 to 15:59,Major Arterial,At Intersection,Stop Sign,Clear,Daylight,Dry,Cyclist Collisions,Etobicoke York,Pelmo Park-Humberlea (23),23,Intersection,2,0,1,0,1,0,1,0,0,1,0,0,1,1,0,0,0
5001401225,Non-Fatal Injury,Automobile,Medical or Physical Disability Related Collision,-8846300.558927901,5416344.09996813,43.681883,-79.46767,2015-08-15 10:47:00,Summer,2015,8,August,Saturday,10,10:00 to 10:59,Minor Arterial,At Intersection,Traffic Signal,Clear,Daylight,Dry,Approaching,Etobicoke York,Keelesdale-Eglinton West (110),110,Intersection,4,0,1,0,3,0,2,0,2,0,0,0,0,2,0,0,0
5001404450,Non-Fatal Injury,"Cyclist, Automobile",Not Recorded,-8844304.71177747,5418275.0377887,43.694426,-79.449741,2015-08-15 21:00:00,Summer,2015,8,August,Saturday,21,21:00 to 21:59,Major Arterial,At Intersection,No Control,Clear,"Dark, artificial",Dry,Cyclist Collisions,Toronto and East York,Oakwood Village (107),107,Intersection,2,0,1,0,1,0,1,0,0,1,0,0,1,1,0,0,0
5001404706,Non-Fatal Injury,Automobile,Aggressive and Distracted Driving Collision,-8842614.54794876,5408872.77426952,43.633326000000004,-79.434558,2015-08-15 21:52:00,Summer,2015,8,August,Saturday,21,21:00 to 21:59,Major Arterial,Non Intersection,No Control,Clear,"Dark, artificial",Dry,Approaching,Toronto and East York,South Parkdale (85),85,Intersection,3,0,1,2,0,0,3,0,0,0,0,0,0,3,0,0,0
5001405584,Fatal,Automobile,"Red Light Related  Collision, Alcohol  Related Collision, Aggressive and Distracted Driving Collision",-8820429.13003111,5428023.79545421,43.757712,-79.235263,2015-08-16 00:42:00,Summer,2015,8,August,Sunday,00,00:00 to 00:59,Major Arterial,Intersection Related,Traffic Signal,Clear,"Dark, artificial",Dry,Angle,Scarborough,Woburn (137),137,Intersection,5,1,1,3,0,0,3,0,2,0,0,0,0,3,0,0,0
5001407837,Fatal,Automobile,"Red Light Related  Collision, Aggressive and Distracted Driving Collision",-8836684.78131318,5424213.55109449,43.732985,-79.38129,2015-08-16 12:10:00,Summer,2015,8,August,Sunday,12,12:00 to 12:59,Major Arterial,Intersection Related,Traffic Signal,Clear,Daylight,Dry,Turning Movement,North York,Bridle Path-Sunnybrook-York Mills (41),41,Intersection,2,1,0,0,1,0,2,0,0,0,0,0,0,2,0,0,0
5001432053,Non-Fatal Injury,"Automobile, Truck",Aggressive and Distracted Driving Collision,-8864890.91389038,5427026.66516366,43.751242,-79.63467,2015-08-20 09:47:00,Summer,2015,8,August,Thursday,09,09:00 to 09:59,Major Arterial,Intersection Related,No Control,Clear,Daylight,Dry,Turning Movement,Etobicoke York,West Humber-Clairville (1),1,Intersection,2,0,1,0,1,0,2,0,0,0,0,0,0,1,0,1,0
5001433281,Non-Fatal Injury,"Cyclist, Automobile",Not Recorded,-8848311.65684857,5411176.59783593,43.648303000000006,-79.485736,2015-08-20 13:18:00,Summer,2015,8,August,Thursday,13,13:00 to 13:59,Major Arterial,At Intersection,Traffic Signal,Rain,Daylight,Wet,Cyclist Collisions,Toronto and East York,High Park-Swansea (87),87,Intersection,3,0,1,0,2,0,1,0,1,1,0,0,1,1,0,0,0
5001444151,Non-Fatal Injury,"Pedestrian, City Vehicle",Aggressive and Distracted Driving Collision,-8854129.43607641,5409670.74869748,43.638514,-79.537998,2015-08-22 07:30:00,Summer,2015,8,August,Saturday,07,07:00 to 07:59,Major Arterial,At Intersection,Traffic Signal,Clear,Daylight,Dry,Pedestrian Collisions,Etobicoke York,Islington-City Centre West (14),14,Intersection,2,0,1,0,1,0,1,1,0,0,0,0,0,0,0,1,0
5001445203,Non-Fatal Injury,Motorcycle,Aggressive and Distracted Driving Collision,-8827841.00436711,5422641.03403344,43.722777,-79.301845,2015-08-22 12:11:00,Summer,2015,8,August,Saturday,12,12:00 to 12:59,Major Arterial,At/Near Private Drive,No Control,Clear,Daylight,Dry,SMV Other,North York,Clairlea-Birchmount (120),120,Mid-Block,1,0,1,0,0,0,1,0,0,0,0,0,0,0,1,0,0
5001446152,Non-Fatal Injury,"Automobile, Motorcycle",Aggressive and Distracted Driving Collision,-8823815.35762155,5423265.66463444,43.726832,-79.265682,2015-08-22 15:16:00,Summer,2015,8,August,Saturday,15,15:00 to 15:59,Major Arterial,At/Near Private Drive,No Control,Clear,Daylight,Dry,Turning Movement,Scarborough,Kennedy Park (124),124,Mid-Block,2,0,1,0,1,0,2,0,0,0,0,0,0,1,1,0,0
5001448924,Non-Fatal Injury,"Automobile, Motorcycle",Not Recorded,-8848879.83152958,5419994.94851063,43.705596,-79.49084,2015-08-23 00:43:00,Summer,2015,8,August,Sunday,00,00:00 to 00:59,Major Arterial,At Intersection,Traffic Signal,Clear,Dark,Dry,SMV Other,Etobicoke York,Brookhaven-Amesbury (30),30,Intersection,2,0,1,0,1,0,2,0,0,0,0,0,0,1,1,0,0
5001450991,Non-Fatal Injury,"Cyclist, Automobile",Not Recorded,-8856013.18449962,5408206.36152648,43.628993,-79.55492,2015-08-23 11:47:00,Summer,2015,8,August,Sunday,11,11:00 to 11:59,Major Arterial,At Intersection,Traffic Signal,Clear,Daylight,Dry,Cyclist Collisions,Etobicoke York,Islington-City Centre West (14),14,Intersection,4,0,2,2,0,0,2,0,1,1,0,0,1,2,0,0,0
5001457314,Fatal,"Pedestrian, Automobile",Not Recorded,-8844669.83970727,5433125.02518831,43.790801,-79.45302099999999,2015-08-24 13:25:00,Summer,2015,8,August,Monday,13,13:00 to 13:59,Major Arterial,At Intersection,Traffic Signal,Clear,Daylight,Dry,Pedestrian Collisions,North York,Westminster-Branson (35),35,Intersection,2,1,0,0,1,0,1,1,0,0,0,0,0,1,0,0,0
5001484830,Non-Fatal Injury,Automobile,"Speeding  Related Collision, Aggressive and Distracted Driving Collision",-8860005.65803692,5425505.44005368,43.74137,-79.590785,2015-08-28 22:00:00,Summer,2015,8,August,Friday,22,22:00 to 22:59,Major Arterial,Non Intersection,No Control,Clear,Daylight,Dry,Approaching,Etobicoke York,Mount Olive-Silverstone-Jamestown (2),2,Mid-Block,3,0,1,2,0,0,2,0,1,0,0,0,0,2,0,0,0
5001501450,Non-Fatal Injury,"Cyclist, Truck",Not Recorded,-8836982.89490952,5410255.73786571,43.642317,-79.38396800000001,2015-08-31 15:45:00,Summer,2015,8,August,Monday,15,15:00 to 15:59,Minor Arterial,At Intersection,Traffic Signal,Clear,Daylight,Dry,Cyclist Collisions,Toronto and East York,Waterfront Communities-The Island (77),77,Intersection,2,0,1,0,1,0,1,0,0,1,0,0,1,1,0,0,0
5001507362,Non-Fatal Injury,"Automobile, Truck","Red Light Related  Collision, Aggressive and Distracted Driving Collision",-8834400.17140363,5436267.42727233,43.811175,-79.36076700000001,2015-09-01 14:00:00,Summer,2015,9,September,Tuesday,14,14:00 to 14:59,Major Arterial,At Intersection,Traffic Signal,Clear,Daylight,Dry,Angle,North York,Hillcrest Village (48),48,Intersection,2,0,1,0,1,0,2,0,0,0,0,0,0,1,0,1,0
5001518617,Fatal,"Pedestrian, Truck",Not Recorded,-8847872.61277688,5407311.01713365,43.623171,-79.481792,2015-09-03 07:36:00,Summer,2015,9,September,Thursday,07,07:00 to 07:59,Major Arterial,<Null>,No Control,Clear,Daylight,Dry,Pedestrian Collisions,Etobicoke York,Mimico (17),17,Mid-Block,2,1,0,0,1,0,1,1,0,0,0,0,0,0,0,1,0
5001530826,Non-Fatal Injury,Automobile,"Speeding  Related Collision, Aggressive and Distracted Driving Collision",-8817971.30699389,5436793.01356534,43.814582,-79.213184,2015-09-05 01:20:00,Summer,2015,9,September,Saturday,01,01:00 to 01:59,Minor Arterial,Intersection Related,No Control,Clear,"Dark, artificial",Dry,SMV Other,Scarborough,Malvern (132),132,Intersection,3,0,1,1,1,0,1,0,2,0,0,0,0,1,0,0,0
5001534311,Fatal,Automobile,Not Recorded,-8844188.2715901,5428550.60734587,43.76113,-79.448695,2015-09-05 16:52:00,Summer,2015,9,September,Saturday,16,16:00 to 16:59,Local,Non Intersection,No Control,Clear,Daylight,Dry,SMV Other,North York,Bathurst Manor (34),34,Intersection,2,1,1,0,0,0,1,0,1,0,0,0,0,1,0,0,0
5001538313,Fatal,Motorcycle,Not Recorded,-8842679.11325341,5408876.31178361,43.633349,-79.435138,2015-09-06 10:34:00,Summer,2015,9,September,Sunday,10,10:00 to 10:59,Major Arterial,Non Intersection,No Control,Clear,Daylight,Dry,SMV Other,Toronto and East York,South Parkdale (85),85,Mid-Block,1,1,0,0,0,0,1,0,0,0,0,0,0,0,1,0,0
5001542991,Non-Fatal Injury,Automobile,"Red Light Related  Collision, Aggressive and Distracted Driving Collision",-8857046.67465214,5415566.17375344,43.676829,-79.564204,2015-09-07 05:13:00,Summer,2015,9,September,Monday,05,05:00 to 05:59,Major Arterial,At Intersection,Traffic Signal,Clear,Dark,Dry,Angle,Etobicoke York,Willowridge-Martingrove-Richview (7),7,Intersection,3,0,1,0,2,0,2,0,1,0,0,0,0,2,0,0,0