ACCNUM,ACCLASS,INVOLVED,MOTIVE,X,Y,LATITUDE,LONGITUDE,DATE_TIME,SEASON,YEAR,MONTH,MONTH_NAME,DAY_NAME,HOUR,HOUR_INTERVAL,ROAD_CLASS,ACCLOC,TRAFFCTL,VISIBILITY,LIGHT,RDSFCOND,IMPACTYPE,DISTRICT,NEIGHBOURHOOD,HOOD_ID,LOCCOORD,PEOPLE_COUNT,FATAL_INJURY_COUNT,MAJOR_INJURY_COUNT,MINOR_INJURY_COUNT,NO_INJURY_COUNT,NULL_INJURY_COUNT,DRIVERS_COUNT,PEDESTRIAN_COUNT,PASSENGER_COUNT,CYCLIST_COUNT,OTHER_INVTYPE_COUNT,NULL_INVTYPE_COUNT,PEOPLE_VEH_COUNT,AUTOMOBILE_VEH_COUNT,RECREATIONAL_VEH_COUNT,OTHER_VEH_COUNT,NULL_VEH_COUNT
5001551226,Non-Fatal Injury,"Pedestrian, Automobile",Not Recorded,-8835566.24306969,5411276.288816901,43.648951000000004,-79.37124200000001,2015-09-08 15:00:00,Summer,2015,9,September,Tuesday,15,15:00 to 15:59,Major Arterial,Non Intersection,No Control,Clear,Daylight,Dry,Pedestrian Collisions,Toronto and East York,Waterfront Communities-The Island (77),77,Mid-Block,2,0,1,0,1,0,1,1,0,0,0,0,0,1,0,0,0
5001573262,Non-Fatal Injury,"Pedestrian, Automobile",Aggressive and Distracted Driving Collision,-8837708.14139204,5412952.5814449005,43.659846,-79.39048299999999,2015-09-11 21:30:00,Summer,2015,9,September,Friday,21,21:00 to 21:59,Major Arterial,At Intersection,Traffic Signal,Rain,"Dark, artificial",Wet,Pedestrian Collisions,Toronto and East York,Bay Street Corridor (76),76,Intersection,2,0,1,0,1,0,1,1,0,0,0,0,0,1,0,0,0
5001573277,Non-Fatal Injury,"Pedestrian, Automobile",Not Recorded,-8839686.17742395,5415223.25439508,43.674601,-79.408252,2015-09-11 21:39:00,Summer,2015,9,September,Friday,21,21:00 to 21:59,Major Arterial,Non Intersection,No Control,Rain,"Dark, artificial",Wet,Pedestrian Collisions,Toronto and East York,Annex (95),95,Intersection,4,0,1,0,3,0,1,1,2,0,0,0,0,1,0,0,0
5001578731,Non-Fatal Injury,"Pedestrian, Automobile",Aggressive and Distracted Driving Collision,-8828123.75587372,5431390.33044184,43.779551,-79.304385,2015-09-12 19:30:00,Summer,2015,9,September,Saturday,19,19:00 to 19:59,Major Arterial,At Intersection,Traffic Signal,Rain,"Dawn, artificial",Wet,Pedestrian Collisions,Scarborough,Tam O'Shanter-Sullivan (118),118,Intersection,4,0,1,0,3,0,1,1,2,0,0,0,0,1,0,0,0
5001603018,Non-Fatal Injury,Automobile,Aggressive and Distracted Driving Collision,-8840043.73562838,5410013.4620247,43.640741999999996,-79.411464,2015-09-16 17:21:00,Summer,2015,9,September,Wednesday,17,17:00 to 17:59,Minor Arterial,At Intersection,Stop Sign,Clear,Daylight,Dry,Angle,Toronto and East York,Niagara (82),82,Intersection,2,0,1,0,1,0,2,0,0,0,0,0,0,2,0,0,0
5001603828,Non-Fatal Injury,"Pedestrian, Automobile",Not Recorded,-8827686.3815944,5435916.64171684,43.808901,-79.30045600000001,2015-09-16 19:40:00,Summer,2015,9,September,Wednesday,19,19:00 to 19:59,Major Arterial,Intersection Related,No Control,Clear,"Dark, artificial",Dry,Pedestrian Collisions,Scarborough,Milliken (130),130,Intersection,3,0,1,1,1,0,1,2,0,0,0,0,0,1,0,0,0
5001604572,Non-Fatal Injury,"Cyclist, Automobile",Not Recorded,-8851690.20339415,5403918.66081715,43.601107,-79.516086,2015-09-16 22:00:00,Summer,2015,9,September,Wednesday,22,22:00 to 22:59,Collector,Non Intersection,No Control,Clear,"Dark, artificial",Dry,Cyclist Collisions,Etobicoke York,New Toronto (18),18,Intersection,2,0,1,0,1,0,1,0,0,1,0,0,1,1,0,0,0
5001611464,Non-Fatal Injury,"Pedestrian, Automobile",Not Recorded,-8819575.6434952,5437051.26683346,43.816256,-79.22759599999999,2015-09-17 22:10:00,Summer,2015,9,September,Thursday,22,22:00 to 22:59,Minor Arterial,Non Intersection,No Control,Clear,"Dark, artificial",Dry,Pedestrian Collisions,Scarborough,Malvern (132),132,Intersection,2,0,1,0,1,0,1,1,0,0,0,0,0,1,0,0,0
5001612624,Fatal,"Motorcycle, City Vehicle",Not Recorded,-8830552.85848232,5413617.02830589,43.664164,-79.326206,2015-09-18 06:10:00,Summer,2015,9,September,Friday,06,06:00 to 06:59,Minor Arterial,Non Intersection,No Control,Clear,Dark,Dry,Approaching,Toronto and East York,South Riverdale (70),70,Intersection,2,1,0,0,1,0,2,0,0,0,0,0,0,0,1,1,0
5001628551,Fatal,Automobile,Not Recorded,-8824418.26398369,5429596.15144274,43.767913,-79.271098,2015-09-20 20:00:00,Summer,2015,9,September,Sunday,20,20:00 to 20:59,Major Arterial,At Intersection,Traffic Signal,Clear,"Dark, artificial",Dry,Turning Movement,Scarborough,Bendale (127),127,Intersection,11,1,2,3,5,0,5,0,6,0,0,0,0,5,0,0,0
5001640604,Fatal,"Pedestrian, Automobile",Not Recorded,-8834954.76510676,5412257.56392319,43.655328999999995,-79.365749,2015-09-22 17:51:00,Summer,2015,9,September,Tuesday,17,17:00 to 17:59,Major Arterial,Intersection Related,No Control,Clear,Daylight,Dry,Pedestrian Collisions,Toronto and East York,Moss Park (73),73,Intersection,2,1,0,0,1,0,1,1,0,0,0,0,0,1,0,0,0
5001646824,Non-Fatal Injury,Automobile,Aggressive and Distracted Driving Collision,-8818724.60598808,5426162.6241333,43.745635,-79.219951,2015-09-23 17:00:00,Autumn,2015,9,September,Wednesday,17,17:00 to 17:59,Major Arterial,Non Intersection,No Control,Clear,Daylight,Dry,Rear End,Scarborough,Scarborough Village (139),139,Mid-Block,5,0,1,2,2,0,3,0,2,0,0,0,0,3,0,0,0
5001648538,Non-Fatal Injury,Automobile,"Speeding  Related Collision, Aggressive and Distracted Driving Collision",-8817037.89306358,5434138.54640234,43.797373,-79.204799,2015-09-23 23:00:00,Autumn,2015,9,September,Wednesday,23,23:00 to 23:59,Minor Arterial,At Intersection,No Control,Clear,"Dark, artificial",Dry,SMV Other,Scarborough,Malvern (132),132,Intersection,1,0,1,0,0,0,1,0,0,0,0,0,0,1,0,0,0
5001648951,Non-Fatal Injury,Automobile,"Speeding  Related Collision, Aggressive and Distracted Driving Collision",-8849204.32784524,5404265.31164471,43.603362,-79.49375500000001,2015-09-24 01:10:00,Autumn,2015,9,September,Thursday,01,01:00 to 01:59,Major Arterial,Non Intersection,No Control,Clear,"Dark, artificial",Dry,SMV Other,Etobicoke York,Mimico (17),17,Mid-Block,1,0,1,0,0,0,1,0,0,0,0,0,0,1,0,0,0
5001649654,Fatal,"Pedestrian, Automobile",Not Recorded,-8844395.54848196,5409774.57657281,43.639189,-79.45055699999999,2015-09-24 06:36:00,Autumn,2015,9,September,Thursday,06,06:00 to 06:59,Major Arterial,At Intersection,No Control,Clear,"Dark, artificial",Dry,Pedestrian Collisions,Toronto and East York,High Park-Swansea (87),87,Mid-Block,2,1,0,0,1,0,1,1,0,0,0,0,0,1,0,0,0
5001652684,Non-Fatal Injury,"Cyclist, Automobile",Aggressive and Distracted Driving Collision,-8836878.36590767,5410913.0680609,43.64659,-79.38302900000001,2015-09-24 15:20:00,Autumn,2015,9,September,Thursday,15,15:00 to 15:59,Minor Arterial,Non Intersection,Traffic Signal,Clear,Daylight,Dry,Cyclist Collisions,Toronto and East York,Bay Street Corridor (76),76,Intersection,2,0,1,0,1,0,1,0,0,1,0,0,1,1,0,0,0
5001652822,Non-Fatal Injury,"Cyclist, Automobile",Aggressive and Distracted Driving Collision,-8832175.00610216,5411978.30992847,43.653514,-79.340778,2015-09-23 17:15:00,Autumn,2015,9,September,Wednesday,17,17:00 to 17:59,Major Arterial,At Intersection,Stop Sign,Clear,Daylight,Dry,Cyclist Collisions,Toronto and East York,South Riverdale (70),70,Intersection,3,0,1,0,2,0,1,0,1,1,0,0,1,1,0,0,0
5001660531,Non-Fatal Injury,"Pedestrian, Automobile",Aggressive and Distracted Driving Collision,-8845771.45738816,5413220.78571594,43.661589,-79.462917,2015-09-25 19:43:00,Autumn,2015,9,September,Friday,19,19:00 to 19:59,Major Arterial,At Intersection,Traffic Signal,Clear,"Dark, artificial",Dry,Pedestrian Collisions,Toronto and East York,High Park North (88),88,Intersection,3,0,1,0,2,0,1,1,1,0,0,0,0,1,0,0,0
5001660901,Non-Fatal Injury,Automobile,Alcohol  Related Collision,-8838055.56952281,5421739.66879075,43.716925,-79.39360400000001,2015-09-25 20:58:00,Autumn,2015,9,September,Friday,20,20:00 to 20:59,Major Arterial,Non Intersection,No Control,Clear,"Dark, artificial",Dry,SMV Other,North York,Mount Pleasant East (99),99,Intersection,1,0,1,0,0,0,1,0,0,0,0,0,0,1,0,0,0
5001661734,Fatal,Automobile,"Speeding  Related Collision, Red Light Related  Collision, Alcohol  Related Collision, Aggressive and Distracted Driving Collision",-8856763.92314552,5410806.30448847,43.645896,-79.56166400000001,2015-09-26 00:01:00,Autumn,2015,9,September,Saturday,00,00:00 to 00:59,Major Arterial,At Intersection,Traffic Signal,Clear,"Dark, artificial",Dry,Turning Movement,Etobicoke York,Islington-City Centre West (14),14,Intersection,2,1,1,0,0,0,2,0,0,0,0,0,0,2,0,0,0
5001665605,Non-Fatal Injury,"Automobile, Motorcycle",Aggressive and Distracted Driving Collision,-8826022.600485,5417877.97948604,43.691846999999996,-79.28551,2015-09-26 17:18:00,Autumn,2015,9,September,Saturday,17,17:00 to 17:59,Major Arterial,Intersection Related,No Control,Clear,Daylight,Dry,Turning Movement,Scarborough,Oakridge (121),121,Intersection,3,0,1,2,0,0,2,0,1,0,0,0,0,1,1,0,0
5001667907,Non-Fatal Injury,"Cyclist, City Vehicle",Not Recorded,-8845869.08458159,5413536.70125011,43.663641999999996,-79.463794,2015-09-27 00:54:00,Autumn,2015,9,September,Sunday,00,00:00 to 00:59,Major Arterial,Intersection Related,Traffic Signal,Clear,"Dark, artificial",Dry,Cyclist Collisions,Toronto and East York,Junction Area (90),90,Intersection,2,0,1,0,1,0,1,0,0,1,0,0,1,0,0,1,0
5001670080,Non-Fatal Injury,"Cyclist, Automobile",Aggressive and Distracted Driving Collision,-8836078.31272734,5413972.81477485,43.666476,-79.375842,2015-09-27 12:20:00,Autumn,2015,9,September,Sunday,12,12:00 to 12:59,Minor Arterial,At Intersection,Traffic Signal,Clear,Daylight,Dry,Cyclist Collisions,Toronto and East York,Cabbagetown-South St.James Town (71),71,Intersection,2,0,1,0,1,0,1,0,0,1,0,0,1,1,0,0,0
5001670423,Non-Fatal Injury,Automobile,Aggressive and Distracted Driving Collision,-8819321.61241721,5428347.153896799,43.759809999999995,-79.225314,2015-09-24 22:30:00,Autumn,2015,9,September,Thursday,22,22:00 to 22:59,Major Arterial,Intersection Related,Traffic Signal,Clear,"Dark, artificial",Dry,Turning Movement,Scarborough,Woburn (137),137,Intersection,2,0,1,0,1,0,2,0,0,0,0,0,0,2,0,0,0
5001672708,Non-Fatal Injury,"Cyclist, Automobile",Aggressive and Distracted Driving Collision,-8823716.839872198,5418972.81790635,43.698958000000005,-79.264797,2015-09-27 21:36:00,Autumn,2015,9,September,Sunday,21,21:00 to 21:59,Minor Arterial,Non Intersection,No Control,Clear,"Dark, artificial",Dry,Cyclist Collisions,Scarborough,Birchcliffe-Cliffside (122),122,Mid-Block,2,0,1,0,1,0,1,0,0,1,0,0,1,1,0,0,0
5001677716,Non-Fatal Injury,"Pedestrian, Automobile",Not Recorded,-8841386.47132632,5412444.81499281,43.656546,-79.423526,2015-09-28 17:55:00,Autumn,2015,9,September,Monday,17,17:00 to 17:59,Minor Arterial,Non Intersection,No Control,Clear,Daylight,Dry,Pedestrian Collisions,Toronto and East York,Palmerston-Little Italy (80),80,Mid-Block,2,0,1,0,1,0,1,1,0,0,0,0,0,1,0,0,0
5001682517,Non-Fatal Injury,Automobile,Aggressive and Distracted Driving Collision,-8833929.62391604,5412570.52305765,43.657363000000004,-79.35654,2015-09-29 13:25:00,Autumn,2015,9,September,Tuesday,13,13:00 to 13:59,Major Arterial,At Intersection,Traffic Signal,Other,Daylight,Other,Turning Movement,Toronto and East York,Moss Park (73),73,Intersection,3,0,2,0,1,0,2,0,1,0,0,0,0,2,0,0,0
5001684106,Non-Fatal Injury,"Cyclist, Automobile",Aggressive and Distracted Driving Collision,-8820054.65126408,5432060.8861752,43.7839,-79.231899,2015-09-29 15:20:00,Autumn,2015,9,September,Tuesday,15,15:00 to 15:59,Minor Arterial,At Intersection,Traffic Signal,Rain,Daylight,Wet,Cyclist Collisions,Scarborough,Woburn (137),137,Intersection,2,0,1,0,1,0,1,0,0,1,0,0,1,1,0,0,0
5001686563,Non-Fatal Injury,"Automobile, Motorcycle",Not Recorded,-8840941.41600213,5411370.28855111,43.649562,-79.419528,2015-09-30 07:33:00,Autumn,2015,9,September,Wednesday,07,07:00 to 07:59,Major Arterial,Non Intersection,No Control,Clear,Daylight,Dry,Sideswipe,Toronto and East York,Trinity-Bellwoods (81),81,Intersection,2,0,1,0,1,0,2,0,0,0,0,0,0,1,1,0,0
5001691895,Fatal,"Automobile, Motorcycle","Speeding  Related Collision, Aggressive and Distracted Driving Collision",-8846722.68243699,5423690.53002762,43.72959,-79.471462,2015-09-30 23:55:00,Autumn,2015,9,September,Wednesday,23,23:00 to 23:59,Major Arterial,At Intersection,No Control,Clear,"Dark, artificial",Dry,Turning Movement,North York,Downsview-Roding-CFB (26),26,Intersection,3,1,0,1,1,0,2,0,1,0,0,0,0,1,1,0,0
5001696184,Non-Fatal Injury,"Pedestrian, Automobile",Aggressive and Distracted Driving Collision,-8847735.801122699,5412073.85538673,43.654135,-79.480563,2015-10-01 17:02:00,Autumn,2015,10,October,Thursday,17,17:00 to 17:59,Collector,At Intersection,Stop Sign,Clear,Daylight,Dry,Pedestrian Collisions,Toronto and East York,Runnymede-Bloor West Village (89),89,Intersection,2,0,1,0,1,0,1,1,0,0,0,0,0,1,0,0,0
5001705355,Fatal,Automobile,"Speeding  Related Collision, Aggressive and Distracted Driving Collision",-8854436.78919049,5411544.5982812,43.650695,-79.540759,2015-10-03 03:51:00,Autumn,2015,10,October,Saturday,03,03:00 to 03:59,Major Arterial,Non Intersection,No Control,Clear,Dark,Dry,SMV Other,Etobicoke York,Islington-City Centre West (14),14,Intersection,2,1,1,0,0,0,1,0,1,0,0,0,0,1,0,0,0
5001711803,Non-Fatal Injury,"Cyclist, Automobile",Not Recorded,-8852324.61317218,5413586.55934044,43.663965999999995,-79.521785,2015-10-04 09:10:00,Autumn,2015,10,October,Sunday,09,09:00 to 09:59,Collector,At Intersection,Stop Sign,Clear,Daylight,Dry,Cyclist Collisions,Etobicoke York,Edenbridge-Humber Valley (9),9,Intersection,2,0,1,0,1,0,1,0,0,1,0,0,1,1,0,0,0
5001713235,Non-Fatal Injury,"Cyclist, Automobile","Speeding  Related Collision, Aggressive and Distracted Driving Collision",-8839763.43315056,5412393.27056471,43.656211,-79.408946,2015-10-04 14:53:00,Autumn,2015,10,October,Sunday,14,14:00 to 14:59,Major Arterial,At Intersection,Stop Sign,Clear,"Dark, artificial",Dry,Cyclist Collisions,Toronto and East York,Trinity-Bellwoods (81),81,Intersection,2,0,1,0,1,0,1,0,0,1,0,0,1,1,0,0,0
5001722553,Fatal,"Automobile, City Vehicle",Not Recorded,-8816600.51878426,5435339.43263774,43.805159,-79.20087,2015-10-06 06:21:00,Autumn,2015,10,October,Tuesday,06,06:00 to 06:59,Major Arterial,Non Intersection,No Control,Clear,"Dawn, artificial",Dry,Rear End,Scarborough,Rouge (131),131,Mid-Block,2,1,0,1,0,0,2,0,0,0,0,0,0,1,0,1,0
5001722959,Non-Fatal Injury,"Pedestrian, Automobile",Aggressive and Distracted Driving Collision,-8837410.027795698,5419152.50636531,43.700125,-79.387805,2015-10-06 07:53:00,Autumn,2015,10,October,Tuesday,07,07:00 to 07:59,Minor Arterial,Intersection Related,No Control,Clear,Daylight,Dry,Pedestrian Collisions,Toronto and East York,Mount Pleasant West (104),104,Mid-Block,2,0,1,0,1,0,1,1,0,0,0,0,0,1,0,0,0
5001723026,Non-Fatal Injury,"Pedestrian, Automobile",Aggressive and Distracted Driving Collision,-8830162.12706964,5416228.49974313,43.681132,-79.322696,2015-10-06 08:10:00,Autumn,2015,10,October,Tuesday,08,08:00 to 08:59,Minor Arterial,Intersection Related,Pedestrian Crossover,Clear,Daylight,Dry,Pedestrian Collisions,Toronto and East York,Woodbine Corridor (64),64,Intersection,2,0,1,0,1,0,1,1,0,0,0,0,0,1,0,0,0
5001723055,Non-Fatal Injury,"Cyclist, Automobile",Not Recorded,-8840685.82645127,5410049.30306628,43.640975,-79.417232,2015-10-06 08:13:00,Autumn,2015,10,October,Tuesday,08,08:00 to 08:59,Major Arterial,Non Intersection,Traffic Signal,Clear,Daylight,Dry,Cyclist Collisions,Toronto and East York,Niagara (82),82,Intersection,2,0,1,0,1,0,1,0,0,1,0,0,1,1,0,0,0
5001724104,Non-Fatal Injury,Automobile,"Aggressive and Distracted Driving Collision, Medical or Physical Disability Related Collision",-8853476.32462393,5418336.77657713,43.694827000000004,-79.532131,2015-10-06 11:07:00,Autumn,2015,10,October,Tuesday,11,11:00 to 11:59,Minor Arterial,Non Intersection,No Control,Clear,Daylight,Dry,SMV Other,Etobicoke York,Humber Heights-Westmount (8),8,Mid-Block,1,0,1,0,0,0,1,0,0,0,0,0,0,1,0,0,0
5001734070,Non-Fatal Injury,Automobile,Not Recorded,-8861315.3318461,5428073.73186141,43.758036,-79.60255,2015-10-07 22:50:00,Autumn,2015,10,October,Wednesday,22,22:00 to 22:59,Major Arterial,Intersection Related,No Control,Clear,"Dark, artificial",Dry,SMV Other,Etobicoke York,Mount Olive-Silverstone-Jamestown (2),2,Mid-Block,4,0,1,2,1,0,3,0,1,0,0,0,0,3,0,0,0
5001740132,Non-Fatal Injury,"Pedestrian, City Vehicle","Speeding  Related Collision, Aggressive and Distracted Driving Collision",-8842316.43435241,5419076.7503932,43.699633,-79.43188,2015-10-08 22:27:00,Autumn,2015,10,October,Thursday,22,22:00 to 22:59,Major Arterial,Intersection Related,No Control,Rain,"Dark, artificial",Wet,Pedestrian Collisions,North York,Humewood-Cedarvale (106),106,Intersection,2,0,1,0,1,0,1,1,0,0,0,0,0,0,0,1,0
5001740465,Non-Fatal Injury,"Pedestrian, Automobile","Speeding  Related Collision, Aggressive and Distracted Driving Collision",-8829778.29746538,5425464.30019253,43.741103,-79.319248,2015-10-09 00:15:00,Autumn,2015,10,October,Friday,00,00:00 to 00:59,Major Arterial,At/Near Private Drive,No Control,Rain,"Dark, artificial",Wet,Pedestrian Collisions,North York,Victoria Village (43),43,Intersection,7,0,1,4,2,0,3,1,3,0,0,0,0,3,0,0,0
5001750958,Fatal,"Pedestrian, Automobile","Speeding  Related Collision, Aggressive and Distracted Driving Collision",-8854507.36574765,5416856.85289748,43.685214,-79.541393,2015-10-10 19:19:00,Autumn,2015,10,October,Saturday,19,19:00 to 19:59,Major Arterial,<Null>,No Control,Clear,Dark,Dry,Pedestrian Collisions,Etobicoke York,Willowridge-Martingrove-Richview (7),7,Intersection,3,1,0,0,2,0,2,1,0,0,0,0,0,2,0,0,0
5001754996,Non-Fatal Injury,Automobile,Not Recorded,-8840927.05578782,5424120.65299297,43.732382,-79.419399,2015-10-11 14:45:00,Autumn,2015,10,October,Sunday,14,14:00 to 14:59,Major Arterial,Non Intersection,No Control,Clear,Daylight,Dry,Turning Movement,North York,Bedford Park-Nortown (39),39,Intersection,3,0,1,2,0,0,2,0,1,0,0,0,0,2,0,0,0
5001756961,Non-Fatal Injury,Automobile,Medical or Physical Disability Related Collision,-8836536.94902941,5412060.9313056,43.654051,-79.379962,2015-10-11 22:17:00,Autumn,2015,10,October,Sunday,22,22:00 to 22:59,Major Arterial,At Intersection,Traffic Signal,Clear,"Dark, artificial",Dry,Approaching,Toronto and East York,Church-Yonge Corridor (75),75,Intersection,9,0,2,5,2,0,3,0,6,0,0,0,0,3,0,0,0
5001757251,Non-Fatal Injury,Automobile,Not Recorded,-8817126.16941978,5428989.2805855,43.763976,-79.20559200000001,2015-10-11 23:40:00,Autumn,2015,10,October,Sunday,23,23:00 to 23:59,Major Arterial,At Intersection,Traffic Signal,Clear,Dark,Dry,Turning Movement,Scarborough,Woburn (137),137,Intersection,4,0,1,1,2,0,2,0,2,0,0,0,0,2,0,0,0
5001759901,Non-Fatal Injury,Automobile,"Aggressive and Distracted Driving Collision, Medical or Physical Disability Related Collision",-8839739.72209902,5409042.42266541,43.634429,-79.408733,2015-10-12 14:40:00,Autumn,2015,10,October,Monday,14,14:00 to 14:59,Major Arterial,At Intersection,Traffic Signal,Clear,Daylight,Dry,Turning Movement,Toronto and East York,Niagara (82),82,Intersection,3,0,1,2,0,0,2,0,1,0,0,0,0,2,0,0,0
5001760771,Non-Fatal Injury,"Automobile, Motorcycle",Aggressive and Distracted Driving Collision,-8856930.34578426,5415202.78429748,43.674468,-79.563159,2015-10-12 18:30:00,Autumn,2015,10,October,Monday,18,18:00 to 18:59,Major Arterial,At Intersection,Traffic Signal,Clear,"Dark, artificial",Dry,Turning Movement,Etobicoke York,Willowridge-Martingrove-Richview (7),7,Intersection,6,0,1,0,5,0,2,0,4,0,0,0,0,1,1,0,0
5001769257,Non-Fatal Injury,"Cyclist, Automobile",Not Recorded,-8836801.11018106,5414691.9700120995,43.671149,-79.382335,2015-10-14 07:38:00,Autumn,2015,10,October,Wednesday,07,07:00 to 07:59,Major Arterial,Intersection Related,No Control,Clear,Daylight,Dry,Cyclist Collisions,Toronto and East York,Church-Yonge Corridor (75),75,Intersection,2,0,1,0,1,0,1,0,0,1,0,0,1,1,0,0,0
5001784292,Non-Fatal Injury,"Pedestrian, Automobile",Not Recorded,-8837374.40555864,5410978.1421402,43.647013,-79.387485,2015-10-16 16:27:00,Autumn,2015,10,October,Friday,16,16:00 to 16:59,Major Arterial,Non Intersection,No Control,Clear,Daylight,Dry,Pedestrian Collisions,Toronto and East York,Waterfront Communities-The Island (77),77,Mid-Block,2,0,1,0,1,0,1,1,0,0,0,0,0,1,0,0,0
5001785499,Non-Fatal Injury,Automobile,Not Recorded,-8837504.3154044,5429820.75157156,43.76937,-79.38865200000001,2015-10-16 20:09:00,Autumn,2015,10,October,Friday,20,20:00 to 20:59,Major Arterial,Non Intersection,No Control,Clear,"Dark, artificial",Dry,Approaching,North York,Bayview Village (52),52,Intersection,4,0,4,0,0,0,2,0,2,0,0,0,0,2,0,0,0
5001792532,Non-Fatal Injury,Automobile,"Speeding  Related Collision, Aggressive and Distracted Driving Collision",-8854077.561193699,5402753.51734515,43.593527,-79.537532,2015-10-18 01:45:00,Autumn,2015,10,October,Sunday,01,01:00 to 01:59,Major Arterial,Non Intersection,No Control,Clear,"Dark, artificial",Dry,SMV Other,Etobicoke York,Long Branch (19),19,Mid-Block,1,0,1,0,0,0,1,0,0,0,0,0,0,1,0,0,0
5001798933,Non-Fatal Injury,"Pedestrian, Automobile",Aggressive and Distracted Driving Collision,-8852404.42924708,5427812.18522321,43.756339000000004,-79.522502,2015-10-19 08:45:00,Autumn,2015,10,October,Monday,08,08:00 to 08:59,Major Arterial,At Intersection,No Control,Clear,Daylight,Dry,Pedestrian Collisions,Etobicoke York,Black Creek (24),24,Intersection,2,0,1,0,1,0,1,1,0,0,0,0,0,1,0,0,0
5001804887,Non-Fatal Injury,"Pedestrian, Automobile",Not Recorded,-8843426.512314599,5414228.12155503,43.668135,-79.441852,2015-10-20 09:23:00,Autumn,2015,10,October,Tuesday,09,09:00 to 09:59,Major Arterial,Non Intersection,No Control,Clear,Daylight,Dry,Pedestrian Collisions,Toronto and East York,Dovercourt-Wallace Emerson-Junction (93),93,Mid-Block,4,0,1,0,3,0,2,1,1,0,0,0,0,2,0,0,0
5001806026,Non-Fatal Injury,"Cyclist, Automobile",Not Recorded,-8841529.18291352,5410361.41826963,43.643004,-79.424808,2015-10-20 12:50:00,Autumn,2015,10,October,Tuesday,12,12:00 to 12:59,Major Arterial,Non Intersection,No Control,Clear,Daylight,Dry,Cyclist Collisions,Toronto and East York,Little Portugal (84),84,Intersection,3,0,1,0,2,0,1,0,1,1,0,0,1,1,0,0,0
5001812233,Non-Fatal Injury,Automobile,Aggressive and Distracted Driving Collision,-8848003.41317857,5423805.14536246,43.730334,-79.482967,2015-10-21 13:27:00,Autumn,2015,10,October,Wednesday,13,13:00 to 13:59,Major Arterial,Intersection Related,Traffic Signal,Clear,Daylight,Dry,SMV Other,North York,Downsview-Roding-CFB (26),26,Intersection,1,0,1,0,0,0,1,0,0,0,0,0,0,1,0,0,0
5001817289,Non-Fatal Injury,"Pedestrian, Automobile",Not Recorded,-8831150.75546737,5432815.53171881,43.788794,-79.331577,2015-10-22 09:45:00,Autumn,2015,10,October,Thursday,09,09:00 to 09:59,Collector,Intersection Related,Stop Sign,Clear,Daylight,Dry,Pedestrian Collisions,North York,Pleasant View (46),46,Intersection,2,0,1,0,1,0,1,1,0,0,0,0,0,1,0,0,0
5001821227,Non-Fatal Injury,"Cyclist, Automobile",Not Recorded,-8838990.65324547,5410237.58618578,43.642199,-79.402004,2015-10-22 21:30:00,Autumn,2015,10,October,Thursday,21,21:00 to 21:59,Major Arterial,At/Near Private Drive,Traffic Signal,Clear,"Dark, artificial",Dry,Cyclist Collisions,Toronto and East York,Waterfront Communities-The Island (77),77,Intersection,2,0,1,0,1,0,1,0,0,1,0,0,1,1,0,0,0
5001824991,Fatal,"Pedestrian, Automobile",Not Recorded,-8846872.07319363,5416808.0547102,43.684897,-79.47280400000001,2015-10-23 14:37:00,Autumn,2015,10,October,Friday,14,14:00 to 14:59,Major Arterial,Intersection Related,Traffic Signal,Clear,Daylight,Dry,Pedestrian Collisions,Etobicoke York,Keelesdale-Eglinton West (110),110,Intersection,2,1,0,0,1,0,1,1,0,0,0,0,0,1,0,0,0
5001826215,Non-Fatal Injury,"Pedestrian, Automobile",Not Recorded,-8849005.51123469,5413844.77931151,43.665644,-79.491969,2015-10-23 18:41:00,Autumn,2015,10,October,Friday,18,18:00 to 18:59,Major Arterial,Non Intersection,No Control,Clear,"Dark, artificial",Dry,Pedestrian Collisions,Toronto and East York,Runnymede-Bloor West Village (89),89,Mid-Block,4,0,1,0,3,0,1,1,2,0,0,0,0,1,0,0,0
5001826352,Non-Fatal Injury,"Pedestrian, Automobile",Not Recorded,-8817743.65863521,5437051.88393477,43.81626,-79.211139,2015-10-23 19:09:00,Autumn,2015,10,October,Friday,19,19:00 to 19:59,Minor Arterial,At Intersection,Traffic Signal,Clear,"Dark, artificial",Dry,Pedestrian Collisions,Scarborough,Rouge (131),131,Intersection,2,0,1,0,1,0,1,1,0,0,0,0,0,1,0,0,0
5001830640,Non-Fatal Injury,Automobile,Not Recorded,-8831712.13965944,5419253.51529514,43.700781,-79.33662,2015-10-24 14:50:00,Autumn,2015,10,October,Saturday,14,14:00 to 14:59,<Null>,Non Intersection,No Control,Rain,Daylight,Wet,Approaching,Toronto and East York,Old East York (58),58,Mid-Block,6,0,2,3,1,0,2,0,4,0,0,0,0,2,0,0,0