ACCNUM,ACCLASS,INVOLVED,MOTIVE,X,Y,LATITUDE,LONGITUDE,DATE_TIME,SEASON,YEAR,MONTH,MONTH_NAME,DAY_NAME,HOUR,HOUR_INTERVAL,ROAD_CLASS,ACCLOC,TRAFFCTL,VISIBILITY,LIGHT,RDSFCOND,IMPACTYPE,DISTRICT,NEIGHBOURHOOD,HOOD_ID,LOCCOORD,PEOPLE_COUNT,FATAL_INJURY_COUNT,MAJOR_INJURY_COUNT,MINOR_INJURY_COUNT,NO_INJURY_COUNT,NULL_INJURY_COUNT,DRIVERS_COUNT,PEDESTRIAN_COUNT,PASSENGER_COUNT,CYCLIST_COUNT,OTHER_INVTYPE_COUNT,NULL_INVTYPE_COUNT,PEOPLE_VEH_COUNT,AUTOMOBILE_VEH_COUNT,RECREATIONAL_VEH_COUNT,OTHER_VEH_COUNT,NULL_VEH_COUNT
7000337302,Fatal,"Pedestrian, Automobile",Aggressive and Distracted Driving Collision,-8836627.00649746,5411410.13488087,43.649821,-79.380771,2017-02-23 10:22:00,Winter,2017,2,February,Thursday,10,10:00 to 10:59,Major Arterial,At Intersection,Traffic Signal,Clear,"Daylight, artificial",Dry,Pedestrian Collisions,Toronto and East York,Bay Street Corridor (76),76,Intersection,2,1,0,0,1,0,1,1,0,0,0,0,0,1,0,0,0
7000337987,Non-Fatal Injury,"Pedestrian, Automobile",Not Recorded,-8840280.73482428,5430254.7062335,43.772185,-79.413593,2017-02-23 12:00:00,Winter,2017,2,February,Thursday,12,12:00 to 12:59,Major Arterial,At Intersection,Stop Sign,Clear,Daylight,Dry,Pedestrian Collisions,North York,Willowdale East (51),51,Intersection,2,0,1,0,1,0,1,1,0,0,0,0,0,1,0,0,0
7000342920,Non-Fatal Injury,"Pedestrian, Automobile",Aggressive and Distracted Driving Collision,-8842774.29141804,5409453.7137507005,43.637103,-79.43599300000001,2017-02-24 06:15:00,Winter,2017,2,February,Friday,06,06:00 to 06:59,Major Arterial,At Intersection,Traffic Signal,Rain,Dawn,Wet,Pedestrian Collisions,Toronto and East York,South Parkdale (85),85,Intersection,2,0,1,0,1,0,1,1,0,0,0,0,0,1,0,0,0
7000346961,Non-Fatal Injury,"Pedestrian, Automobile",Not Recorded,-8843350.92638035,5418121.2314802,43.693427,-79.44117299999999,2017-02-24 18:18:00,Winter,2017,2,February,Friday,18,18:00 to 18:59,Minor Arterial,At Intersection,No Control,Clear,"Dark, artificial",Dry,Pedestrian Collisions,Toronto and East York,Oakwood Village (107),107,Intersection,2,0,1,0,1,0,1,1,0,0,0,0,0,1,0,0,0
7000355242,Non-Fatal Injury,Automobile,"Speeding  Related Collision, Alcohol  Related Collision, Aggressive and Distracted Driving Collision",-8821852.57235988,5424774.19481734,43.736624,-79.24805,2017-02-26 03:00:00,Winter,2017,2,February,Sunday,03,03:00 to 03:59,Major Arterial,Intersection Related,No Control,Clear,"Dark, artificial",Dry,Rear End,Scarborough,Eglinton East (138),138,Mid-Block,5,0,2,2,1,0,2,0,3,0,0,0,0,2,0,0,0
7000366630,Non-Fatal Injury,"Cyclist, Automobile",Not Recorded,-8838604.15197344,5412838.71623742,43.659106,-79.39853199999999,2017-02-26 23:11:00,Winter,2017,2,February,Sunday,23,23:00 to 23:59,Local,Non Intersection,No Control,Clear,"Dark, artificial",Dry,Cyclist Collisions,Toronto and East York,University (79),79,Mid-Block,3,0,1,0,2,0,1,0,1,1,0,0,1,1,0,0,0
7000372559,Non-Fatal Injury,"Pedestrian, Automobile",Not Recorded,-8827792.58038861,5422943.10042064,43.724738,-79.30141,2017-02-23 20:20:00,Winter,2017,2,February,Thursday,20,20:00 to 20:59,Major Arterial,Non Intersection,No Control,Clear,"Dark, artificial",Dry,Pedestrian Collisions,Scarborough,Clairlea-Birchmount (120),120,Mid-Block,2,0,1,0,1,0,1,1,0,0,0,0,0,1,0,0,0
7000372975,Non-Fatal Injury,"Pedestrian, Automobile",Aggressive and Distracted Driving Collision,-8828417.63932942,5438187.2660667,43.823619,-79.307025,2017-02-28 21:22:00,Winter,2017,2,February,Tuesday,21,21:00 to 21:59,Major Arterial,At Intersection,Traffic Signal,Rain,"Dark, artificial",Wet,Pedestrian Collisions,Scarborough,Milliken (130),130,Intersection,2,0,1,0,1,0,1,1,0,0,0,0,0,1,0,0,0
7000395986,Fatal,"Pedestrian, Automobile","Red Light Related  Collision, Aggressive and Distracted Driving Collision",-8850972.52663701,5425232.71855464,43.7396,-79.509639,2017-03-04 10:01:00,Winter,2017,3,March,Saturday,10,10:00 to 10:59,Major Arterial,At Intersection,Traffic Signal,Clear,Daylight,Dry,Pedestrian Collisions,Etobicoke York,Glenfield-Jane Heights (25),25,Intersection,3,1,0,1,1,0,1,2,0,0,0,0,0,1,0,0,0
7000396718,Fatal,"Pedestrian, Automobile",Not Recorded,-8862368.414229,5422279.67642421,43.720431,-79.61201,2017-03-04 12:49:00,Winter,2017,3,March,Saturday,12,12:00 to 12:59,Major Arterial,Non Intersection,No Control,Clear,Daylight,Dry,Pedestrian Collisions,Etobicoke York,West Humber-Clairville (1),1,Mid-Block,2,1,0,0,1,0,1,1,0,0,0,0,0,1,0,0,0
7000416403,Fatal,Automobile,"Speeding  Related Collision, Aggressive and Distracted Driving Collision",-8846754.0745334,5411753.98969193,43.652056,-79.471744,2017-03-07 15:38:00,Winter,2017,3,March,Tuesday,15,15:00 to 15:59,Major Arterial,Intersection Related,No Control,Clear,Daylight,Dry,Approaching,Toronto and East York,High Park-Swansea (87),87,Intersection,5,1,0,0,4,0,3,0,2,0,0,0,0,3,0,0,0
7000419004,Non-Fatal Injury,Automobile,Alcohol  Related Collision,-8838259.39551045,5418006.68670484,43.692683,-79.39543499999999,2017-03-08 00:36:00,Winter,2017,3,March,Wednesday,00,00:00 to 00:59,Major Arterial,Non Intersection,No Control,Clear,"Dark, artificial",Dry,SMV Other,Toronto and East York,Mount Pleasant East (99),99,Mid-Block,1,0,1,0,0,0,1,0,0,0,0,0,0,1,0,0,0
7000432401,Non-Fatal Injury,Automobile,"Speeding  Related Collision, Aggressive and Distracted Driving Collision",-8838769.79537574,5412659.61218327,43.657942,-79.40002,2017-03-10 02:04:00,Winter,2017,3,March,Friday,02,02:00 to 02:59,Major Arterial,Non Intersection,No Control,Clear,"Dark, artificial",Dry,Rear End,Toronto and East York,University (79),79,Mid-Block,2,0,1,1,0,0,1,0,1,0,0,0,0,1,0,0,0
7000433628,Non-Fatal Injury,Automobile,Medical or Physical Disability Related Collision,-8810551.75161302,5431040.9638664005,43.777285,-79.14653299999999,2017-03-10 08:46:00,Winter,2017,3,March,Friday,08,08:00 to 08:59,Minor Arterial,At Intersection,Traffic Signal,Clear,Daylight,Dry,Rear End,Scarborough,Centennial Scarborough (133),133,Intersection,4,0,1,2,1,0,2,0,2,0,0,0,0,2,0,0,0
7000451642,Non-Fatal Injury,"Cyclist, Automobile",Not Recorded,-8824776.71274404,5436505.76544779,43.81272,-79.27431800000001,2017-03-13 10:06:00,Winter,2017,3,March,Monday,10,10:00 to 10:59,Collector,At Intersection,Stop Sign,Clear,Daylight,Dry,Cyclist Collisions,Scarborough,Agincourt North (129),129,Intersection,2,0,1,0,1,0,1,0,0,1,0,0,1,1,0,0,0
7000452997,Non-Fatal Injury,Automobile,"Speeding  Related Collision, Aggressive and Distracted Driving Collision",-8846492.47373003,5422599.29080754,43.722506,-79.469394,2017-03-13 14:05:00,Winter,2017,3,March,Monday,14,14:00 to 14:59,Minor Arterial,Non Intersection,No Control,Snow,Daylight,Wet,Rear End,North York,Yorkdale-Glen Park (31),31,Mid-Block,2,0,1,0,1,0,2,0,0,0,0,0,0,2,0,0,0
7000466331,Non-Fatal Injury,Automobile,"Red Light Related  Collision, Aggressive and Distracted Driving Collision",-8824666.28380917,5434286.91354668,43.798334999999994,-79.273326,2017-03-15 16:58:00,Winter,2017,3,March,Wednesday,16,16:00 to 16:59,Major Arterial,At Intersection,Traffic Signal,Clear,Daylight,Dry,Angle,Scarborough,Agincourt North (129),129,Intersection,4,0,1,2,1,0,3,0,1,0,0,0,0,3,0,0,0
7000485980,Fatal,"Pedestrian, Automobile",Not Recorded,-8836418.05981324,5414151.3287194,43.667636,-79.37889399999999,2017-03-18 19:32:00,Winter,2017,3,March,Saturday,19,19:00 to 19:59,Major Arterial,Intersection Related,No Control,Rain,"Dark, artificial",Wet,Pedestrian Collisions,Toronto and East York,North St.James Town (74),74,Mid-Block,2,1,0,0,1,0,1,1,0,0,0,0,0,1,0,0,0
7000487672,Non-Fatal Injury,Automobile,"Speeding  Related Collision, Alcohol  Related Collision, Aggressive and Distracted Driving Collision",-8859317.70358381,5426602.262504701,43.748488,-79.58460500000001,2017-03-19 01:55:00,Winter,2017,3,March,Sunday,01,01:00 to 01:59,Major Arterial,At/Near Private Drive,No Control,Snow,"Dark, artificial",Wet,SMV Other,Etobicoke York,Mount Olive-Silverstone-Jamestown (2),2,Mid-Block,1,0,1,0,0,0,1,0,0,0,0,0,0,1,0,0,0
7000487878,Fatal,Automobile,"Speeding  Related Collision, Aggressive and Distracted Driving Collision",-8838516.65485367,5426079.7223652,43.745096999999994,-79.397746,2017-03-19 02:55:00,Winter,2017,3,March,Sunday,02,02:00 to 02:59,Major Arterial,Non Intersection,No Control,Clear,"Dark, artificial",Wet,SMV Other,North York,Bridle Path-Sunnybrook-York Mills (41),41,Mid-Block,2,1,0,1,0,0,2,0,0,0,0,0,0,2,0,0,0
7000501083,Non-Fatal Injury,"Cyclist, Automobile",Not Recorded,-8832858.61909512,5411563.82947666,43.65082,-79.346919,2017-03-21 08:45:00,Spring,2017,3,March,Tuesday,08,08:00 to 08:59,Major Arterial,At Intersection,Traffic Signal,Clear,Daylight,Dry,Cyclist Collisions,Toronto and East York,South Riverdale (70),70,Intersection,2,0,1,0,1,0,1,0,0,1,0,0,1,1,0,0,0
7000501226,Non-Fatal Injury,"Pedestrian, Automobile",Aggressive and Distracted Driving Collision,-8821852.57235988,5424774.19481734,43.736624,-79.24805,2017-03-21 09:05:00,Spring,2017,3,March,Tuesday,09,09:00 to 09:59,Major Arterial,At Intersection,Traffic Signal,Clear,Daylight,Dry,Pedestrian Collisions,Scarborough,Eglinton East (138),138,Intersection,2,0,1,0,1,0,1,1,0,0,0,0,0,1,0,0,0
7000503905,Non-Fatal Injury,"Pedestrian, Automobile",Aggressive and Distracted Driving Collision,-8829766.38627987,5429432.59912919,43.766852,-79.319141,2017-03-21 16:06:00,Spring,2017,3,March,Tuesday,16,16:00 to 16:59,Major Arterial,At Intersection,Traffic Signal,Clear,Daylight,Dry,Pedestrian Collisions,North York,Wexford/Maryvale (119),119,Intersection,2,0,1,0,1,0,1,1,0,0,0,0,0,1,0,0,0
7000510048,Non-Fatal Injury,"Pedestrian, Automobile",Not Recorded,-8832531.67375066,5414620.86764212,43.670687,-79.343982,2017-03-22 14:40:00,Spring,2017,3,March,Wednesday,14,14:00 to 14:59,Minor Arterial,At Intersection,No Control,Clear,Daylight,Dry,Pedestrian Collisions,Toronto and East York,North Riverdale (68),68,Intersection,2,0,1,0,1,0,1,1,0,0,0,0,0,0,0,1,0
7000513794,Non-Fatal Injury,Automobile,Aggressive and Distracted Driving Collision,-8861210.80284425,5427748.68768875,43.755927,-79.601611,2017-03-23 06:53:00,Spring,2017,3,March,Thursday,06,06:00 to 06:59,Minor Arterial,At Intersection,Stop Sign,Clear,Dawn,Dry,Turning Movement,Etobicoke York,Mount Olive-Silverstone-Jamestown (2),2,Intersection,2,0,1,1,0,0,2,0,0,0,0,0,0,2,0,0,0
7000525658,Non-Fatal Injury,"Cyclist, Automobile",Not Recorded,-8840133.79309643,5431522.15578083,43.780406,-79.412273,2017-03-24 22:13:00,Spring,2017,3,March,Friday,22,22:00 to 22:59,Major Arterial,At Intersection,Traffic Signal,Rain,"Dark, artificial",Wet,Cyclist Collisions,North York,Willowdale East (51),51,Intersection,2,0,1,0,1,0,1,0,0,1,0,0,1,1,0,0,0
7000532785,Non-Fatal Injury,"Pedestrian, Automobile",Not Recorded,-8851697.88443901,5419146.65527214,43.700086999999996,-79.516155,2017-03-26 02:54:00,Spring,2017,3,March,Sunday,02,02:00 to 02:59,Major Arterial,At Intersection,Traffic Signal,Rain,"Dark, artificial",Wet,Pedestrian Collisions,Etobicoke York,Weston (113),113,Intersection,2,0,1,0,1,0,1,1,0,0,0,0,0,1,0,0,0
7000534714,Non-Fatal Injury,Automobile,"Red Light Related  Collision, Aggressive and Distracted Driving Collision",-8820395.17758642,5430791.666686401,43.775667999999996,-79.23495799999999,2017-03-26 13:10:00,Spring,2017,3,March,Sunday,13,13:00 to 13:59,Major Arterial,At Intersection,Traffic Signal,Clear,Daylight,Wet,Turning Movement,Scarborough,Woburn (137),137,Intersection,8,0,1,4,3,0,2,0,6,0,0,0,0,2,0,0,0
7000539360,Non-Fatal Injury,City Vehicle,Not Recorded,-8840488.79095257,5419602.4357414,43.703047,-79.415462,2017-03-27 08:55:00,Spring,2017,3,March,Monday,08,08:00 to 08:59,Major Arterial,Non Intersection,Traffic Controller,Clear,Daylight,Wet,Other,North York,Forest Hill South (101),101,Intersection,2,0,1,1,0,0,1,0,1,0,0,0,0,0,0,1,0
7000545198,Non-Fatal Injury,"Pedestrian, Automobile",Aggressive and Distracted Driving Collision,-8829300.06893294,5433722.14409991,43.794672999999996,-79.314952,2017-03-28 06:00:00,Spring,2017,3,March,Tuesday,06,06:00 to 06:59,Major Arterial,Non Intersection,Pedestrian Crossover,Clear,Dark,Dry,Pedestrian Collisions,Scarborough,L'Amoreaux (117),117,Mid-Block,2,0,1,0,1,0,1,1,0,0,0,0,0,1,0,0,0
7000557720,Non-Fatal Injury,Automobile,"Speeding  Related Collision, Red Light Related  Collision, Aggressive and Distracted Driving Collision",-8818262.63010129,5428650.64027104,43.761779,-79.215801,2017-03-30 00:15:00,Spring,2017,3,March,Thursday,00,00:00 to 00:59,Major Arterial,At Intersection,Traffic Signal,Clear,"Dark, artificial",Dry,Angle,Scarborough,Woburn (137),137,Intersection,3,0,1,1,1,0,2,0,1,0,0,0,0,2,0,0,0
7000566327,Non-Fatal Injury,Automobile,"Red Light Related  Collision, Aggressive and Distracted Driving Collision",-8827419.77141395,5437613.3089743,43.819899,-79.298061,2017-03-31 10:50:00,Spring,2017,3,March,Friday,10,10:00 to 10:59,Collector,At Intersection,Traffic Signal,Clear,Daylight,Dry,Turning Movement,Scarborough,Milliken (130),130,Intersection,2,0,1,1,0,0,2,0,0,0,0,0,0,2,0,0,0
7000570934,Non-Fatal Injury,"Pedestrian, Automobile",Not Recorded,-8843243.9483497,5412735.93101205,43.658438000000004,-79.440212,2017-04-01 02:08:00,Spring,2017,4,April,Saturday,02,02:00 to 02:59,Local,Non Intersection,No Control,Clear,"Dark, artificial",Wet,Pedestrian Collisions,Toronto and East York,Dufferin Grove (83),83,Mid-Block,2,0,1,0,1,0,1,1,0,0,0,0,0,1,0,0,0
7000576786,Non-Fatal Injury,Automobile,"Speeding  Related Collision, Aggressive and Distracted Driving Collision",-8859118.21905631,5421844.86460514,43.717608,-79.582813,2017-04-02 00:04:00,Spring,2017,4,April,Sunday,00,00:00 to 00:59,Major Arterial,Non Intersection,No Control,Clear,"Dark, artificial",Dry,SMV Other,Etobicoke York,West Humber-Clairville (1),1,Mid-Block,1,0,1,0,0,0,1,0,0,0,0,0,0,1,0,0,0
7000578380,Non-Fatal Injury,"Pedestrian, Automobile",Aggressive and Distracted Driving Collision,-8831689.98708078,5437133.03311666,43.816786,-79.336421,2017-04-02 09:05:00,Spring,2017,4,April,Sunday,09,09:00 to 09:59,Major Arterial,At Intersection,Traffic Signal,Clear,Daylight,Dry,Pedestrian Collisions,Scarborough,Steeles (116),116,Intersection,2,0,1,0,1,0,1,1,0,0,0,0,0,1,0,0,0
7000585076,Non-Fatal Injury,"Pedestrian, Automobile",Not Recorded,-8856572.78757983,5410857.84006468,43.646231,-79.559947,2017-04-03 10:53:00,Spring,2017,4,April,Monday,10,10:00 to 10:59,Major Arterial,Intersection Related,Traffic Signal,Clear,Daylight,Dry,Pedestrian Collisions,Etobicoke York,Islington-City Centre West (14),14,Intersection,3,0,1,0,2,0,1,1,1,0,0,0,0,1,0,0,0
7000589620,Non-Fatal Injury,"Pedestrian, Automobile",Not Recorded,-8819470.33525691,5435331.87455452,43.80511,-79.22665,2017-04-04 00:10:00,Spring,2017,4,April,Tuesday,00,00:00 to 00:59,Minor Arterial,At Intersection,Traffic Signal,Rain,"Dark, artificial",Wet,Pedestrian Collisions,Scarborough,Malvern (132),132,Intersection,2,0,1,0,1,0,1,1,0,0,0,0,0,1,0,0,0
7000591252,Non-Fatal Injury,"Pedestrian, Automobile",Aggressive and Distracted Driving Collision,-8842264.67078919,5411372.59624892,43.649577,-79.431415,2017-04-04 08:53:00,Spring,2017,4,April,Tuesday,08,08:00 to 08:59,Minor Arterial,At Intersection,Traffic Signal,Rain,Daylight,Wet,Pedestrian Collisions,Toronto and East York,Little Portugal (84),84,Intersection,2,0,1,0,1,0,1,1,0,0,0,0,0,1,0,0,0
7000600536,Non-Fatal Injury,"Pedestrian, Automobile",Not Recorded,-8852369.58624646,5417435.21572241,43.688971,-79.522189,2017-04-05 14:54:00,Spring,2017,4,April,Wednesday,14,14:00 to 14:59,Local,At/Near Private Drive,No Control,Clear,Daylight,Dry,Pedestrian Collisions,Etobicoke York,Humber Heights-Westmount (8),8,Intersection,3,0,1,1,1,0,1,2,0,0,0,0,0,1,0,0,0
7000606743,Fatal,Truck,Not Recorded,-8822207.57021602,5419320.03397443,43.701213,-79.251239,2017-04-06 14:03:00,Spring,2017,4,April,Thursday,14,14:00 to 14:59,Local,Intersection Related,No Control,Rain,Daylight,Wet,Other,Scarborough,Birchcliffe-Cliffside (122),122,Intersection,2,1,0,0,1,0,1,0,1,0,0,0,0,1,0,0,0
7000607486,Non-Fatal Injury,"Pedestrian, Automobile",Aggressive and Distracted Driving Collision,-8839523.98492586,5412085.70247697,43.654212,-79.40679499999999,2017-04-06 15:49:00,Spring,2017,4,April,Thursday,15,15:00 to 15:59,Major Arterial,At Intersection,Traffic Signal,Rain,Daylight,Wet,Pedestrian Collisions,Toronto and East York,Kensington-Chinatown (78),78,Intersection,3,0,1,0,2,0,1,1,1,0,0,0,0,1,0,0,0
7000609601,Non-Fatal Injury,"Pedestrian, Automobile",Not Recorded,-8819656.23880653,5429531.40842695,43.767493,-79.22832,2017-04-06 23:15:00,Spring,2017,4,April,Thursday,23,23:00 to 23:59,Major Arterial,At Intersection,Traffic Signal,Rain,"Dark, artificial",Wet,Pedestrian Collisions,Scarborough,Woburn (137),137,Intersection,2,0,1,0,1,0,1,1,0,0,0,0,0,1,0,0,0
7000633254,Non-Fatal Injury,Automobile,"Speeding  Related Collision, Aggressive and Distracted Driving Collision",-8857973.2980935,5418386.66058803,43.695151,-79.572528,2017-04-10 16:10:00,Spring,2017,4,April,Monday,16,16:00 to 16:59,Major Arterial,At Intersection,No Control,Clear,Daylight,Wet,Turning Movement,Etobicoke York,West Humber-Clairville (1),1,Intersection,2,0,1,0,1,0,2,0,0,0,0,0,0,2,0,0,0
7000635280,Non-Fatal Injury,"Pedestrian, Automobile",Aggressive and Distracted Driving Collision,-8846827.99067528,5414731.83067106,43.671408,-79.472408,2017-04-10 22:29:00,Spring,2017,4,April,Monday,22,22:00 to 22:59,Major Arterial,Non Intersection,No Control,Rain,Dark,Wet,Pedestrian Collisions,Etobicoke York,Junction Area (90),90,Mid-Block,2,0,1,0,1,0,1,1,0,0,0,0,0,1,0,0,0
7000637893,Fatal,"Pedestrian, Truck",Aggressive and Distracted Driving Collision,-8845321.28136739,5424064.88376939,43.73202,-79.458873,2017-04-11 10:56:00,Spring,2017,4,April,Tuesday,10,10:00 to 10:59,Major Arterial,At Intersection,Traffic Signal,Clear,Daylight,Dry,Pedestrian Collisions,North York,Clanton Park (33),33,Intersection,2,1,0,0,1,0,1,1,0,0,0,0,0,1,0,0,0
7000641093,Non-Fatal Injury,"Pedestrian, Automobile",Not Recorded,-8834705.85472535,5413384.05099236,43.66265,-79.363513,2017-04-11 19:19:00,Spring,2017,4,April,Tuesday,19,19:00 to 19:59,Minor Arterial,Non Intersection,No Control,Clear,Daylight,Dry,Pedestrian Collisions,Toronto and East York,Regent Park (72),72,Mid-Block,2,0,1,0,1,0,1,1,0,0,0,0,0,1,0,0,0
7000649054,Fatal,Automobile,"Speeding  Related Collision, Aggressive and Distracted Driving Collision",-8836628.67628982,5433824.39225585,43.795336,-79.380786,2017-04-13 01:44:00,Spring,2017,4,April,Thursday,01,01:00 to 01:59,Collector,Non Intersection,No Control,Clear,"Dark, artificial",Dry,SMV Other,North York,Bayview Woods-Steeles (49),49,Mid-Block,2,1,1,0,0,0,1,0,1,0,0,0,0,1,0,0,0
7000659290,Fatal,"Pedestrian, City Vehicle",Not Recorded,-8838478.47226833,5411640.13925474,43.651315999999994,-79.397403,2017-04-14 18:05:00,Spring,2017,4,April,Friday,18,18:00 to 18:59,Major Arterial,Non Intersection,No Control,Clear,Daylight,Dry,Pedestrian Collisions,Toronto and East York,Kensington-Chinatown (78),78,Mid-Block,2,1,0,0,1,0,1,1,0,0,0,0,0,0,0,1,0
7000665292,Non-Fatal Injury,Automobile,"Speeding  Related Collision, Aggressive and Distracted Driving Collision",-8850823.02456087,5427830.37149081,43.756457,-79.508296,2017-04-15 20:02:00,Spring,2017,4,April,Saturday,20,20:00 to 20:59,Local,Non Intersection,No Control,Clear,"Dark, artificial",Dry,Approaching,Etobicoke York,Glenfield-Jane Heights (25),25,Mid-Block,7,0,1,5,1,0,2,0,5,0,0,0,0,2,0,0,0
7000669891,Non-Fatal Injury,"Pedestrian, City Vehicle",Not Recorded,-8836644.03837955,5409858.56264087,43.639734999999995,-79.380924,2017-04-16 16:49:00,Spring,2017,4,April,Sunday,16,16:00 to 16:59,Minor Arterial,Non Intersection,No Control,Clear,Daylight,Dry,Pedestrian Collisions,Toronto and East York,Waterfront Communities-The Island (77),77,Mid-Block,2,0,1,0,1,0,1,1,0,0,0,0,0,0,0,1,0
7000670017,Non-Fatal Injury,Automobile,Aggressive and Distracted Driving Collision,-8857535.03325825,5417060.51499304,43.686537,-79.568591,2017-04-16 16:59:00,Spring,2017,4,April,Sunday,16,16:00 to 16:59,Major Arterial,At Intersection,No Control,Clear,Daylight,Dry,Rear End,Etobicoke York,Willowridge-Martingrove-Richview (7),7,Intersection,2,0,1,0,1,0,2,0,0,0,0,0,0,1,0,1,0
7000675895,Non-Fatal Injury,Motorcycle,Not Recorded,-8855655.62629519,5412183.09536601,43.654845,-79.55170799999999,2017-04-17 18:58:00,Spring,2017,4,April,Monday,18,18:00 to 18:59,Collector,Non Intersection,No Control,Clear,Daylight,Dry,SMV Other,Etobicoke York,Islington-City Centre West (14),14,Mid-Block,1,0,1,0,0,0,1,0,0,0,0,0,0,0,1,0,0
7000676531,Non-Fatal Injury,"Pedestrian, Automobile",Not Recorded,-8845191.37152164,5427273.54889713,43.752844,-79.457706,2017-04-17 21:32:00,Spring,2017,4,April,Monday,21,21:00 to 21:59,Collector,Intersection Related,No Control,Clear,"Dark, artificial",Dry,Pedestrian Collisions,North York,Bathurst Manor (34),34,Intersection,2,0,1,0,1,0,1,1,0,0,0,0,0,1,0,0,0
7000680975,Non-Fatal Injury,"Cyclist, Automobile",Aggressive and Distracted Driving Collision,-8843046.91285099,5427665.15519035,43.755385,-79.43844200000001,2017-04-18 15:03:00,Spring,2017,4,April,Tuesday,15,15:00 to 15:59,Major Arterial,At/Near Private Drive,No Control,Clear,Daylight,Dry,Cyclist Collisions,North York,Lansing-Westgate (38),38,Intersection,2,0,1,0,1,0,1,0,0,1,0,0,1,1,0,0,0
7000689594,Non-Fatal Injury,"Pedestrian, Automobile",Not Recorded,-8822826.72922382,5424483.31522847,43.734736,-79.256801,2017-04-19 20:45:00,Spring,2017,4,April,Wednesday,20,20:00 to 20:59,Major Arterial,At Intersection,No Control,Clear,"Dark, artificial",Dry,Pedestrian Collisions,Scarborough,Kennedy Park (124),124,Intersection,2,0,1,0,1,0,1,1,0,0,0,0,0,1,0,0,0
7000689985,Non-Fatal Injury,"Pedestrian, Automobile",Aggressive and Distracted Driving Collision,-8838037.64708479,5412842.25527003,43.659129,-79.393443,2017-04-19 22:06:00,Spring,2017,4,April,Wednesday,22,22:00 to 22:59,Major Arterial,At Intersection,Streetcar (Stop for),Clear,"Dark, artificial",Dry,Pedestrian Collisions,Toronto and East York,Kensington-Chinatown (78),78,Intersection,3,0,1,0,2,0,1,1,1,0,0,0,0,1,0,0,0
7000697706,Non-Fatal Injury,Automobile,"Speeding  Related Collision, Aggressive and Distracted Driving Collision",-8843830.71338567,5409429.103447701,43.636943,-79.445483,2017-04-21 05:43:00,Spring,2017,4,April,Friday,05,05:00 to 05:59,Major Arterial,Non Intersection,No Control,Clear,"Dark, artificial",Wet,SMV Other,Toronto and East York,South Parkdale (85),85,Mid-Block,1,0,1,0,0,0,1,0,0,0,0,0,0,1,0,0,0
7000701050,Fatal,"Pedestrian, Automobile",Not Recorded,-8814174.86707987,5433580.26316846,43.793753,-79.17908,2017-04-21 15:30:00,Spring,2017,4,April,Friday,15,15:00 to 15:59,Collector,Intersection Related,No Control,Clear,"Daylight, artificial",Dry,Pedestrian Collisions,Scarborough,Highland Creek (134),134,Intersection,2,1,0,0,1,0,1,1,0,0,0,0,0,1,0,0,0
7000714905,Non-Fatal Injury,"Automobile, Motorcycle",Aggressive and Distracted Driving Collision,-8838686.52839662,5420827.91928553,43.711005,-79.399272,2017-04-23 20:44:00,Spring,2017,4,April,Sunday,20,20:00 to 20:59,Major Arterial,At Intersection,Traffic Controller,Clear,Dusk,Dry,Turning Movement,North York,Mount Pleasant West (104),104,Intersection,3,0,2,0,1,0,2,0,1,0,0,0,0,1,1,0,0
7000734516,Fatal,"Automobile, Motorcycle",Aggressive and Distracted Driving Collision,-8834994.61748447,5431753.8954202,43.781909000000006,-79.366107,2017-04-26 18:57:00,Spring,2017,4,April,Wednesday,18,18:00 to 18:59,Major Arterial,At/Near Private Drive,No Control,Clear,Daylight,Dry,Angle,North York,Don Valley Village (47),47,Intersection,2,1,0,1,0,0,2,0,0,0,0,0,0,1,1,0,0
7000750134,Non-Fatal Injury,Automobile,Aggressive and Distracted Driving Collision,-8859138.59052313,5426084.34512075,43.745127000000004,-79.582996,2017-04-29 02:05:00,Spring,2017,4,April,Saturday,02,02:00 to 02:59,Major Arterial,Non Intersection,No Control,Clear,"Dark, artificial",Dry,Approaching,Etobicoke York,Mount Olive-Silverstone-Jamestown (2),2,Mid-Block,4,0,1,3,0,0,2,0,2,0,0,0,0,2,0,0,0
7000750453,Non-Fatal Injury,"Pedestrian, Automobile",Not Recorded,-8840520.18304897,5415539.70017172,43.676657,-79.41574399999999,2017-04-29 03:25:00,Spring,2017,4,April,Saturday,03,03:00 to 03:59,Major Arterial,Intersection Related,Traffic Signal,Clear,"Dark, artificial",Dry,Pedestrian Collisions,Toronto and East York,Casa Loma (96),96,Intersection,2,0,1,0,1,0,1,1,0,0,0,0,0,1,0,0,0
7000769510,Non-Fatal Injury,"Cyclist, Automobile",Not Recorded,-8858205.17659283,5423456.06599563,43.728068,-79.574611,2017-05-02 06:45:00,Spring,2017,5,May,Tuesday,06,06:00 to 06:59,Major Arterial,At Intersection,Traffic Signal,Clear,"Dawn, artificial",Dry,Cyclist Collisions,Etobicoke York,Rexdale-Kipling (4),4,Intersection,2,0,1,0,1,0,1,0,0,1,0,0,1,1,0,0,0