ACCNUM,ACCLASS,INVOLVED,MOTIVE,X,Y,LATITUDE,LONGITUDE,DATE_TIME,SEASON,YEAR,MONTH,MONTH_NAME,DAY_NAME,HOUR,HOUR_INTERVAL,ROAD_CLASS,ACCLOC,TRAFFCTL,VISIBILITY,LIGHT,RDSFCOND,IMPACTYPE,DISTRICT,NEIGHBOURHOOD,HOOD_ID,LOCCOORD,PEOPLE_COUNT,FATAL_INJURY_COUNT,MAJOR_INJURY_COUNT,MINOR_INJURY_COUNT,NO_INJURY_COUNT,NULL_INJURY_COUNT,DRIVERS_COUNT,PEDESTRIAN_COUNT,PASSENGER_COUNT,CYCLIST_COUNT,OTHER_INVTYPE_COUNT,NULL_INVTYPE_COUNT,PEOPLE_VEH_COUNT,AUTOMOBILE_VEH_COUNT,RECREATIONAL_VEH_COUNT,OTHER_VEH_COUNT,NULL_VEH_COUNT
7001052622,Non-Fatal Injury,"Automobile, Motorcycle",Not Recorded,-8855347.27130569,5411242.90452603,43.648734000000005,-79.548938,2017-06-13 15:05:00,Spring,2017,6,June,Tuesday,15,15:00 to 15:59,Major Arterial,Intersection Related,No Control,Clear,Daylight,Dry,Rear End,Etobicoke York,Islington-City Centre West (14),14,Mid-Block,3,0,1,0,2,0,2,0,1,0,0,0,0,1,1,0,0
7001052989,Fatal,Automobile,Not Recorded,-8820964.24282335,5433542.01737809,43.793504999999996,-79.24006999999999,2017-06-13 16:06:00,Spring,2017,6,June,Tuesday,16,16:00 to 16:59,Major Arterial,Non Intersection,No Control,Clear,Daylight,Dry,Turning Movement,Scarborough,Agincourt South-Malvern West (128),128,Mid-Block,4,1,1,2,0,0,2,0,2,0,0,0,0,2,0,0,0
7001053469,Non-Fatal Injury,Automobile,Medical or Physical Disability Related Collision,-8832867.96993235,5430694.07723302,43.775034999999995,-79.347003,2017-06-13 17:19:00,Spring,2017,6,June,Tuesday,17,17:00 to 17:59,Major Arterial,At Intersection,Traffic Controller,Clear,Daylight,Dry,Rear End,North York,Henry Farm (53),53,Intersection,4,0,1,0,3,0,3,0,1,0,0,0,0,3,0,0,0
7001054440,Non-Fatal Injury,"Automobile, Motorcycle",Aggressive and Distracted Driving Collision,-8831003.81373953,5423015.96136084,43.725211,-79.33025699999999,2017-06-13 20:01:00,Spring,2017,6,June,Tuesday,20,20:00 to 20:59,<Null>,Non Intersection,No Control,Clear,Daylight,Dry,Sideswipe,North York,Banbury-Don Mills (42),42,Mid-Block,3,0,1,0,2,0,3,0,0,0,0,0,0,2,1,0,0
7001065894,Non-Fatal Injury,"Pedestrian, City Vehicle",Not Recorded,-8816528.27243473,5437461.49404677,43.818915000000004,-79.200221,2017-06-15 12:00:00,Spring,2017,6,June,Thursday,12,12:00 to 12:59,Local,Intersection Related,No Control,Clear,Daylight,Dry,Pedestrian Collisions,Scarborough,Rouge (131),131,Intersection,2,0,1,0,1,0,1,1,0,0,0,0,0,0,0,1,0
7001069873,Non-Fatal Injury,"Automobile, Motorcycle",Not Recorded,-8831798.74622328,5412189.55748975,43.654887,-79.337398,2017-06-16 00:21:00,Spring,2017,6,June,Friday,00,00:00 to 00:59,Major Arterial,At Intersection,Traffic Signal,Clear,"Dark, artificial",Dry,Turning Movement,Toronto and East York,South Riverdale (70),70,Intersection,3,0,2,0,1,0,2,0,1,0,0,0,0,1,1,0,0
7001074054,Non-Fatal Injury,Automobile,Aggressive and Distracted Driving Collision,-8844273.20836158,5418153.56292395,43.693637,-79.44945799999999,2017-06-16 15:13:00,Spring,2017,6,June,Friday,15,15:00 to 15:59,Major Arterial,Non Intersection,No Control,Clear,Daylight,Dry,Rear End,Toronto and East York,Oakwood Village (107),107,Mid-Block,3,0,1,1,1,0,2,0,1,0,0,0,0,2,0,0,0
7001075427,Non-Fatal Injury,"Automobile, Truck",Not Recorded,-8836366.29625002,5411489.36651041,43.650335999999996,-79.378429,2017-06-16 18:20:00,Spring,2017,6,June,Friday,18,18:00 to 18:59,Major Arterial,Intersection Related,No Control,Clear,Daylight,Dry,Sideswipe,Toronto and East York,Church-Yonge Corridor (75),75,Intersection,2,0,1,1,0,0,2,0,0,0,0,0,0,2,0,0,0
7001076312,Non-Fatal Injury,"Pedestrian, Automobile",Not Recorded,-8860828.64303235,5426839.11808023,43.750025,-79.598178,2017-06-16 21:01:00,Spring,2017,6,June,Friday,21,21:00 to 21:59,Minor Arterial,Non Intersection,No Control,Rain,"Dark, artificial",Wet,Pedestrian Collisions,Etobicoke York,Mount Olive-Silverstone-Jamestown (2),2,Mid-Block,2,0,1,0,1,0,1,1,0,0,0,0,0,1,0,0,0
7001094601,Non-Fatal Injury,"Automobile, Motorcycle",Not Recorded,-8820272.0582296,5431717.35325384,43.781672,-79.233852,2017-06-19 15:43:00,Spring,2017,6,June,Monday,15,15:00 to 15:59,Major Arterial,At Intersection,Traffic Signal,Clear,Daylight,Dry,Turning Movement,Scarborough,Woburn (137),137,Intersection,3,0,1,0,2,0,2,0,0,0,1,0,0,1,1,0,0
7001100297,Non-Fatal Injury,"Pedestrian, Automobile",Aggressive and Distracted Driving Collision,-8840635.73268041,5432213.22892915,43.784888,-79.416782,2017-06-20 12:27:00,Spring,2017,6,June,Tuesday,12,12:00 to 12:59,Major Arterial,At/Near Private Drive,Stop Sign,Clear,Daylight,Dry,Pedestrian Collisions,North York,Newtonbrook East (50),50,Mid-Block,2,0,1,0,1,0,1,1,0,0,0,0,0,1,0,0,0
7001101719,Non-Fatal Injury,"Pedestrian, Automobile",Not Recorded,-8837370.95465443,5411529.21335366,43.650595,-79.387454,2017-06-20 15:50:00,Spring,2017,6,June,Tuesday,15,15:00 to 15:59,Major Arterial,Laneway,No Control,Clear,Daylight,Dry,Pedestrian Collisions,Toronto and East York,Bay Street Corridor (76),76,Intersection,2,0,1,0,1,0,1,1,0,0,0,0,0,1,0,0,0
7001109368,Non-Fatal Injury,Automobile,Not Recorded,-8840822.52678597,5422458.351052401,43.721591,-79.41846,2017-06-21 17:00:00,Summer,2017,6,June,Wednesday,17,17:00 to 17:59,Major Arterial,At Intersection,No Control,Clear,Daylight,Dry,SMV Other,North York,Bedford Park-Nortown (39),39,Intersection,2,0,1,0,1,0,1,0,1,0,0,0,0,1,0,0,0
7001122471,Non-Fatal Injury,"Pedestrian, Automobile",Not Recorded,-8837571.44105735,5414744.75848928,43.671492,-79.389255,2017-06-23 15:10:00,Summer,2017,6,June,Friday,15,15:00 to 15:59,Collector,Non Intersection,No Control,Clear,Daylight,Dry,Pedestrian Collisions,Toronto and East York,Annex (95),95,Mid-Block,3,0,1,0,2,0,1,1,1,0,0,0,0,1,0,0,0
7001140517,Non-Fatal Injury,"Pedestrian, Truck",Aggressive and Distracted Driving Collision,-8836643.14782362,5413845.39486237,43.665648,-79.380916,2017-06-26 10:45:00,Summer,2017,6,June,Monday,10,10:00 to 10:59,Minor Arterial,At Intersection,Traffic Signal,Clear,Daylight,Dry,Pedestrian Collisions,Toronto and East York,Church-Yonge Corridor (75),75,Intersection,2,0,1,0,1,0,1,1,0,0,0,0,0,0,0,1,0
7001155336,Non-Fatal Injury,"Pedestrian, City Vehicle",Not Recorded,-8838964.27052615,5417055.28099028,43.686503,-79.401767,2017-06-28 11:55:00,Summer,2017,6,June,Wednesday,11,11:00 to 11:59,Major Arterial,Non Intersection,No Control,Clear,Daylight,Dry,Pedestrian Collisions,North York,Casa Loma (96),96,Mid-Block,2,0,1,0,1,0,1,1,0,0,0,0,0,0,0,1,0
7001157436,Non-Fatal Injury,"Pedestrian, Automobile",Not Recorded,-8823532.49479545,5438123.69701469,43.823207000000004,-79.263141,2017-06-28 16:48:00,Summer,2017,6,June,Wednesday,16,16:00 to 16:59,Minor Arterial,At Intersection,No Control,Clear,Daylight,Dry,Pedestrian Collisions,Scarborough,Milliken (130),130,Intersection,2,0,1,0,1,0,1,1,0,0,0,0,0,1,0,0,0
7001157981,Non-Fatal Injury,"Cyclist, Automobile",Not Recorded,-8832332.07790367,5415963.74835492,43.679412,-79.342189,2017-06-28 18:00:00,Summer,2017,6,June,Wednesday,18,18:00 to 18:59,Major Arterial,At/Near Private Drive,No Control,Clear,Daylight,Dry,Cyclist Collisions,Toronto and East York,Blake-Jones (69),69,Mid-Block,4,0,1,0,3,0,1,0,2,1,0,0,1,1,0,0,0
7001160269,Non-Fatal Injury,"Pedestrian, Automobile",Not Recorded,-8839233.55237438,5415341.30464015,43.675368,-79.404186,2017-06-29 02:48:00,Summer,2017,6,June,Thursday,02,02:00 to 02:59,Major Arterial,Non Intersection,No Control,Rain,"Dark, artificial",Wet,Pedestrian Collisions,Toronto and East York,Annex (95),95,Mid-Block,2,0,1,0,1,0,1,1,0,0,0,0,0,1,0,0,0
7001165135,Non-Fatal Injury,"Automobile, City Vehicle",Aggressive and Distracted Driving Collision,-8857761.791061,5411735.21965841,43.651934000000004,-79.570628,2017-06-29 18:08:00,Summer,2017,6,June,Thursday,18,18:00 to 18:59,Minor Arterial,Non Intersection,No Control,Clear,Daylight,Dry,Angle,Etobicoke York,Etobicoke West Mall (13),13,Mid-Block,8,0,1,7,0,0,2,0,6,0,0,0,0,1,0,1,0
7001169974,Fatal,"Cyclist, Automobile",Not Recorded,-8849289.26461672,5415461.04945501,43.676146,-79.494518,2017-06-30 13:04:00,Summer,2017,6,June,Friday,13,13:00 to 13:59,Collector,Non Intersection,No Control,Clear,Daylight,Dry,Cyclist Collisions,Etobicoke York,Rockcliffe-Smythe (111),111,Mid-Block,2,1,0,0,1,0,1,0,0,1,0,0,1,0,0,1,0
7001174505,Non-Fatal Injury,"Automobile, Motorcycle",Not Recorded,-8850321.97553281,5419565.47972989,43.702807,-79.503795,2017-07-01 03:06:00,Summer,2017,7,July,Saturday,03,03:00 to 03:59,Major Arterial,At Intersection,Traffic Signal,Clear,"Dark, artificial",Dry,Rear End,Etobicoke York,Brookhaven-Amesbury (30),30,Intersection,3,0,1,0,2,0,2,0,1,0,0,0,0,1,1,0,0
7001179140,Non-Fatal Injury,"Pedestrian, Automobile",Not Recorded,-8857580.11765202,5411449.51983898,43.650077,-79.568996,2017-07-01 22:40:00,Summer,2017,7,July,Saturday,22,22:00 to 22:59,Minor Arterial,Non Intersection,No Control,Clear,"Dark, artificial",Dry,Pedestrian Collisions,Etobicoke York,Etobicoke West Mall (13),13,Mid-Block,6,0,2,0,4,0,1,2,3,0,0,0,0,1,0,0,0
7001187926,Non-Fatal Injury,"Cyclist, City Vehicle",Not Recorded,-8838929.42752554,5417065.28717461,43.686568,-79.401454,2017-07-03 13:12:00,Summer,2017,7,July,Monday,13,13:00 to 13:59,Major Arterial,At Intersection,Traffic Signal,Clear,Daylight,Dry,Cyclist Collisions,Toronto and East York,Yonge-St.Clair (97),97,Intersection,2,0,1,0,1,0,1,0,0,1,0,0,1,0,0,1,0
7001207044,Non-Fatal Injury,"Cyclist, Automobile",Aggressive and Distracted Driving Collision,-8859559.82347629,5417266.64469601,43.687876,-79.58678,2017-07-06 08:35:00,Summer,2017,7,July,Thursday,08,08:00 to 08:59,Major Arterial,At Intersection,Traffic Signal,Clear,Daylight,Dry,Cyclist Collisions,Etobicoke York,West Humber-Clairville (1),1,Intersection,2,0,1,0,1,0,1,0,0,1,0,0,1,1,0,0,0
7001209887,Non-Fatal Injury,"Cyclist, Automobile",Aggressive and Distracted Driving Collision,-8827920.82044201,5417273.11037726,43.687917999999996,-79.302562,2017-07-06 15:47:00,Summer,2017,7,July,Thursday,15,15:00 to 15:59,Major Arterial,At/Near Private Drive,No Control,Clear,Daylight,Dry,Cyclist Collisions,Toronto and East York,East End-Danforth (62),62,Mid-Block,2,0,1,0,1,0,1,0,0,1,0,0,1,1,0,0,0
7001212407,Non-Fatal Injury,"Automobile, Motorcycle",Aggressive and Distracted Driving Collision,-8860811.72246975,5422636.87510579,43.72275,-79.598026,2017-07-06 23:00:00,Summer,2017,7,July,Thursday,23,23:00 to 23:59,Major Arterial,At Intersection,Traffic Signal,Clear,Dark,Dry,Turning Movement,Etobicoke York,West Humber-Clairville (1),1,Intersection,2,0,1,0,1,0,2,0,0,0,0,0,0,1,1,0,0
7001224557,Non-Fatal Injury,"Automobile, Motorcycle","Speeding  Related Collision, Aggressive and Distracted Driving Collision",-8855773.62495543,5416255.43708303,43.681307000000004,-79.552768,2017-07-08 19:00:00,Summer,2017,7,July,Saturday,19,19:00 to 19:59,Major Arterial,At Intersection,Traffic Signal,Clear,Daylight,Dry,Turning Movement,Etobicoke York,Willowridge-Martingrove-Richview (7),7,Intersection,2,0,1,1,0,0,2,0,0,0,0,0,0,1,1,0,0
7001224899,Fatal,"Automobile, Motorcycle",Not Recorded,-8835212.02444998,5416207.41170901,43.680995,-79.36806,2017-07-08 20:07:00,Summer,2017,7,July,Saturday,20,20:00 to 20:59,Major Arterial,Non Intersection,No Control,Clear,Daylight,Dry,Turning Movement,Toronto and East York,Leaside-Bennington (56),56,Mid-Block,3,1,0,2,0,0,3,0,0,0,0,0,0,1,2,0,0
7001234625,Non-Fatal Injury,"Pedestrian, Automobile",Aggressive and Distracted Driving Collision,-8828946.74086916,5426509.95674139,43.747889,-79.311778,2017-07-10 12:00:00,Summer,2017,7,July,Monday,12,12:00 to 12:59,Major Arterial,At Intersection,Traffic Signal,Clear,"Daylight, artificial",Dry,Pedestrian Collisions,North York,Wexford/Maryvale (119),119,Intersection,2,0,1,0,1,0,1,1,0,0,0,0,0,1,0,0,0
7001234920,Non-Fatal Injury,Automobile,Not Recorded,-8833657.89303902,5434472.14448809,43.799535999999996,-79.354099,2017-07-10 12:50:00,Summer,2017,7,July,Monday,12,12:00 to 12:59,Major Arterial,At Intersection,Traffic Signal,Clear,Daylight,Dry,Turning Movement,North York,Hillcrest Village (48),48,Intersection,5,0,1,1,3,0,2,0,3,0,0,0,0,2,0,0,0
7001250133,Non-Fatal Injury,Motorcycle,Not Recorded,-8833303.67441932,5413195.54987035,43.661425,-79.35091700000001,2017-07-12 16:12:00,Summer,2017,7,July,Wednesday,16,16:00 to 16:59,Minor Arterial,Non Intersection,No Control,Rain,Daylight,Wet,SMV Other,Toronto and East York,South Riverdale (70),70,Mid-Block,1,0,1,0,0,0,1,0,0,0,0,0,0,0,1,0,0
7001269132,Non-Fatal Injury,"Pedestrian, Automobile",Aggressive and Distracted Driving Collision,-8818354.357361699,5436153.27395457,43.810435,-79.216625,2017-07-15 13:35:00,Summer,2017,7,July,Saturday,13,13:00 to 13:59,Minor Arterial,At/Near Private Drive,No Control,Clear,Daylight,Dry,Pedestrian Collisions,Scarborough,Malvern (132),132,Mid-Block,4,0,1,1,2,0,2,1,1,0,0,0,0,2,0,0,0
7001274774,Non-Fatal Injury,Motorcycle,"Speeding  Related Collision, Aggressive and Distracted Driving Collision",-8859760.19855972,5419533.14334119,43.702597,-79.58858000000001,2017-07-16 10:45:00,Summer,2017,7,July,Sunday,10,10:00 to 10:59,Major Arterial,Non Intersection,No Control,Clear,Daylight,Dry,SMV Other,Etobicoke York,West Humber-Clairville (1),1,Mid-Block,1,0,1,0,0,0,1,0,0,0,0,0,0,0,1,0,0
7001277580,Non-Fatal Injury,Motorcycle,"Speeding  Related Collision, Aggressive and Distracted Driving Collision",-8846222.41264537,5418760.79926118,43.697581,-79.46696800000001,2017-07-16 20:33:00,Summer,2017,7,July,Sunday,20,20:00 to 20:59,Collector,Non Intersection,No Control,Clear,Daylight,Dry,Sideswipe,Etobicoke York,Beechborough-Greenbrook (112),112,Mid-Block,2,0,1,0,1,0,2,0,0,0,0,0,0,0,2,0,0
7001286763,Non-Fatal Injury,"Cyclist, Truck",Not Recorded,-8839874.75264135,5428020.25059608,43.757689,-79.40994599999999,2017-07-18 07:37:00,Summer,2017,7,July,Tuesday,07,07:00 to 07:59,Major Arterial,Non Intersection,No Control,Clear,Daylight,Dry,Cyclist Collisions,North York,Willowdale East (51),51,Mid-Block,2,0,1,0,1,0,1,0,0,1,0,0,1,0,0,1,0
7001286988,Non-Fatal Injury,"Pedestrian, Automobile",Not Recorded,-8831127.82365227,5433469.69008743,43.793036,-79.33137099999999,2017-07-18 08:25:00,Summer,2017,7,July,Tuesday,08,08:00 to 08:59,Major Arterial,At Intersection,Traffic Signal,Clear,Daylight,Dry,Pedestrian Collisions,North York,L'Amoreaux (117),117,Intersection,3,0,1,0,2,0,1,1,1,0,0,0,0,0,0,1,0
7001287888,Fatal,"Pedestrian, City Vehicle",Not Recorded,-8823185.17798417,5424373.46743037,43.734023,-79.260021,2017-07-18 10:54:00,Summer,2017,7,July,Tuesday,10,10:00 to 10:59,Major Arterial,Non Intersection,No Control,Clear,Daylight,Dry,Pedestrian Collisions,Scarborough,Kennedy Park (124),124,Mid-Block,2,1,0,0,1,0,1,1,0,0,0,0,0,0,0,1,0
7001289449,Fatal,"Motorcycle, Truck",Not Recorded,-8848167.27546901,5411323.82702451,43.64926,-79.484439,2017-07-18 15:04:00,Summer,2017,7,July,Tuesday,15,15:00 to 15:59,Major Arterial,At Intersection,Traffic Signal,Clear,Daylight,Dry,Rear End,Toronto and East York,High Park-Swansea (87),87,Intersection,2,1,0,0,1,0,2,0,0,0,0,0,0,0,1,1,0
7001291645,Non-Fatal Injury,"Automobile, Motorcycle",Not Recorded,-8843570.00313823,5430608.20553526,43.774478,-79.443141,2017-07-18 21:15:00,Summer,2017,7,July,Tuesday,21,21:00 to 21:59,Major Arterial,At Intersection,Stop Sign,Clear,"Daylight, artificial",Dry,Turning Movement,North York,Newtonbrook West (36),36,Intersection,2,0,1,0,1,0,2,0,0,0,0,0,0,1,1,0,0
7001296811,Non-Fatal Injury,Automobile,Aggressive and Distracted Driving Collision,-8839597.01051182,5415407.02557383,43.675795,-79.407451,2017-07-19 15:48:00,Summer,2017,7,July,Wednesday,15,15:00 to 15:59,Minor Arterial,At Intersection,No Control,Clear,Daylight,Dry,Turning Movement,Toronto and East York,Casa Loma (96),96,Intersection,2,0,1,0,1,0,2,0,0,0,0,0,0,1,0,1,0
7001297222,Non-Fatal Injury,City Vehicle,Not Recorded,-8825525.00236115,5429259.80101463,43.765731,-79.28104,2017-07-19 16:59:00,Summer,2017,7,July,Wednesday,16,16:00 to 16:59,Major Arterial,At Intersection,Traffic Signal,Clear,Daylight,Dry,Other,Scarborough,Dorset Park (126),126,Intersection,2,0,1,0,1,0,1,0,1,0,0,0,0,0,0,1,0
7001300231,Non-Fatal Injury,"Pedestrian, Automobile",Not Recorded,-8837984.21372921,5409974.69847953,43.64049,-79.392963,2017-07-20 06:24:00,Summer,2017,7,July,Thursday,06,06:00 to 06:59,Major Arterial,At Intersection,Traffic Signal,Clear,Daylight,Dry,Pedestrian Collisions,Toronto and East York,Waterfront Communities-The Island (77),77,Intersection,2,0,1,0,1,0,1,1,0,0,0,0,0,1,0,0,0
7001318680,Non-Fatal Injury,"Automobile, Motorcycle",Not Recorded,-8857163.89407595,5424857.70113942,43.737165999999995,-79.56525699999999,2017-07-22 21:34:00,Summer,2017,7,July,Saturday,21,21:00 to 21:59,Major Arterial,At Intersection,Traffic Signal,Rain,"Dark, artificial",Wet,Turning Movement,Etobicoke York,Thistletown-Beaumond Heights (3),3,Intersection,4,0,1,1,2,0,2,0,2,0,0,0,0,1,1,0,0
7001319124,Fatal,"Pedestrian, Automobile",Not Recorded,-8818258.28864115,5428500.05182729,43.760802000000005,-79.215762,2017-07-22 23:05:00,Summer,2017,7,July,Saturday,23,23:00 to 23:59,Minor Arterial,Non Intersection,No Control,Clear,"Dark, artificial",Dry,Pedestrian Collisions,Scarborough,Woburn (137),137,Mid-Block,4,1,0,0,3,0,1,1,2,0,0,0,0,1,0,0,0
7001320711,Non-Fatal Injury,Automobile,"Speeding  Related Collision, Aggressive and Distracted Driving Collision",-8855616.55315392,5427837.46106246,43.756503,-79.551357,2017-07-23 06:20:00,Summer,2017,7,July,Sunday,06,06:00 to 06:59,Collector,Non Intersection,No Control,Clear,Dawn,Dry,SMV Other,Etobicoke York,Humber Summit (21),21,Mid-Block,1,0,1,0,0,0,1,0,0,0,0,0,0,1,0,0,0
7001340005,Non-Fatal Injury,"Automobile, Motorcycle",Aggressive and Distracted Driving Collision,-8829216.80195382,5425514.22274443,43.741427,-79.314204,2017-07-26 07:46:00,Summer,2017,7,July,Wednesday,07,07:00 to 07:59,Major Arterial,At Intersection,Traffic Signal,Clear,Daylight,Dry,Rear End,North York,Victoria Village (43),43,Intersection,2,0,1,0,1,0,2,0,0,0,0,0,0,1,1,0,0
7001343625,Non-Fatal Injury,"Cyclist, Automobile",Not Recorded,-8839302.34781969,5411758.14372089,43.652083000000005,-79.404804,2017-07-26 17:51:00,Summer,2017,7,July,Wednesday,17,17:00 to 17:59,Major Arterial,At Intersection,No Control,Clear,Daylight,Dry,Cyclist Collisions,Toronto and East York,Kensington-Chinatown (78),78,Intersection,2,0,1,0,1,0,1,0,0,1,0,0,1,1,0,0,0
7001344660,Non-Fatal Injury,"Pedestrian, Automobile",Aggressive and Distracted Driving Collision,-8827925.94113858,5422929.54496035,43.72465,-79.30260799999999,2017-07-26 21:00:00,Summer,2017,7,July,Wednesday,21,21:00 to 21:59,Major Arterial,At Intersection,Traffic Signal,Rain,"Dark, artificial",Wet,Pedestrian Collisions,North York,Clairlea-Birchmount (120),120,Intersection,2,0,1,0,1,0,1,1,0,0,0,0,0,1,0,0,0
7001349582,Non-Fatal Injury,City Vehicle,Not Recorded,-8836454.57260622,5411802.14577198,43.652369,-79.379222,2017-07-27 15:40:00,Summer,2017,7,July,Thursday,15,15:00 to 15:59,Major Arterial,At Intersection,Traffic Signal,Clear,Daylight,Dry,Other,Toronto and East York,Church-Yonge Corridor (75),75,Intersection,2,0,1,0,1,0,1,0,1,0,0,0,0,0,0,1,0
7001357624,Non-Fatal Injury,"Automobile, Motorcycle",Not Recorded,-8839959.68941283,5428475.39069929,43.760642,-79.410709,2017-07-28 18:30:00,Summer,2017,7,July,Friday,18,18:00 to 18:59,Major Arterial,At Intersection,No Control,Clear,Daylight,Dry,Sideswipe,North York,Willowdale East (51),51,Intersection,6,0,1,0,5,0,2,0,4,0,0,0,0,1,1,0,0
7001366288,Non-Fatal Injury,Automobile,"Speeding  Related Collision, Alcohol  Related Collision, Aggressive and Distracted Driving Collision",-8845949.79121241,5413796.76647026,43.665332,-79.464519,2017-07-30 02:37:00,Summer,2017,7,July,Sunday,02,02:00 to 02:59,Major Arterial,At Intersection,Traffic Signal,Clear,Dark,Dry,Angle,Toronto and East York,Junction Area (90),90,Intersection,2,0,1,1,0,0,2,0,0,0,0,0,0,2,0,0,0
7001372110,Non-Fatal Injury,Automobile,"Red Light Related  Collision, Aggressive and Distracted Driving Collision",-8843550.52222735,5430501.67640781,43.773787,-79.442966,2017-07-31 01:39:00,Summer,2017,7,July,Monday,01,01:00 to 01:59,Major Arterial,At Intersection,Traffic Signal,Clear,"Daylight, artificial",Dry,Angle,<Null>,Willowdale West (37),37,Intersection,4,0,2,0,2,0,2,0,2,0,0,0,0,2,0,0,0
7001372973,Fatal,"Pedestrian, Automobile","Speeding  Related Collision, Aggressive and Distracted Driving Collision",-8835538.19055801,5412702.54144688,43.658221000000005,-79.37099,2017-07-31 07:13:00,Summer,2017,7,July,Monday,07,07:00 to 07:59,Major Arterial,At Intersection,Traffic Signal,Clear,Daylight,Dry,Pedestrian Collisions,Toronto and East York,Moss Park (73),73,Intersection,3,1,1,0,1,0,1,2,0,0,0,0,0,1,0,0,0
7001375273,Non-Fatal Injury,"Automobile, City Vehicle",Not Recorded,-8859547.91229078,5423130.5683168,43.725955,-79.586673,2017-07-31 13:45:00,Summer,2017,7,July,Monday,13,13:00 to 13:59,Major Arterial,At Intersection,Traffic Signal,Clear,Daylight,Dry,Turning Movement,Etobicoke York,West Humber-Clairville (1),1,Intersection,3,0,1,1,1,0,2,0,1,0,0,0,0,1,0,1,0
7001383604,Non-Fatal Injury,Automobile,Aggressive and Distracted Driving Collision,-8840746.94085172,5432832.64842546,43.788905,-79.417781,2017-08-01 16:48:00,Summer,2017,8,August,Tuesday,16,16:00 to 16:59,Major Arterial,At Intersection,No Control,Clear,Daylight,Dry,Turning Movement,North York,Newtonbrook East (50),50,Intersection,3,0,1,0,2,0,2,0,1,0,0,0,0,2,0,0,0
7001383874,Non-Fatal Injury,"Cyclist, Automobile",Not Recorded,-8838380.84507491,5411746.45090339,43.652007,-79.396526,2017-08-01 17:35:00,Summer,2017,8,August,Tuesday,17,17:00 to 17:59,Local,At Intersection,No Control,Clear,Daylight,Dry,Cyclist Collisions,Toronto and East York,Kensington-Chinatown (78),78,Intersection,2,0,1,0,1,0,1,0,0,1,0,0,1,1,0,0,0
7001386186,Non-Fatal Injury,Automobile,Aggressive and Distracted Driving Collision,-8824104.12038067,5432616.76436318,43.787504999999996,-79.268276,2017-08-02 01:23:00,Summer,2017,8,August,Wednesday,01,01:00 to 01:59,Major Arterial,At Intersection,Traffic Signal,Clear,"Dark, artificial",Dry,Turning Movement,Scarborough,Agincourt South-Malvern West (128),128,Intersection,2,0,1,0,1,0,2,0,0,0,0,0,0,2,0,0,0
7001406926,Non-Fatal Injury,"Pedestrian, Automobile",Not Recorded,-8836418.05981324,5410742.92381569,43.645484,-79.37889399999999,2017-08-05 02:25:00,Summer,2017,8,August,Saturday,02,02:00 to 02:59,Major Arterial,At/Near Private Drive,No Control,Clear,"Dark, artificial",Dry,Pedestrian Collisions,Toronto and East York,Waterfront Communities-The Island (77),77,Mid-Block,2,0,1,0,1,0,1,1,0,0,0,0,0,1,0,0,0
7001412145,Non-Fatal Injury,"Pedestrian, Automobile",Aggressive and Distracted Driving Collision,-8839511.18318442,5425922.70414383,43.744078,-79.40668000000001,2017-08-05 22:45:00,Summer,2017,8,August,Saturday,22,22:00 to 22:59,Major Arterial,At Intersection,Traffic Signal,Clear,"Dark, artificial",Dry,Pedestrian Collisions,North York,St.Andrew-Windfields (40),40,Intersection,2,0,1,0,1,0,1,1,0,0,0,0,0,1,0,0,0
7001414660,Non-Fatal Injury,"Pedestrian, Automobile","Red Light Related  Collision, Aggressive and Distracted Driving Collision",-8845865.63367737,5413527.31441752,43.663581,-79.463763,2017-08-06 11:25:00,Summer,2017,8,August,Sunday,11,11:00 to 11:59,Major Arterial,Intersection Related,Traffic Signal,Clear,Daylight,Dry,Pedestrian Collisions,Toronto and East York,Junction Area (90),90,Intersection,6,0,1,1,4,0,2,1,3,0,0,0,0,2,0,0,0
7001415080,Non-Fatal Injury,"Automobile, Motorcycle",Aggressive and Distracted Driving Collision,-8843203.09409658,5414572.23516747,43.670371,-79.43984499999999,2017-08-06 12:55:00,Summer,2017,8,August,Sunday,12,12:00 to 12:59,Major Arterial,Intersection Related,No Control,Clear,Daylight,Dry,Turning Movement,Toronto and East York,Dovercourt-Wallace Emerson-Junction (93),93,Intersection,2,0,1,0,1,0,2,0,0,0,0,0,0,1,1,0,0
7001424545,Non-Fatal Injury,Automobile,"Speeding  Related Collision, Aggressive and Distracted Driving Collision",-8849417.50467012,5415458.74073568,43.676131,-79.49566999999999,2017-08-08 05:55:00,Summer,2017,8,August,Tuesday,05,05:00 to 05:59,Major Arterial,At Intersection,Traffic Signal,Clear,Dark,Dry,Turning Movement,Etobicoke York,Rockcliffe-Smythe (111),111,Intersection,2,0,1,1,0,0,2,0,0,0,0,0,0,2,0,0,0
7001424903,Non-Fatal Injury,"Pedestrian, Automobile",Aggressive and Distracted Driving Collision,-8826995.97811249,5434812.23263769,43.801741,-79.29425400000001,2017-08-08 08:01:00,Summer,2017,8,August,Tuesday,08,08:00 to 08:59,Major Arterial,At Intersection,Traffic Signal,Clear,Daylight,Dry,Pedestrian Collisions,Scarborough,L'Amoreaux (117),117,Intersection,2,0,1,0,1,0,1,1,0,0,0,0,0,1,0,0,0