ACCNUM,ACCLASS,INVOLVED,MOTIVE,X,Y,LATITUDE,LONGITUDE,DATE_TIME,SEASON,YEAR,MONTH,MONTH_NAME,DAY_NAME,HOUR,HOUR_INTERVAL,ROAD_CLASS,ACCLOC,TRAFFCTL,VISIBILITY,LIGHT,RDSFCOND,IMPACTYPE,DISTRICT,NEIGHBOURHOOD,HOOD_ID,LOCCOORD,PEOPLE_COUNT,FATAL_INJURY_COUNT,MAJOR_INJURY_COUNT,MINOR_INJURY_COUNT,NO_INJURY_COUNT,NULL_INJURY_COUNT,DRIVERS_COUNT,PEDESTRIAN_COUNT,PASSENGER_COUNT,CYCLIST_COUNT,OTHER_INVTYPE_COUNT,NULL_INVTYPE_COUNT,PEOPLE_VEH_COUNT,AUTOMOBILE_VEH_COUNT,RECREATIONAL_VEH_COUNT,OTHER_VEH_COUNT,NULL_VEH_COUNT
7001781629,Non-Fatal Injury,"Cyclist, Truck",Not Recorded,-8839193.58867719,5413989.28100289,43.666583,-79.403827,2017-10-01 18:15:00,Autumn,2017,10,October,Sunday,18,18:00 to 18:59,Major Arterial,At Intersection,Traffic Signal,Clear,Daylight,Dry,Cyclist Collisions,Toronto and East York,University (79),79,Intersection,4,0,1,0,3,0,1,0,2,1,0,0,1,0,0,1,0
7001784038,Non-Fatal Injury,"Pedestrian, Automobile","Speeding  Related Collision, Aggressive and Distracted Driving Collision",-8844455.88364597,5418801.29336843,43.697844,-79.451099,2017-10-02 06:45:00,Autumn,2017,10,October,Monday,06,06:00 to 06:59,Major Arterial,At Intersection,Traffic Signal,Clear,Daylight,Dry,Pedestrian Collisions,North York,Briar Hill-Belgravia (108),108,Intersection,2,0,1,0,1,0,1,1,0,0,0,0,0,1,0,0,0
7001786322,Non-Fatal Injury,Automobile,Aggressive and Distracted Driving Collision,-8817533.93271456,5441661.08689502,43.846129,-79.209255,2017-10-02 13:27:00,Autumn,2017,10,October,Monday,13,13:00 to 13:59,Minor Arterial,At Intersection,Stop Sign,Clear,Daylight,Dry,Turning Movement,Scarborough,Rouge (131),131,Intersection,2,0,1,1,0,0,2,0,0,0,0,0,0,2,0,0,0
7001788522,Non-Fatal Injury,Automobile,Not Recorded,-8833180.5550625,5412792.40119642,43.658805,-79.349811,2017-10-02 19:15:00,Autumn,2017,10,October,Monday,19,19:00 to 19:59,Major Arterial,Intersection Related,No Control,Clear,"Dark, artificial",Dry,SMV Unattended Vehicle,Toronto and East York,South Riverdale (70),70,Mid-Block,1,0,1,0,0,0,1,0,0,0,0,0,0,1,0,0,0
7001788556,Non-Fatal Injury,"Pedestrian, Automobile",Not Recorded,-8837180.70964466,5435391.87665122,43.805499,-79.385745,2017-10-02 19:25:00,Autumn,2017,10,October,Monday,19,19:00 to 19:59,Major Arterial,At Intersection,Traffic Signal,Clear,"Dark, artificial",Dry,Pedestrian Collisions,North York,Bayview Woods-Steeles (49),49,Intersection,3,0,1,0,2,0,1,1,1,0,0,0,0,1,0,0,0
7001794171,Fatal,"Pedestrian, Automobile",Not Recorded,-8850084.19710048,5429639.62200844,43.768195,-79.501659,2017-10-03 16:23:00,Autumn,2017,10,October,Tuesday,16,16:00 to 16:59,Minor Arterial,At Intersection,No Control,Clear,Daylight,Dry,Pedestrian Collisions,Etobicoke York,York University Heights (27),27,Intersection,2,1,0,0,1,0,1,1,0,0,0,0,0,1,0,0,0
7001798069,Non-Fatal Injury,"Cyclist, Automobile",Aggressive and Distracted Driving Collision,-8823677.76673093,5422842.51321808,43.724084999999995,-79.26444599999999,2017-10-04 08:30:00,Autumn,2017,10,October,Wednesday,08,08:00 to 08:59,Major Arterial,At Intersection,No Control,Clear,Daylight,Dry,Cyclist Collisions,Scarborough,Kennedy Park (124),124,Intersection,2,0,1,0,1,0,1,0,0,1,0,0,1,1,0,0,0
7001799357,Non-Fatal Injury,"Cyclist, Automobile",Not Recorded,-8839193.58867719,5413989.28100289,43.666583,-79.403827,2017-10-04 11:47:00,Autumn,2017,10,October,Wednesday,11,11:00 to 11:59,Major Arterial,At Intersection,Traffic Signal,Clear,Daylight,Dry,Cyclist Collisions,Toronto and East York,University (79),79,Intersection,3,0,1,0,2,0,1,0,0,2,0,0,2,1,0,0,0
7001803207,Fatal,"Pedestrian, Automobile",Alcohol  Related Collision,-8832976.72907486,5427690.43062664,43.755549,-79.34798,2017-10-04 23:08:00,Autumn,2017,10,October,Wednesday,23,23:00 to 23:59,Major Arterial,Non Intersection,No Control,Clear,Dark,Dry,Pedestrian Collisions,North York,Banbury-Don Mills (42),42,Mid-Block,2,1,0,0,1,0,1,1,0,0,0,0,0,1,0,0,0
7001803830,Fatal,Pedestrian,Not Recorded,-8839016.924645301,5423036.44879015,43.725344,-79.40224,2017-10-05 03:31:00,Autumn,2017,10,October,Thursday,03,03:00 to 03:59,Major Arterial,Non Intersection,No Control,Clear,Dark,Dry,Pedestrian Collisions,North York,Lawrence Park North (105),105,Mid-Block,3,1,0,0,2,0,1,2,0,0,0,0,0,0,0,0,1
7001806475,Non-Fatal Injury,"Pedestrian, Automobile",Not Recorded,-8826196.7041686,5423210.36271,43.726473,-79.287074,2017-10-05 13:10:00,Autumn,2017,10,October,Thursday,13,13:00 to 13:59,Major Arterial,Non Intersection,No Control,Clear,Daylight,Dry,Pedestrian Collisions,Scarborough,Clairlea-Birchmount (120),120,Mid-Block,3,0,1,1,1,0,1,2,0,0,0,0,0,1,0,0,0
7001806596,Non-Fatal Injury,"Automobile, Motorcycle",Not Recorded,-8838920.07668831,5411073.83109862,43.647635,-79.40137,2017-10-05 13:30:00,Autumn,2017,10,October,Thursday,13,13:00 to 13:59,Major Arterial,At Intersection,Traffic Signal,Clear,Daylight,Dry,Turning Movement,Toronto and East York,Waterfront Communities-The Island (77),77,Mid-Block,2,0,1,0,1,0,2,0,0,0,0,0,0,1,1,0,0
7001814947,Non-Fatal Injury,"Pedestrian, Automobile","Red Light Related  Collision, Aggressive and Distracted Driving Collision",-8835564.57327733,5429961.80386594,43.770285,-79.371227,2017-10-06 18:25:00,Autumn,2017,10,October,Friday,18,18:00 to 18:59,Major Arterial,At Intersection,Traffic Signal,Clear,Daylight,Dry,Pedestrian Collisions,North York,Bayview Village (52),52,Intersection,6,0,1,5,0,0,3,1,2,0,0,0,0,3,0,0,0
7001821559,Non-Fatal Injury,"Automobile, Motorcycle",Aggressive and Distracted Driving Collision,-8837494.18533074,5412267.56491151,43.655394,-79.388561,2017-10-07 20:25:00,Autumn,2017,10,October,Saturday,20,20:00 to 20:59,Major Arterial,At Intersection,No Control,Clear,"Daylight, artificial",Dry,Turning Movement,Toronto and East York,Bay Street Corridor (76),76,Intersection,4,0,1,1,2,0,2,0,2,0,0,0,0,1,1,0,0
7001824954,Non-Fatal Injury,"Automobile, Motorcycle",Not Recorded,-8836527.59819218,5410206.51305373,43.641996999999996,-79.379878,2017-10-08 12:30:00,Autumn,2017,10,October,Sunday,12,12:00 to 12:59,Major Arterial,Non Intersection,No Control,Clear,Daylight,Dry,Rear End,Toronto and East York,Waterfront Communities-The Island (77),77,Mid-Block,2,0,1,0,1,0,2,0,0,0,0,0,0,1,1,0,0
7001831033,Non-Fatal Injury,Motorcycle,Not Recorded,-8844570.54272148,5424541.55203901,43.735114,-79.452129,2017-10-09 15:45:00,Autumn,2017,10,October,Monday,15,15:00 to 15:59,Minor Arterial,Non Intersection,No Control,Clear,Daylight,Dry,SMV Other,North York,Clanton Park (33),33,Mid-Block,1,0,1,0,0,0,1,0,0,0,0,0,0,0,1,0,0
7001831217,Non-Fatal Injury,Automobile,Not Recorded,-8837465.24226313,5415125.21381302,43.673964,-79.388301,2017-10-09 16:28:00,Autumn,2017,10,October,Monday,16,16:00 to 16:59,Major Arterial,Non Intersection,No Control,Clear,Daylight,Dry,Sideswipe,Toronto and East York,Rosedale-Moore Park (98),98,Mid-Block,2,0,1,0,1,0,2,0,0,0,0,0,0,2,0,0,0
7001838870,Non-Fatal Injury,"Pedestrian, Automobile",Not Recorded,-8824862.54007144,5438402.04630314,43.825010999999996,-79.27508900000001,2017-10-10 21:00:00,Autumn,2017,10,October,Tuesday,21,21:00 to 21:59,Major Arterial,At/Near Private Drive,Traffic Signal,Clear,"Dark, artificial",Dry,Pedestrian Collisions,Scarborough,Milliken (130),130,Mid-Block,2,0,1,0,1,0,1,1,0,0,0,0,0,1,0,0,0
7001842185,Non-Fatal Injury,Automobile,Not Recorded,-8856047.91618074,5417107.00538303,43.686839,-79.55523199999999,2017-10-11 11:40:00,Autumn,2017,10,October,Wednesday,11,11:00 to 11:59,Major Arterial,Non Intersection,No Control,Clear,Daylight,Dry,Sideswipe,Etobicoke York,Kingsview Village-The Westway (6),6,Mid-Block,4,0,1,1,2,0,3,0,1,0,0,0,0,2,0,1,0
7001844786,Non-Fatal Injury,City Vehicle,Not Recorded,-8835672.44186391,5413153.84932536,43.661153999999996,-79.372196,2017-10-11 18:47:00,Autumn,2017,10,October,Wednesday,18,18:00 to 18:59,Minor Arterial,At Intersection,Traffic Signal,Clear,"Dark, artificial",Dry,SMV Other,Toronto and East York,Moss Park (73),73,Intersection,1,0,1,0,0,0,1,0,0,0,0,0,0,0,0,1,0
7001845018,Non-Fatal Injury,"Pedestrian, Automobile",Aggressive and Distracted Driving Collision,-8842255.31995197,5419227.80102674,43.700614,-79.431331,2017-10-11 19:28:00,Autumn,2017,10,October,Wednesday,19,19:00 to 19:59,Collector,At Intersection,Stop Sign,Rain,"Dark, artificial",Wet,Pedestrian Collisions,North York,Forest Hill North (102),102,Intersection,2,0,1,0,1,0,1,1,0,0,0,0,0,1,0,0,0
7001855401,Fatal,"Cyclist, Automobile, City Vehicle",Aggressive and Distracted Driving Collision,-8842310.5344194,5409583.99563389,43.63795,-79.431827,2017-10-18 09:06:00,Autumn,2017,10,October,Wednesday,09,09:00 to 09:59,Major Arterial,At Intersection,Stop Sign,Clear,Daylight,Dry,Cyclist Collisions,Toronto and East York,South Parkdale (85),85,Intersection,3,1,0,0,2,0,2,0,0,1,0,0,1,1,0,1,0
7001875614,Non-Fatal Injury,Automobile,"Red Light Related  Collision, Aggressive and Distracted Driving Collision",-8820182.00076155,5428085.59950412,43.758113,-79.23304300000001,2017-10-16 18:00:00,Autumn,2017,10,October,Monday,18,18:00 to 18:59,Major Arterial,At Intersection,Traffic Signal,Clear,"Dark, artificial",Dry,Turning Movement,Scarborough,Woburn (137),137,Intersection,4,0,1,2,1,0,2,0,2,0,0,0,0,2,0,0,0
7001879752,Non-Fatal Injury,"Pedestrian, Automobile",Aggressive and Distracted Driving Collision,-8830589.3712753,5417673.06774757,43.690515999999995,-79.326534,2017-10-17 11:43:00,Autumn,2017,10,October,Tuesday,11,11:00 to 11:59,Minor Arterial,At Intersection,Traffic Signal,Clear,Daylight,Dry,Pedestrian Collisions,Toronto and East York,Danforth East York (59),59,Intersection,2,0,1,0,1,0,1,1,0,0,0,0,0,1,0,0,0
7001903339,Non-Fatal Injury,"Cyclist, Automobile",Not Recorded,-8840499.81158216,5432589.62501028,43.787329,-79.415561,2017-10-21 22:00:00,Autumn,2017,10,October,Saturday,22,22:00 to 22:59,Minor Arterial,Non Intersection,No Control,Clear,"Dark, artificial",Dry,Cyclist Collisions,North York,Newtonbrook East (50),50,Mid-Block,2,0,1,0,1,0,1,0,0,1,0,0,1,1,0,0,0
7001903704,Non-Fatal Injury,"Pedestrian, Automobile",Aggressive and Distracted Driving Collision,-8853072.90278929,5407613.19770551,43.625136,-79.52850699999999,2017-10-20 23:18:00,Autumn,2017,10,October,Friday,23,23:00 to 23:59,Major Arterial,At Intersection,Traffic Signal,Clear,"Dusk, artificial",Dry,Pedestrian Collisions,Etobicoke York,Islington-City Centre West (14),14,Intersection,2,0,1,0,1,0,1,1,0,0,0,0,0,1,0,0,0
7001905037,Non-Fatal Injury,Automobile,Not Recorded,-8854495.45456214,5415936.04225299,43.679232,-79.541286,2017-10-21 06:48:00,Autumn,2017,10,October,Saturday,06,06:00 to 06:59,Major Arterial,Non Intersection,No Control,Clear,"Dark, artificial",Dry,SMV Other,Etobicoke York,Princess-Rosethorn (10),10,Mid-Block,2,0,1,0,1,0,1,0,1,0,0,0,0,1,0,0,0
7001906466,Non-Fatal Injury,"Automobile, Motorcycle",Aggressive and Distracted Driving Collision,-8854144.68684665,5402722.46935531,43.593325,-79.538135,2017-10-21 13:10:00,Autumn,2017,10,October,Saturday,13,13:00 to 13:59,Major Arterial,At Intersection,Traffic Signal,Clear,Daylight,Dry,Turning Movement,Etobicoke York,Long Branch (19),19,Intersection,3,0,1,2,0,0,2,0,1,0,0,0,0,1,1,0,0
7001909817,Non-Fatal Injury,"Pedestrian, Automobile",Not Recorded,-8819819.32186055,5430098.23354788,43.77117,-79.22978499999999,2017-10-22 00:14:00,Autumn,2017,10,October,Sunday,00,00:00 to 00:59,Major Arterial,At Intersection,Traffic Signal,Clear,"Dusk, artificial",Dry,Pedestrian Collisions,Scarborough,Woburn (137),137,Intersection,2,0,1,0,1,0,1,1,0,0,0,0,0,1,0,0,0
7001912808,Non-Fatal Injury,"Automobile, Motorcycle",Not Recorded,-8840643.30240579,5423037.06495414,43.725348,-79.41685,2017-10-22 13:50:00,Autumn,2017,10,October,Sunday,13,13:00 to 13:59,Major Arterial,Intersection Related,No Control,Clear,Daylight,Dry,Sideswipe,North York,Bedford Park-Nortown (39),39,Intersection,2,0,1,0,1,0,2,0,0,0,0,0,0,1,1,0,0
7001914819,Non-Fatal Injury,"Pedestrian, City Vehicle",Not Recorded,-8839679.38693501,5410319.73051327,43.642733,-79.408191,2017-10-22 20:07:00,Autumn,2017,10,October,Sunday,20,20:00 to 20:59,Major Arterial,Non Intersection,No Control,Clear,"Dark, artificial",Dry,Pedestrian Collisions,Toronto and East York,Niagara (82),82,Mid-Block,2,0,1,0,1,0,1,1,0,0,0,0,0,0,0,1,0
7001916414,Non-Fatal Injury,Automobile,Aggressive and Distracted Driving Collision,-8839847.5906856,5420059.47064547,43.706015,-79.409702,2017-10-23 04:27:00,Autumn,2017,10,October,Monday,04,04:00 to 04:59,Major Arterial,Intersection Related,No Control,Clear,"Dark, artificial",Dry,SMV Other,North York,Yonge-Eglinton (100),100,Intersection,1,0,1,0,0,0,1,0,0,0,0,0,0,1,0,0,0
7001917146,Non-Fatal Injury,"Pedestrian, Automobile","Speeding  Related Collision, Aggressive and Distracted Driving Collision",-8828765.84669662,5428215.990454401,43.758959000000004,-79.310153,2017-10-23 08:33:00,Autumn,2017,10,October,Monday,08,08:00 to 08:59,Major Arterial,At Intersection,Traffic Signal,Clear,Daylight,Dry,Pedestrian Collisions,Scarborough,Wexford/Maryvale (119),119,Intersection,4,0,1,0,3,0,3,1,0,0,0,0,0,3,0,0,0
7001941212,Non-Fatal Injury,"Pedestrian, Automobile",Aggressive and Distracted Driving Collision,-8840992.40032892,5431560.39319092,43.780654,-79.419986,2017-10-26 19:04:00,Autumn,2017,10,October,Thursday,19,19:00 to 19:59,Collector,At Intersection,No Control,Clear,"Dark, artificial",Dry,Pedestrian Collisions,North York,Newtonbrook West (36),36,Intersection,2,0,1,0,1,0,1,1,0,0,0,0,0,1,0,0,0
7001954444,Non-Fatal Injury,"Cyclist, Automobile",Not Recorded,-8859035.84263312,5425786.33621834,43.743193,-79.582073,2017-10-27 20:31:00,Autumn,2017,10,October,Friday,20,20:00 to 20:59,Major Arterial,At Intersection,Traffic Signal,Clear,Dark,Dry,Cyclist Collisions,Etobicoke York,Thistletown-Beaumond Heights (3),3,Intersection,2,0,1,1,0,0,1,0,0,1,0,0,1,1,0,0,0
7001964937,Non-Fatal Injury,"Pedestrian, Automobile",Aggressive and Distracted Driving Collision,-8825406.0018255,5428785.20090972,43.762652,-79.279971,2017-10-30 14:23:00,Autumn,2017,10,October,Monday,14,14:00 to 14:59,Major Arterial,At/Near Private Drive,No Control,Clear,Daylight,Dry,Pedestrian Collisions,Scarborough,Dorset Park (126),126,Mid-Block,2,0,1,0,1,0,1,1,0,0,0,0,0,1,0,0,0
7001974417,Fatal,Automobile,Aggressive and Distracted Driving Collision,-8849283.25336422,5431692.06677627,43.781508,-79.49446400000001,2017-10-31 22:23:00,Autumn,2017,10,October,Tuesday,22,22:00 to 22:59,Major Arterial,At Intersection,Traffic Signal,Other,Dark,Other,Turning Movement,Etobicoke York,York University Heights (27),27,Intersection,3,1,1,0,1,0,2,0,1,0,0,0,0,2,0,0,0
7001980351,Non-Fatal Injury,"Pedestrian, Automobile",Not Recorded,-8847881.07305819,5423128.103636099,43.725939000000004,-79.481868,2017-11-01 19:03:00,Autumn,2017,11,November,Wednesday,19,19:00 to 19:59,Major Arterial,Non Intersection,Traffic Controller,Clear,"Daylight, artificial",Wet,Pedestrian Collisions,North York,Downsview-Roding-CFB (26),26,Mid-Block,2,0,1,0,1,0,1,1,0,0,0,0,0,1,0,0,0
7001983024,Fatal,Automobile,"Speeding  Related Collision, Aggressive and Distracted Driving Collision",-8856602.50988388,5407010.69172589,43.621218,-79.560214,2017-11-02 08:40:00,Autumn,2017,11,November,Thursday,08,08:00 to 08:59,Minor Arterial,Non Intersection,No Control,<Null>,Daylight,<Null>,Approaching,Etobicoke York,Islington-City Centre West (14),14,Mid-Block,2,1,0,1,0,0,2,0,0,0,0,0,0,2,0,0,0
7001983803,Non-Fatal Injury,"Pedestrian, Truck",Not Recorded,-8842052.38452025,5410610.77958765,43.644625,-79.429508,2017-11-02 10:47:00,Autumn,2017,11,November,Thursday,10,10:00 to 10:59,Minor Arterial,At Intersection,No Control,Clear,Daylight,Wet,Pedestrian Collisions,Toronto and East York,Little Portugal (84),84,Intersection,2,0,1,0,1,0,1,1,0,0,0,0,0,0,0,1,0
7001987033,Non-Fatal Injury,Automobile,Not Recorded,-8849806.45497094,5413815.54069257,43.665454,-79.49916400000001,2017-11-02 11:00:00,Autumn,2017,11,November,Thursday,11,11:00 to 11:59,Major Arterial,At Intersection,Yield Sign,Clear,Daylight,Wet,Rear End,Toronto and East York,Lambton Baby Point (114),114,Intersection,2,0,1,0,1,0,2,0,0,0,0,0,0,2,0,0,0
7001988112,Non-Fatal Injury,"Pedestrian, City Vehicle",Not Recorded,-8841600.53870712,5410330.34472122,43.642802,-79.425449,2017-11-02 22:15:00,Autumn,2017,11,November,Thursday,22,22:00 to 22:59,Major Arterial,Non Intersection,No Control,Rain,Dark,Wet,Pedestrian Collisions,Toronto and East York,Little Portugal (84),84,Mid-Block,2,0,1,0,1,0,1,1,0,0,0,0,0,0,0,1,0
7001989464,Non-Fatal Injury,"Pedestrian, Automobile",Aggressive and Distracted Driving Collision,-8846564.60876006,5432571.42935252,43.787211,-79.470042,2017-11-03 06:49:00,Autumn,2017,11,November,Friday,06,06:00 to 06:59,Major Arterial,At Intersection,Traffic Signal,Rain,"Dark, artificial",Wet,Pedestrian Collisions,North York,Bathurst Manor (34),34,Intersection,2,0,1,0,1,0,1,1,0,0,0,0,0,1,0,0,0
7001989594,Non-Fatal Injury,"Pedestrian, Automobile",Not Recorded,-8859828.99400503,5425462.45121432,43.741091,-79.589198,2017-11-03 07:25:00,Autumn,2017,11,November,Friday,07,07:00 to 07:59,Major Arterial,Non Intersection,No Control,Clear,"Dawn, artificial",Wet,Pedestrian Collisions,Etobicoke York,Mount Olive-Silverstone-Jamestown (2),2,Mid-Block,2,0,1,0,1,0,1,1,0,0,0,0,0,1,0,0,0
7001991111,Non-Fatal Injury,"Pedestrian, Automobile",Not Recorded,-8824623.87108318,5430364.16161182,43.772895,-79.27294499999999,2017-11-03 12:02:00,Autumn,2017,11,November,Friday,12,12:00 to 12:59,Major Arterial,At Intersection,Traffic Signal,Clear,Daylight,Dry,Pedestrian Collisions,Scarborough,Bendale (127),127,Intersection,2,0,1,0,1,0,1,1,0,0,0,0,0,1,0,0,0
7002024168,Non-Fatal Injury,"Pedestrian, Automobile",Aggressive and Distracted Driving Collision,-8853637.62656609,5420320.95159918,43.707713,-79.53358,2017-11-08 16:04:00,Autumn,2017,11,November,Wednesday,16,16:00 to 16:59,Major Arterial,At Intersection,Traffic Signal,Clear,Daylight,Dry,Pedestrian Collisions,Etobicoke York,Weston (113),113,Intersection,2,0,1,0,1,0,1,1,0,0,0,0,0,1,0,0,0
7002025111,Non-Fatal Injury,"Cyclist, Automobile",Aggressive and Distracted Driving Collision,-8847367.22228868,5417951.41627984,43.692324,-79.47725200000001,2017-11-08 18:38:00,Autumn,2017,11,November,Wednesday,18,18:00 to 18:59,Minor Arterial,Non Intersection,No Control,Clear,"Dark, artificial",Dry,Cyclist Collisions,Etobicoke York,Beechborough-Greenbrook (112),112,Intersection,2,0,1,0,1,0,1,0,0,1,0,0,1,1,0,0,0
7002025580,Non-Fatal Injury,Automobile,Aggressive and Distracted Driving Collision,-8849283.25336422,5431692.06677627,43.781508,-79.49446400000001,2017-11-08 20:09:00,Autumn,2017,11,November,Wednesday,20,20:00 to 20:59,Major Arterial,At Intersection,Traffic Signal,Clear,"Dark, artificial",Dry,Turning Movement,Etobicoke York,York University Heights (27),27,Intersection,2,0,1,0,1,0,2,0,0,0,0,0,0,2,0,0,0
7002034653,Non-Fatal Injury,"Pedestrian, Automobile",Not Recorded,-8840324.81734263,5430489.34315852,43.773707,-79.413989,2017-11-10 09:00:00,Autumn,2017,11,November,Friday,09,09:00 to 09:59,Major Arterial,At Intersection,Traffic Signal,Clear,Daylight,Wet,Pedestrian Collisions,North York,Willowdale East (51),51,Intersection,6,0,1,0,5,0,3,1,2,0,0,0,0,3,0,0,0
7002038270,Non-Fatal Injury,"Pedestrian, Automobile",Aggressive and Distracted Driving Collision,-8833229.75827743,5418081.8180638,43.693171,-79.35025300000001,2017-11-10 18:50:00,Autumn,2017,11,November,Friday,18,18:00 to 18:59,Major Arterial,At Intersection,Traffic Signal,Clear,"Dark, artificial",Dry,Pedestrian Collisions,Toronto and East York,Old East York (58),58,Intersection,2,0,1,0,1,0,1,1,0,0,0,0,0,1,0,0,0
7002039286,Fatal,"Pedestrian, Automobile",Not Recorded,-8826756.41856831,5425125.78927453,43.738906,-79.292102,2017-11-10 22:33:00,Autumn,2017,11,November,Friday,22,22:00 to 22:59,Major Arterial,Non Intersection,No Control,Clear,"Dark, artificial",Dry,Pedestrian Collisions,Scarborough,Wexford/Maryvale (119),119,Mid-Block,2,1,0,0,1,0,1,1,0,0,0,0,0,1,0,0,0
7002045766,Non-Fatal Injury,"Pedestrian, Automobile",Not Recorded,-8842460.81573197,5410457.71616745,43.64363,-79.433177,2017-11-12 01:38:00,Autumn,2017,11,November,Sunday,01,01:00 to 01:59,Collector,At Intersection,No Control,Clear,"Dark, artificial",Dry,Pedestrian Collisions,Toronto and East York,Roncesvalles (86),86,Intersection,2,0,1,0,1,0,1,1,0,0,0,0,0,1,0,0,0
7002059893,Non-Fatal Injury,"Automobile, City Vehicle",Aggressive and Distracted Driving Collision,-8823306.62754863,5439824.78324414,43.834231,-79.261112,2017-11-14 10:54:00,Autumn,2017,11,November,Tuesday,10,10:00 to 10:59,Major Arterial,At Intersection,Traffic Signal,Clear,Daylight,Dry,Rear End,Scarborough,Milliken (130),130,Intersection,2,0,1,0,1,0,2,0,0,0,0,0,0,1,0,1,0
7003008719,Non-Fatal Injury,"Pedestrian, Automobile",Not Recorded,-8834904.6713359,5433043.14025481,43.79027,-79.365299,2017-11-16 11:20:00,Autumn,2017,11,November,Thursday,11,11:00 to 11:59,Major Arterial,At Intersection,No Control,Clear,Daylight,Dry,Pedestrian Collisions,North York,Don Valley Village (47),47,Intersection,3,0,2,0,1,0,1,2,0,0,0,0,0,1,0,0,0
7003011875,Non-Fatal Injury,"Pedestrian, Automobile",Aggressive and Distracted Driving Collision,-8850042.56361092,5429107.50705599,43.764743,-79.501285,2017-11-15 21:00:00,Autumn,2017,11,November,Wednesday,21,21:00 to 21:59,Minor Arterial,At Intersection,Traffic Signal,Clear,"Dark, artificial",Dry,Pedestrian Collisions,Etobicoke York,York University Heights (27),27,Intersection,2,0,1,0,1,0,1,1,0,0,0,0,0,1,0,0,0
7003025582,Non-Fatal Injury,Automobile,"Red Light Related  Collision, Aggressive and Distracted Driving Collision",-8820364.56472645,5432053.1765886,43.78385,-79.23468299999999,2017-11-19 01:45:00,Autumn,2017,11,November,Sunday,01,01:00 to 01:59,Major Arterial,At Intersection,Traffic Signal,Rain,"Dark, artificial",Wet,Turning Movement,Scarborough,Woburn (137),137,Intersection,5,0,1,3,1,0,3,0,0,0,2,0,0,3,0,0,0
7003035301,Non-Fatal Injury,Automobile,Aggressive and Distracted Driving Collision,-8816802.67497954,5435910.77997844,43.808863,-79.202686,2017-11-20 18:09:00,Autumn,2017,11,November,Monday,18,18:00 to 18:59,Major Arterial,At Intersection,Traffic Signal,Clear,"Dark, artificial",Dry,Turning Movement,Scarborough,Rouge (131),131,Intersection,3,0,1,1,1,0,2,0,1,0,0,0,0,2,0,0,0
7003043829,Non-Fatal Injury,"Pedestrian, Automobile",Aggressive and Distracted Driving Collision,-8836891.94688555,5409939.01154995,43.640258,-79.383151,2017-11-21 23:19:00,Autumn,2017,11,November,Tuesday,23,23:00 to 23:59,Expressway,At Intersection,Traffic Signal,Clear,"Dark, artificial",Dry,Pedestrian Collisions,Toronto and East York,Waterfront Communities-The Island (77),77,Intersection,3,0,1,0,2,0,1,2,0,0,0,0,0,1,0,0,0
7003055739,Non-Fatal Injury,"Pedestrian, Automobile",Not Recorded,-8821194.34021082,5432482.61038616,43.786635,-79.242137,2017-11-23 16:30:00,Autumn,2017,11,November,Thursday,16,16:00 to 16:59,Minor Arterial,Intersection Related,No Control,Clear,Dusk,Dry,Pedestrian Collisions,Scarborough,Agincourt South-Malvern West (128),128,Intersection,2,0,1,0,1,0,1,1,0,0,0,0,0,1,0,0,0
7003056643,Non-Fatal Injury,"Cyclist, Automobile",Not Recorded,-8826429.47322385,5416099.35553061,43.680293,-79.289165,2017-11-23 18:56:00,Autumn,2017,11,November,Thursday,18,18:00 to 18:59,Major Arterial,At Intersection,No Control,Clear,Dark,Dry,Cyclist Collisions,Toronto and East York,The Beaches (63),63,Intersection,2,0,1,0,1,0,1,0,0,1,0,0,1,1,0,0,0
7003059433,Non-Fatal Injury,"Pedestrian, Automobile",Aggressive and Distracted Driving Collision,-8854587.96105899,5424952.30146542,43.73778,-79.542117,2017-11-24 08:40:00,Autumn,2017,11,November,Friday,08,08:00 to 08:59,Local,At Intersection,Stop Sign,Clear,Daylight,Dry,Pedestrian Collisions,Etobicoke York,Humbermede (22),22,Intersection,3,0,2,0,1,0,1,2,0,0,0,0,0,1,0,0,0
7003060621,Fatal,"Pedestrian, Automobile, Truck",Not Recorded,-8830111.14274285,5430743.41142473,43.775355,-79.322238,2017-11-24 11:48:00,Autumn,2017,11,November,Friday,11,11:00 to 11:59,Major Arterial,Non Intersection,No Control,Clear,Daylight,Dry,Pedestrian Collisions,Scarborough,Tam O'Shanter-Sullivan (118),118,Mid-Block,2,1,0,0,1,0,1,1,0,0,0,0,0,0,0,1,0
7003071478,Non-Fatal Injury,"Cyclist, Automobile",Not Recorded,-8855863.68242348,5408250.34667019,43.629279,-79.553577,2017-11-25 23:51:00,Autumn,2017,11,November,Saturday,23,23:00 to 23:59,Major Arterial,Non Intersection,No Control,Clear,"Dark, artificial",Dry,Cyclist Collisions,Etobicoke York,Islington-City Centre West (14),14,Mid-Block,2,0,1,0,1,0,1,0,0,1,0,0,1,1,0,0,0